material,score
CoCr,31.14657349
CoCr,30.73827163
CoCr,32.55021309
CoCr,31.93624024
CoCr,32.70138114
CoCr,31.84485331
CoCr,30.79469792
CoCr,32.40925438
CoCr,33.84996217
CoCr,29.55447099
CoCr,30.94730182
CoCr,33.48228677
CoCr,33.22626798
CoCr,32.3965662
CoCr,30.20394791
CoCr,32.80374908
CoCr,31.86086473
CoCr,32.85219985
CoCr,31.76340678
CoCr,31.51903894
CoCr,32.54376581
CoCr,32.22834198
CoCr,33.42294975
CoCr,33.31924764
CoCr,31.44432535
CoCr,32.25498504
CoCr,34.47290791
CoCr,31.78209997
CoCr,35.02579588
CoCr,31.38516002
CoCr,29.29071736
CoCr,30.62357368
CoCr,34.22749554
CoCr,31.10686088
CoCr,31.97810533
CoCr,30.76654348
CoCr,33.77210748
CoCr,33.80357005
CoCr,32.89758652
CoCr,33.98900464
CoCr,30.17050391
CoCr,31.37353528
CoCr,34.10356973
CoCr,29.88542753
CoCr,33.34993864
CoCr,32.92788639
CoCr,35.47187369
CoCr,31.40274549
CoCr,31.92292733
CoCr,34.02498325
CoCr,31.38066393
CoCr,30.60376399
CoCr,30.93658293
CoCr,32.06908677
CoCr,36.00466805
CoCr,34.8891324
CoCr,32.89885422
CoCr,34.95460371
CoCr,36.91882152
CoCr,32.38352912
CoCr,31.19534002
CoCr,31.20026062
CoCr,35.43035516
CoCr,33.01629317
CoCr,32.62916764
CoCr,30.78870226
CoCr,31.79647036
CoCr,31.34034232
CoCr,33.67061139
CoCr,32.51576051
CoCr,33.05908435
CoCr,32.0800195
CoCr,31.15018077
CoCr,29.29858465
CoCr,31.09020376
CoCr,31.26122183
CoCr,32.96508194
CoCr,31.11140087
CoCr,28.53078386
CoCr,30.01511566
CoCr,31.76405922
CoCr,31.98472056
CoCr,32.8374171
CoCr,32.73179638
CoCr,35.18606561
CoCr,29.21047448
CoCr,33.04892869
CoCr,31.12617509
CoCr,34.45665664
CoCr,30.79228169
CoCr,31.05217973
CoCr,30.71609127
CoCr,33.26841738
CoCr,35.31017303
CoCr,34.36129419
CoCr,34.64712124
CoCr,33.00676836
CoCr,31.9340809
CoCr,36.23709736
CoCr,33.71187317
CoCr,35.12626913
CoCr,32.87499041
CoCr,35.62220892
CoCr,32.77662855
CoCr,34.07759364
CoCr,29.67244558
CoCr,32.91252051
CoCr,33.87381882
CoCr,33.80301133
CoCr,33.45949148
CoCr,31.13836849
CoCr,31.89529641
CoCr,34.24812992
CoCr,31.6035363
CoCr,30.7370009
CoCr,33.81071015
CoCr,32.57559841
CoCr,36.37854305
CoCr,31.71669849
CoCr,30.05712163
CoCr,31.97521885
CoCr,35.58530924
CoCr,31.51452428
CoCr,30.90173564
CoCr,31.02151356
CoCr,32.02334073
CoCr,31.37034137
CoCr,31.62666164
CoCr,31.92602437
CoCr,30.6139034
CoCr,35.39039604
CoCr,31.28168291
CoCr,31.62970325
CoCr,29.40391723
CoCr,34.62477681
CoCr,33.90667175
CoCr,38.59650272
CoCr,31.62006031
CoCr,33.11485196
CoCr,36.00092357
CoCr,29.44204918
CoCr,32.0785632
CoCr,35.33461533
CoCr,33.36408796
CoCr,31.72361685
CoCr,31.65770224
CoCr,33.04175279
CoCr,30.6750167
CoCr,34.34250134
CoCr,32.13722628
CoCr,30.35565436
CoCr,33.22298239
CoCr,34.49097983
CoCr,34.78299655
CoCr,32.53705262
CoCr,34.18530957
CoCr,33.59289536
CoCr,35.54873472
CoCr,33.06059587
CoCr,35.00616099
CoCr,31.21122142
CoCr,32.85650378
CoCr,33.17446003
CoCr,34.32244405
CoCr,33.55971982
CoCr,32.30031328
CoCr,30.55789643
CoCr,33.64044431
CoCr,32.42556735
CoCr,32.59036212
CoCr,34.15893298
CoCr,33.76250986
CoCr,30.20002409
CoCr,33.79245687
CoCr,31.201237
CoCr,29.47189266
CoCr,34.01837844
CoCr,31.33684719
CoCr,35.19377521
CoCr,32.16320431
CoCr,33.66028765
CoCr,30.44130427
CoCr,29.84182685
CoCr,30.769389
CoCr,32.27007351
CoCr,35.51395146
CoCr,31.5154845
CoCr,33.05737928
CoCr,31.82217589
CoCr,33.17356391
CoCr,31.67931961
CoCr,30.94282455
CoCr,31.75990755
CoCr,31.87404377
CoCr,33.39591966
CoCr,34.49329553
CoCr,30.08482577
CoCr,32.92687169
CoCr,29.90688758
CoCr,31.61027878
CoCr,33.25590818
CoCr,35.56604928
CoCr,32.30947752
CoCr,32.18788802
CoCr,33.41836738
CoCr,32.89088029
CoCr,31.86385132
CoCr,32.8158891
CoCr,30.95559111
CoCr,32.48992896
CoCr,31.62756775
CoCr,31.19523968
CoCr,29.93597672
CoCr,34.16192032
CoCr,33.12720466
CoCr,29.00574086
CoCr,34.37627703
CoCr,32.27771777
CoCr,33.88124863
CoCr,32.02988285
CoCr,32.49946208
CoCr,34.53226877
CoCr,30.90819387
CoCr,32.67301793
CoCr,31.03089724
CoCr,31.29259034
CoCr,30.52022505
CoCr,30.93357522
CoCr,33.90821696
CoCr,30.97277909
CoCr,32.20569938
CoCr,33.42275804
CoCr,30.39530523
CoCr,31.46326525
CoCr,32.56342918
CoCr,31.44810989
CoCr,33.12512328
CoCr,32.304108
CoCr,33.57712094
CoCr,31.77422481
CoCr,35.89668716
CoCr,31.64919905
CoCr,31.94810082
CoCr,32.50156887
CoCr,33.10285091
CoCr,31.15784186
CoCr,33.60966953
CoCr,35.6411792
CoCr,34.33025616
CoCr,33.6134468
CoCr,34.02771265
CoCr,31.63150498
CoCr,34.1571472
CoCr,32.23328873
CoCr,30.51621047
CoCr,30.12426728
CoCr,31.69096637
CoCr,36.14863932
CoCr,30.44048607
CoCr,33.45644358
CoCr,31.59487248
CoCr,31.25974495
CoCr,31.14672873
CoCr,34.32784079
CoCr,37.66711809
CoCr,31.44176605
CoCr,33.41649792
CoCr,31.42364337
CoCr,32.79230153
CoCr,32.87611047
CoCr,31.49773528
CoCr,33.65843229
CoCr,29.88435686
CoCr,33.77561603
CoCr,35.30655859
CoCr,31.24199098
CoCr,33.80199793
CoCr,33.33406271
CoCr,32.31435462
CoCr,35.37673151
CoCr,30.35221022
CoCr,35.6837338
CoCr,34.74195345
CoCr,31.2065388
CoCr,36.89875915
CoCr,32.70713869
CoCr,35.10805533
CoCr,33.89536285
CoCr,35.14207816
CoCr,35.37755739
CoCr,33.6202546
CoCr,30.01753391
CoCr,34.6216745
CoCr,33.72100428
CoCr,35.61974674
CoCr,31.15449734
CoCr,31.00995253
CoCr,34.79318954
CoCr,33.12255346
CoCr,33.10164533
CoCr,30.82408669
CoCr,35.11983902
CoCr,32.87020025
CoCr,32.24480555
CoCr,32.87137988
CoCr,32.46248712
CoCr,29.20817324
CoCr,32.01929225
CoCr,32.30405699
CoCr,31.86386615
CoCr,31.32616975
CoCr,31.60774485
CoCr,31.35275923
CoCr,34.14774593
CoCr,30.87256507
CoCr,29.60207568
CoCr,31.77197155
CoCr,32.83940929
CoCr,32.3186048
CoCr,34.11939553
CoCr,31.11612436
CoCr,35.10944558
CoCr,31.43798333
CoCr,31.2914024
CoCr,28.59887975
CoCr,31.70281208
CoCr,33.65368523
CoCr,30.81508249
CoCr,32.35790632
CoCr,31.8154298
CoCr,33.3900189
CoCr,36.63345501
CoCr,32.50779421
CoCr,32.29188609
CoCr,31.93033598
CoCr,32.79253614
CoCr,34.0657384
CoCr,30.20955352
CoCr,30.60027274
CoCr,33.25210985
CoCr,32.21972931
CoCr,30.19446887
CoCr,30.46181423
CoCr,30.90702475
CoCr,33.2806486
CoCr,33.51863336
CoCr,33.46211357
CoCr,33.24141559
CoCr,32.11981055
CoCr,34.29557351
CoCr,34.16756017
CoCr,34.05508396
CoCr,31.05609146
CoCr,33.58849922
CoCr,33.64774799
CoCr,35.07770967
CoCr,30.86368294
CoCr,34.57800015
CoCr,32.43303308
CoCr,28.29875033
CoCr,32.94597134
CoCr,31.22181995
CoCr,31.93895939
CoCr,32.90886475
CoCr,30.44730543
CoCr,32.49165028
CoCr,31.46235741
CoCr,30.62785582
CoCr,34.02950328
CoCr,33.68544214
CoCr,34.43497194
CoCr,31.98923168
CoCr,35.59188329
CoCr,31.7803357
CoCr,35.03714781
CoCr,31.93099966
CoCr,32.10741504
CoCr,32.28322349
CoCr,32.84473762
CoCr,33.09048995
CoCr,39.64000921
CoCr,33.39750508
CoCr,32.83047903
CoCr,35.41640807
CoCr,31.34079708
CoCr,32.85572357
CoCr,31.80678341
CoCr,31.80968041
CoCr,32.32638335
CoCr,30.888464
CoCr,31.95597377
CoCr,33.98985012
CoCr,29.55872527
CoCr,31.74878458
CoCr,33.19037602
CoCr,32.10269416
CoCr,31.77666882
CoCr,31.22370313
CoCr,31.41959935
CoCr,28.54786356
CoCr,34.12469443
CoCr,31.36317093
CoCr,32.57039265
CoCr,33.58622929
CoCr,31.96029292
CoCr,33.6512038
CoCr,32.91616298
CoCr,33.41561614
CoCr,30.91139022
CoCr,34.20167139
CoCr,32.5163191
CoCr,34.8688798
CoCr,32.25372547
CoCr,32.14115706
CoCr,34.2795203
CoCr,32.50154338
CoCr,34.0404234
CoCr,35.39907724
CoCr,34.55531396
CoCr,31.82162575
CoCr,31.13643976
CoCr,31.17111588
CoCr,30.3176026
CoCr,33.73393063
CoCr,35.50121254
CoCr,31.13713841
CoCr,33.8591956
CoCr,33.05027625
CoCr,31.83791227
CoCr,31.03380762
CoCr,32.66904749
CoCr,33.8134757
CoCr,29.5432726
CoCr,31.09742153
CoCr,30.29710248
CoCr,33.68112092
CoCr,33.02580622
CoCr,35.89470709
CoCr,31.44378177
CoCr,31.00818417
CoCr,31.09050618
CoCr,34.763589
CoCr,33.246736
CoCr,32.66607312
CoCr,33.13041236
CoCr,34.11795273
CoCr,34.40143173
CoCr,30.47715246
CoCr,32.0082313
CoCr,31.99345543
CoCr,31.31560311
CoCr,31.48273526
CoCr,36.11413608
CoCr,34.39039195
CoCr,34.23768124
CoCr,32.21045589
CoCr,32.0887049
CoCr,34.57118241
CoCr,32.37211772
CoCr,32.35460543
CoCr,32.42400467
CoCr,33.76021155
CoCr,32.56705072
CoCr,31.13268112
CoCr,31.20929669
CoCr,30.52929695
CoCr,33.05457955
CoCr,31.21681122
CoCr,32.5095786
CoCr,28.64685203
CoCr,29.66664572
CoCr,34.36434701
CoCr,32.9708192
CoCr,33.2922084
CoCr,32.77786698
CoCr,31.12353894
CoCr,32.40564121
CoCr,33.26723333
CoCr,32.62361008
CoCr,35.7567046
CoCr,32.34444892
CoCr,34.40505028
CoCr,32.97989811
CoCr,32.60012539
CoCr,36.95682615
CoCr,31.80246244
CoCr,29.36249993
CoCr,32.09790421
CoCr,31.78622778
CoCr,31.09608823
CoCr,29.44471871
CoCr,32.65931683
CoCr,31.71849182
CoCr,31.45488725
CoCr,31.24727339
CoCr,31.91940465
CoCr,30.25701867
CoCr,32.59079285
CoCr,32.6962422
CoCr,31.36741657
CoCr,29.94034325
CoCr,31.96900203
CoCr,33.9692329
CoCr,31.05190223
CoCr,30.62622738
CoCr,32.26194645
CoCr,31.32734743
CoCr,30.40497986
CoCr,32.11388263
CoCr,34.64755246
CoCr,33.50378392
CoCr,32.86631007
CoCr,35.31579515
CoCr,37.99537198
CoCr,30.97040055
CoCr,32.99501849
CoCr,31.92907421
CoCr,30.91555179
CoCr,34.29794634
CoCr,32.59365967
CoCr,33.99779664
CoCr,35.11369956
CoCr,33.828761
CoCr,31.62479079
CoCr,31.85227171
CoCr,35.73239819
CoCr,34.19274626
CoCr,34.55853842
CoCr,32.36366196
CoCr,33.78176278
CoCr,35.27423602
CoCr,32.86815439
CoCr,36.08698987
CoCr,33.01499414
CoCr,34.2097073
CoCr,31.7948657
CoCr,30.47239561
CoCr,31.90388173
CoCr,33.51530251
CoCr,33.49585438
CoCr,32.13476379
CoCr,33.75234731
CoCr,30.90239384
CoCr,31.92477597
CoCr,33.12248336
CoCr,32.12775171
CoCr,35.95871659
CoCr,29.31269439
CoCr,33.04340177
CoCr,31.61917913
CoCr,31.93136492
CoCr,31.82298477
CoCr,34.4369769
CoCr,34.43218916
CoCr,36.55087464
CoCr,35.0964555
CoCr,32.94641843
CoCr,33.66697713
CoCr,29.8196441
CoCr,33.75726881
CoCr,33.09288466
CoCr,33.56030683
CoCr,31.62606084
CoCr,36.01613421
CoCr,31.59712094
CoCr,30.99291445
CoCr,33.1088949
CoCr,30.60937501
CoCr,32.32326152
CoCr,36.61961154
CoCr,31.48465587
CoCr,31.67134601
CoCr,35.17776043
CoCr,35.00862563
CoCr,31.9606654
CoCr,32.03026403
CoCr,34.93362299
CoCr,33.18648937
CoCr,32.32164201
CoCr,31.11485528
CoCr,30.23254744
CoCr,33.08433758
CoCr,35.54680315
CoCr,32.8473291
CoCr,30.81136963
CoCr,33.95279483
CoCr,32.49217665
CoCr,32.30850747
CoCr,32.24469587
CoCr,37.89986736
CoCr,31.46098748
CoCr,31.55571483
CoCr,32.25254699
CoCr,31.71134374
CoCr,31.3568081
CoCr,31.93858349
CoCr,35.58249909
CoCr,32.99900959
CoCr,33.54147546
CoCr,33.26592826
CoCr,33.28132916
CoCr,32.70250179
CoCr,30.23000505
CoCr,30.04185138
CoCr,33.69334084
CoCr,32.98826855
CoCr,31.96639866
CoCr,32.00556389
CoCr,30.97584405
CoCr,35.81569679
CoCr,30.76444325
CoCr,31.71452129
CoCr,32.48199221
CoCr,33.56240443
CoCr,32.96396194
CoCr,34.36189659
CoCr,34.90642628
CoCr,31.64618966
CoCr,31.96074097
CoCr,31.56056834
CoCr,32.90711898
CoCr,33.09210587
CoCr,33.39833057
CoCr,32.25671764
CoCr,30.4683415
CoCr,36.32682618
CoCr,32.46167884
CoCr,31.19260084
CoCr,35.2003582
CoCr,32.16445949
CoCr,34.9679519
CoCr,33.1328409
CoCr,34.99094403
CoCr,31.40559878
CoCr,34.2958435
CoCr,30.4778019
CoCr,31.73884795
CoCr,34.30492893
CoCr,34.90413365
CoCr,33.57557341
CoCr,37.57825792
CoCr,31.48688616
CoCr,31.43267469
CoCr,31.46261646
CoCr,35.98377129
CoCr,30.39365696
CoCr,32.16946905
CoCr,35.11071262
CoCr,35.67464382
CoCr,30.37276399
CoCr,34.92555225
CoCr,34.07448408
CoCr,32.39785782
CoCr,32.59839048
CoCr,33.45279737
CoCr,33.63896879
CoCr,36.25552953
CoCr,31.91596264
CoCr,32.85083994
CoCr,31.56948643
CoCr,32.19259762
CoCr,30.05459051
CoCr,31.55383004
CoCr,31.30783978
CoCr,33.25942879
CoCr,31.16595316
CoCr,30.95751307
CoCr,34.45013262
CoCr,35.91841096
CoCr,32.44650212
CoCr,34.09803055
CoCr,31.87147037
CoCr,29.30565761
CoCr,31.06492375
CoCr,31.45511485
CoCr,33.61983804
CoCr,34.50932055
CoCr,32.07970789
CoCr,30.50047556
CoCr,30.80170219
CoCr,30.69446897
CoCr,35.45422863
CoCr,33.13333864
CoCr,32.46642303
CoCr,34.6489791
CoCr,32.02026667
CoCr,31.09449825
CoCr,30.54520327
CoCr,31.8868883
CoCr,33.40846247
CoCr,32.19451913
CoCr,33.39300008
CoCr,31.35291755
CoCr,34.64654225
CoCr,32.10464051
CoCr,32.28590561
CoCr,30.89428534
CoCr,32.39492269
CoCr,32.52626544
CoCr,31.32139247
CoCr,36.73347952
CoCr,31.39455937
CoCr,30.76709458
CoCr,31.9422914
CoCr,34.35024761
CoCr,30.13700664
CoCr,32.61556126
CoCr,31.90740963
CoCr,32.44088002
CoCr,30.49068981
CoCr,32.03522445
CoCr,32.9065706
CoCr,34.69765642
CoCr,32.84384632
CoCr,35.89634292
CoCr,35.32091534
CoCr,33.26476029
CoCr,32.03051226
CoCr,31.48264212
CoCr,32.78170589
CoCr,33.2342305
CoCr,32.18973797
CoCr,33.23180095
CoCr,31.49162845
CoCr,31.88707718
CoCr,33.11751927
CoCr,34.13335854
CoCr,32.78844983
CoCr,33.76718751
CoCr,34.37641807
CoCr,30.84621072
CoCr,35.72786744
CoCr,30.50558073
CoCr,33.09376226
CoCr,33.49579445
CoCr,32.2118701
CoCr,33.34562751
CoCr,34.18322203
CoCr,34.16231157
CoCr,31.76693519
CoCr,34.23766344
CoCr,33.35226432
CoCr,30.46766281
CoCr,32.82490556
CoCr,32.55024849
CoCr,33.05598198
CoCr,32.15047193
CoCr,31.06158937
CoCr,32.93956546
CoCr,29.63788339
CoCr,36.1139856
CoCr,32.23060961
CoCr,33.06963598
CoCr,33.79078398
CoCr,33.79174167
CoCr,35.73419346
CoCr,34.11598753
CoCr,33.83240554
CoCr,34.76310229
CoCr,33.92863374
CoCr,32.87266627
CoCr,33.30983623
CoCr,30.31135938
CoCr,29.24827871
CoCr,34.25598209
CoCr,31.54988804
CoCr,34.27253935
CoCr,28.78944991
CoCr,32.03151804
CoCr,34.12511122
CoCr,31.6032691
CoCr,35.3588557
CoCr,32.52883165
CoCr,34.02192878
CoCr,32.11027413
CoCr,33.42512834
CoCr,32.67640184
CoCr,32.73886255
CoCr,31.25509216
CoCr,37.81172933
CoCr,35.97883337
CoCr,31.39053221
CoCr,30.20961713
CoCr,34.97186879
CoCr,33.3726459
CoCr,32.39459098
CoCr,33.12839246
CoCr,31.13056197
CoCr,32.84209162
CoCr,31.81187529
CoCr,33.63834999
CoCr,32.69291264
CoCr,32.29226339
CoCr,32.47338237
CoCr,32.7450639
CoCr,38.54815
CoCr,30.26388146
CoCr,32.20131542
CoCr,31.07214732
CoCr,28.20342939
CoCr,31.66176736
CoCr,34.07134948
CoCr,32.35057749
CoCr,31.14094348
CoCr,30.92568601
CoCr,34.51346642
CoCr,31.89582134
CoCr,30.39453499
CoCr,36.19413795
CoCr,31.12796627
CoCr,32.12917869
CoCr,38.40859832
CoCr,34.61761533
CoCr,33.55882999
CoCr,32.16183628
CoCr,31.44023863
CoCr,31.45970271
CoCr,33.57865528
CoCr,33.63215522
CoCr,32.31037729
CoCr,30.98221684
CoCr,30.52773942
CoCr,30.52252527
CoCr,33.12338383
CoCr,32.21427492
CoCr,31.31255959
CoCr,33.1568133
CoCr,31.34141907
CoCr,33.05567189
CoCr,35.8341898
CoCr,35.18287071
CoCr,33.7226126
CoCr,31.46740974
CoCr,34.48592096
CoCr,32.67292275
CoCr,33.03377553
CoCr,37.20041155
CoCr,32.80434682
CoCr,32.54134649
CoCr,31.5652217
CoCr,37.2045382
CoCr,33.87894118
CoCr,34.02518931
CoCr,35.17925585
CoCr,33.29618136
CoCr,34.18244013
CoCr,32.49456281
CoCr,30.91674868
CoCr,33.06746409
CoCr,33.08161954
CoCr,30.91899963
CoCr,30.01280246
CoCr,32.85753168
CoCr,32.61570537
CoCr,32.73641891
CoCr,34.4142305
CoCr,33.85460018
CoCr,30.32704106
CoCr,36.01365533
CoCr,30.77406316
CoCr,31.70551252
CoCr,31.2846341
CoCr,34.46098745
CoCr,31.11686464
CoCr,33.78983598
CoCr,35.76265654
CoCr,32.97791053
CoCr,31.91481161
CoCr,33.07149514
CoCr,31.15905028
CoCr,32.16562102
CoCr,34.23784625
CoCr,30.14533005
CoCr,30.92935445
CoCr,33.93692144
CoCr,31.07459068
CoCr,32.63409742
CoCr,36.22131492
CoCr,29.72469258
CoCr,32.48533627
CoCr,33.84369353
CoCr,34.00684728
CoCr,31.16931825
CoCr,33.47043319
CoCr,32.44702967
CoCr,33.32037247
CoCr,33.25030448
CoCr,32.13789651
CoCr,33.47045308
CoCr,33.30270475
CoCr,29.92283638
CoCr,32.40219315
CoCr,31.93681258
CoCr,33.57977814
CoCr,34.23415896
CoCr,31.5023881
CoCr,33.11822408
CoCr,29.65758194
CoCr,29.9920697
CoCr,29.30146973
CoCr,32.10379173
CoCr,35.36221336
CoCr,31.4980896
CoCr,31.51887816
CoCr,33.48972129
CoCr,34.16125975
CoCr,33.96836952
CoCr,31.53842827
CoCr,29.30313948
CoCr,32.3132711
CoCr,32.64425507
CoCr,32.46085516
CoCr,33.20673049
CoCr,33.63916305
CoCr,34.41193087
CoCr,35.77340256
CoCr,34.55953306
CoCr,29.96629848
CoCr,32.10103526
CoCr,33.0440536
CoCr,31.11245192
CoCr,33.72987359
CoCr,31.6720813
CoCr,32.62229985
CoCr,31.17919935
CoCr,30.25367846
CoCr,30.82640463
CoCr,33.81041063
CoCr,34.2936469
CoCr,32.04525666
CoCr,31.22807086
CoCr,30.72459753
CoCr,32.92627385
CoCr,31.80546004
CoCr,29.93024255
CoCr,30.03615804
CoCr,34.08278755
CoCr,30.3980606
CoCr,29.74899848
CoCr,32.32547399
CoCr,36.25698066
CoCr,30.09158325
CoCr,33.67293209
CoCr,32.63104439
CoCr,31.01168369
CoCr,29.92081641
CoCr,33.65675214
CoCr,30.00988485
CoCr,31.75345619
CoCr,31.81142779
CoCr,31.67085806
CoCr,31.9447685
CoCr,32.41726735
CoCr,31.6249975
CoCr,31.93770791
CoCr,31.01033875
CoCr,32.06017628
CoCr,30.29884498
CoCr,33.3933345
CoCr,33.20185926
CoCr,33.85901189
CoCr,31.28835975
CoCr,30.18509345
CoCr,33.07029406
CoCr,32.57286591
CoCr,32.45024955
CoCr,34.80802291
CoCr,31.94703681
CoCr,31.43105259
CoCr,29.76942266
CoCr,34.36295443
CoCr,35.32010914
CoCr,33.38245824
CoCr,33.90049386
CoCr,32.35150569
CoCr,29.69266701
CoCr,31.78232075
CoCr,33.93847115
CoCr,31.22627569
CoCr,32.11755398
CoCr,35.1941232
CoCr,33.66508616
CoCr,33.53469788
CoCr,31.82207559
CoCr,31.17213373
CoCr,34.5552132
CoCr,32.70943329
CoCr,33.15575886
CoCr,32.40384666
CoCr,31.69634026
CoCr,32.31179432
CoCr,31.15965667
CoCr,32.62808027
CoCr,31.07377804
CoCr,34.15400057
CoCr,32.20412892
CoCr,32.83133478
CoCr,29.86620598
CoCr,35.58839775
CoCr,28.82709936
Ti6Al4V_workpiece,47.69040823
Ti6Al4V_workpiece,52.80971827
Ti6Al4V_workpiece,54.68533714
Ti6Al4V_workpiece,53.60519807
Ti6Al4V_workpiece,52.27324003
Ti6Al4V_workpiece,52.1179392
Ti6Al4V_workpiece,46.75357178
Ti6Al4V_workpiece,49.53978693
Ti6Al4V_workpiece,50.21218176
Ti6Al4V_workpiece,51.84805043
Ti6Al4V_workpiece,44.03711402
Ti6Al4V_workpiece,59.62086941
Ti6Al4V_workpiece,52.93929802
Ti6Al4V_workpiece,54.13611031
Ti6Al4V_workpiece,52.78185396
Ti6Al4V_workpiece,49.11821507
Ti6Al4V_workpiece,52.11265716
Ti6Al4V_workpiece,47.89256911
Ti6Al4V_workpiece,54.06581622
Ti6Al4V_workpiece,47.96556515
Ti6Al4V_workpiece,49.71385815
Ti6Al4V_workpiece,51.05977172
Ti6Al4V_workpiece,63.5260181
Ti6Al4V_workpiece,56.77718163
Ti6Al4V_workpiece,50.82005695
Ti6Al4V_workpiece,49.99365822
Ti6Al4V_workpiece,52.26498829
Ti6Al4V_workpiece,51.51622417
Ti6Al4V_workpiece,51.02639439
Ti6Al4V_workpiece,53.36929439
Ti6Al4V_workpiece,54.4676124
Ti6Al4V_workpiece,48.4651224
Ti6Al4V_workpiece,49.43064217
Ti6Al4V_workpiece,52.66306497
Ti6Al4V_workpiece,51.51660057
Ti6Al4V_workpiece,51.60468759
Ti6Al4V_workpiece,52.91547183
Ti6Al4V_workpiece,51.70472277
Ti6Al4V_workpiece,50.70447855
Ti6Al4V_workpiece,48.71384913
Ti6Al4V_workpiece,49.13754805
Ti6Al4V_workpiece,48.66023219
Ti6Al4V_workpiece,46.35104566
Ti6Al4V_workpiece,56.76495912
Ti6Al4V_workpiece,53.80607761
Ti6Al4V_workpiece,51.09398819
Ti6Al4V_workpiece,50.03937931
Ti6Al4V_workpiece,55.43375197
Ti6Al4V_workpiece,46.77607831
Ti6Al4V_workpiece,57.30420897
Ti6Al4V_workpiece,53.02234197
Ti6Al4V_workpiece,52.14044271
Ti6Al4V_workpiece,49.71180433
Ti6Al4V_workpiece,50.01601663
Ti6Al4V_workpiece,51.89991854
Ti6Al4V_workpiece,57.7509678
Ti6Al4V_workpiece,51.45175547
Ti6Al4V_workpiece,46.69679121
Ti6Al4V_workpiece,49.54299188
Ti6Al4V_workpiece,47.30099842
Ti6Al4V_workpiece,51.52170509
Ti6Al4V_workpiece,46.80536257
Ti6Al4V_workpiece,48.0375085
Ti6Al4V_workpiece,48.36704936
Ti6Al4V_workpiece,54.12310668
Ti6Al4V_workpiece,50.46970604
Ti6Al4V_workpiece,52.61375087
Ti6Al4V_workpiece,52.40853753
Ti6Al4V_workpiece,53.19049221
Ti6Al4V_workpiece,53.34121774
Ti6Al4V_workpiece,46.17989873
Ti6Al4V_workpiece,55.47364344
Ti6Al4V_workpiece,46.55746645
Ti6Al4V_workpiece,48.78788482
Ti6Al4V_workpiece,52.1090169
Ti6Al4V_workpiece,55.27629792
Ti6Al4V_workpiece,54.17157693
Ti6Al4V_workpiece,49.51405772
Ti6Al4V_workpiece,48.51892307
Ti6Al4V_workpiece,52.62623082
Ti6Al4V_workpiece,49.91252376
Ti6Al4V_workpiece,49.15536787
Ti6Al4V_workpiece,54.10680166
Ti6Al4V_workpiece,49.39914073
Ti6Al4V_workpiece,49.40939363
Ti6Al4V_workpiece,50.37665508
Ti6Al4V_workpiece,57.30944735
Ti6Al4V_workpiece,55.21194065
Ti6Al4V_workpiece,50.97154218
Ti6Al4V_workpiece,52.37727501
Ti6Al4V_workpiece,49.01320434
Ti6Al4V_workpiece,48.35878444
Ti6Al4V_workpiece,50.46013896
Ti6Al4V_workpiece,53.60406056
Ti6Al4V_workpiece,47.52914978
Ti6Al4V_workpiece,48.1396393
Ti6Al4V_workpiece,57.07556261
Ti6Al4V_workpiece,53.48153909
Ti6Al4V_workpiece,52.02982574
Ti6Al4V_workpiece,57.07171529
Ti6Al4V_workpiece,50.16929136
Ti6Al4V_workpiece,51.30193352
Ti6Al4V_workpiece,51.33362775
Ti6Al4V_workpiece,49.13192275
Ti6Al4V_workpiece,49.06512715
Ti6Al4V_workpiece,51.86869595
Ti6Al4V_workpiece,50.92989845
Ti6Al4V_workpiece,48.43167354
Ti6Al4V_workpiece,51.33707638
Ti6Al4V_workpiece,52.74393651
Ti6Al4V_workpiece,53.44009919
Ti6Al4V_workpiece,52.77045983
Ti6Al4V_workpiece,56.61565528
Ti6Al4V_workpiece,52.17278465
Ti6Al4V_workpiece,52.73150739
Ti6Al4V_workpiece,53.3819639
Ti6Al4V_workpiece,53.29461574
Ti6Al4V_workpiece,54.68691179
Ti6Al4V_workpiece,54.82458575
Ti6Al4V_workpiece,48.52570485
Ti6Al4V_workpiece,50.94094402
Ti6Al4V_workpiece,51.19494168
Ti6Al4V_workpiece,47.575842
Ti6Al4V_workpiece,55.73174874
Ti6Al4V_workpiece,49.44231885
Ti6Al4V_workpiece,52.05479995
Ti6Al4V_workpiece,52.54260239
Ti6Al4V_workpiece,51.46809184
Ti6Al4V_workpiece,47.73587967
Ti6Al4V_workpiece,51.39093525
Ti6Al4V_workpiece,50.21431616
Ti6Al4V_workpiece,57.27856576
Ti6Al4V_workpiece,50.95217073
Ti6Al4V_workpiece,49.83924633
Ti6Al4V_workpiece,53.25255076
Ti6Al4V_workpiece,53.06646038
Ti6Al4V_workpiece,55.55543337
Ti6Al4V_workpiece,50.91078154
Ti6Al4V_workpiece,51.51165546
Ti6Al4V_workpiece,51.21637957
Ti6Al4V_workpiece,50.51823159
Ti6Al4V_workpiece,49.30046744
Ti6Al4V_workpiece,51.32030537
Ti6Al4V_workpiece,56.26434007
Ti6Al4V_workpiece,48.55701097
Ti6Al4V_workpiece,46.74553553
Ti6Al4V_workpiece,51.47640758
Ti6Al4V_workpiece,52.26874878
Ti6Al4V_workpiece,52.56769605
Ti6Al4V_workpiece,51.80805101
Ti6Al4V_workpiece,49.52842953
Ti6Al4V_workpiece,53.68472364
Ti6Al4V_workpiece,50.85508011
Ti6Al4V_workpiece,57.97599869
Ti6Al4V_workpiece,56.06251986
Ti6Al4V_workpiece,54.81269887
Ti6Al4V_workpiece,54.2883747
Ti6Al4V_workpiece,48.32825187
Ti6Al4V_workpiece,50.65426238
Ti6Al4V_workpiece,55.64718946
Ti6Al4V_workpiece,52.25545461
Ti6Al4V_workpiece,55.15769203
Ti6Al4V_workpiece,47.700458
Ti6Al4V_workpiece,44.41175722
Ti6Al4V_workpiece,53.42106383
Ti6Al4V_workpiece,50.06299131
Ti6Al4V_workpiece,51.77091744
Ti6Al4V_workpiece,54.12646392
Ti6Al4V_workpiece,51.8000387
Ti6Al4V_workpiece,47.23804814
Ti6Al4V_workpiece,54.62984419
Ti6Al4V_workpiece,49.27343731
Ti6Al4V_workpiece,59.27066874
Ti6Al4V_workpiece,49.84870051
Ti6Al4V_workpiece,50.84502838
Ti6Al4V_workpiece,52.6943079
Ti6Al4V_workpiece,52.79831888
Ti6Al4V_workpiece,54.01806758
Ti6Al4V_workpiece,54.56894317
Ti6Al4V_workpiece,47.6046524
Ti6Al4V_workpiece,56.47339875
Ti6Al4V_workpiece,56.31951931
Ti6Al4V_workpiece,56.0171545
Ti6Al4V_workpiece,48.22868351
Ti6Al4V_workpiece,45.76071888
Ti6Al4V_workpiece,51.4289139
Ti6Al4V_workpiece,55.77101538
Ti6Al4V_workpiece,49.7026742
Ti6Al4V_workpiece,50.56715591
Ti6Al4V_workpiece,52.84171849
Ti6Al4V_workpiece,52.09085081
Ti6Al4V_workpiece,47.34215251
Ti6Al4V_workpiece,55.43286908
Ti6Al4V_workpiece,57.28013247
Ti6Al4V_workpiece,51.83675114
Ti6Al4V_workpiece,53.92365332
Ti6Al4V_workpiece,49.68236281
Ti6Al4V_workpiece,54.15781346
Ti6Al4V_workpiece,49.52776223
Ti6Al4V_workpiece,50.58258344
Ti6Al4V_workpiece,50.30070055
Ti6Al4V_workpiece,52.42499244
Ti6Al4V_workpiece,52.22695187
Ti6Al4V_workpiece,50.40808868
Ti6Al4V_workpiece,49.51461637
Ti6Al4V_workpiece,52.36429127
Ti6Al4V_workpiece,52.19385186
Ti6Al4V_workpiece,51.03140699
Ti6Al4V_workpiece,54.23060248
Ti6Al4V_workpiece,51.25600016
Ti6Al4V_workpiece,53.93992906
Ti6Al4V_workpiece,51.16855693
Ti6Al4V_workpiece,54.78474402
Ti6Al4V_workpiece,49.85612136
Ti6Al4V_workpiece,51.96445539
Ti6Al4V_workpiece,49.54596372
Ti6Al4V_workpiece,53.29990792
Ti6Al4V_workpiece,50.81653252
Ti6Al4V_workpiece,53.48543871
Ti6Al4V_workpiece,51.58542966
Ti6Al4V_workpiece,52.56264184
Ti6Al4V_workpiece,49.9082697
Ti6Al4V_workpiece,47.92038497
Ti6Al4V_workpiece,53.38341058
Ti6Al4V_workpiece,57.50346026
Ti6Al4V_workpiece,48.84013685
Ti6Al4V_workpiece,50.64271771
Ti6Al4V_workpiece,57.20063468
Ti6Al4V_workpiece,61.52469571
Ti6Al4V_workpiece,50.64800552
Ti6Al4V_workpiece,55.14993668
Ti6Al4V_workpiece,46.74058323
Ti6Al4V_workpiece,55.33366862
Ti6Al4V_workpiece,50.53941674
Ti6Al4V_workpiece,54.68133296
Ti6Al4V_workpiece,48.95200114
Ti6Al4V_workpiece,53.8959959
Ti6Al4V_workpiece,52.40778656
Ti6Al4V_workpiece,48.65058931
Ti6Al4V_workpiece,50.69308201
Ti6Al4V_workpiece,56.48648466
Ti6Al4V_workpiece,53.67544846
Ti6Al4V_workpiece,55.01552805
Ti6Al4V_workpiece,51.57566289
Ti6Al4V_workpiece,51.14016926
Ti6Al4V_workpiece,57.95437193
Ti6Al4V_workpiece,121.7984602
Ti6Al4V_workpiece,52.95295888
Ti6Al4V_workpiece,48.26368714
Ti6Al4V_workpiece,49.82750245
Ti6Al4V_workpiece,46.32517242
Ti6Al4V_workpiece,50.88378961
Ti6Al4V_workpiece,52.88500054
Ti6Al4V_workpiece,50.1969038
Ti6Al4V_workpiece,49.78432941
Ti6Al4V_workpiece,51.09112874
Ti6Al4V_workpiece,52.95107907
Ti6Al4V_workpiece,54.49321068
Ti6Al4V_workpiece,47.30062239
Ti6Al4V_workpiece,49.69393372
Ti6Al4V_workpiece,55.36881368
Ti6Al4V_workpiece,51.04528114
Ti6Al4V_workpiece,55.36509759
Ti6Al4V_workpiece,51.75876135
Ti6Al4V_workpiece,52.28310863
Ti6Al4V_workpiece,54.96135036
Ti6Al4V_workpiece,49.60618281
Ti6Al4V_workpiece,55.2779931
Ti6Al4V_workpiece,52.27939869
Ti6Al4V_workpiece,50.16446497
Ti6Al4V_workpiece,47.86022315
Ti6Al4V_workpiece,56.77610271
Ti6Al4V_workpiece,50.91702904
Ti6Al4V_workpiece,53.22658072
Ti6Al4V_workpiece,55.72975562
Ti6Al4V_workpiece,50.13043776
Ti6Al4V_workpiece,48.69934474
Ti6Al4V_workpiece,57.79128219
Ti6Al4V_workpiece,51.47941509
Ti6Al4V_workpiece,53.51294111
Ti6Al4V_workpiece,54.90602049
Ti6Al4V_workpiece,49.07248411
Ti6Al4V_workpiece,54.48374799
Ti6Al4V_workpiece,53.0045492
Ti6Al4V_workpiece,49.94702423
Ti6Al4V_workpiece,51.40761288
Ti6Al4V_workpiece,54.61259324
Ti6Al4V_workpiece,46.66366554
Ti6Al4V_workpiece,51.68027394
Ti6Al4V_workpiece,54.11017943
Ti6Al4V_workpiece,58.09244099
Ti6Al4V_workpiece,55.12691399
Ti6Al4V_workpiece,48.54365541
Ti6Al4V_workpiece,52.56448435
Ti6Al4V_workpiece,50.80872549
Ti6Al4V_workpiece,57.04976594
Ti6Al4V_workpiece,48.51065063
Ti6Al4V_workpiece,57.28334262
Ti6Al4V_workpiece,51.23303268
Ti6Al4V_workpiece,49.33036876
Ti6Al4V_workpiece,49.13862927
Ti6Al4V_workpiece,53.33531143
Ti6Al4V_workpiece,51.13410229
Ti6Al4V_workpiece,49.75595275
Ti6Al4V_workpiece,45.00889264
Ti6Al4V_workpiece,49.63745409
Ti6Al4V_workpiece,53.20731937
Ti6Al4V_workpiece,49.16369107
Ti6Al4V_workpiece,54.51169541
Ti6Al4V_workpiece,50.58604894
Ti6Al4V_workpiece,50.61588933
Ti6Al4V_workpiece,58.95446009
Ti6Al4V_workpiece,47.7577196
Ti6Al4V_workpiece,53.23197575
Ti6Al4V_workpiece,54.35711774
Ti6Al4V_workpiece,49.94891448
Ti6Al4V_workpiece,46.69469829
Ti6Al4V_workpiece,47.44201827
Ti6Al4V_workpiece,52.74671149
Ti6Al4V_workpiece,52.24936504
Ti6Al4V_workpiece,51.86394583
Ti6Al4V_workpiece,55.06918641
Ti6Al4V_workpiece,48.62661281
Ti6Al4V_workpiece,56.55593283
Ti6Al4V_workpiece,52.397544
Ti6Al4V_workpiece,48.40299928
Ti6Al4V_workpiece,49.64600093
Ti6Al4V_workpiece,52.56784724
Ti6Al4V_workpiece,51.93011386
Ti6Al4V_workpiece,46.96457316
Ti6Al4V_workpiece,55.22288398
Ti6Al4V_workpiece,53.23799031
Ti6Al4V_workpiece,51.65042528
Ti6Al4V_workpiece,54.5037087
Ti6Al4V_workpiece,50.23138131
Ti6Al4V_workpiece,54.53300385
Ti6Al4V_workpiece,53.37843389
Ti6Al4V_workpiece,49.32331735
Ti6Al4V_workpiece,47.84660119
Ti6Al4V_workpiece,49.36983532
Ti6Al4V_workpiece,54.48156618
Ti6Al4V_workpiece,52.652082
Ti6Al4V_workpiece,48.49866576
Ti6Al4V_workpiece,48.46143995
Ti6Al4V_workpiece,52.54956549
Ti6Al4V_workpiece,51.20001555
Ti6Al4V_workpiece,53.69256762
Ti6Al4V_workpiece,56.65287046
Ti6Al4V_workpiece,48.52535384
Ti6Al4V_workpiece,58.22698127
Ti6Al4V_workpiece,53.29308688
Ti6Al4V_workpiece,54.4632416
Ti6Al4V_workpiece,50.57675558
Ti6Al4V_workpiece,54.46997704
Ti6Al4V_workpiece,49.95963495
Ti6Al4V_workpiece,54.34390346
Ti6Al4V_workpiece,55.27562926
Ti6Al4V_workpiece,52.28631189
Ti6Al4V_workpiece,53.17448189
Ti6Al4V_workpiece,53.68020913
Ti6Al4V_workpiece,52.16436415
Ti6Al4V_workpiece,52.21658502
Ti6Al4V_workpiece,50.63637748
Ti6Al4V_workpiece,52.48027766
Ti6Al4V_workpiece,50.52981261
Ti6Al4V_workpiece,52.20522368
Ti6Al4V_workpiece,51.77321824
Ti6Al4V_workpiece,50.86750749
Ti6Al4V_workpiece,52.09236952
Ti6Al4V_workpiece,50.93179245
Ti6Al4V_workpiece,58.85706245
Ti6Al4V_workpiece,49.99911934
Ti6Al4V_workpiece,47.66983033
Ti6Al4V_workpiece,50.56830592
Ti6Al4V_workpiece,54.98668838
Ti6Al4V_workpiece,48.77010814
Ti6Al4V_workpiece,50.79419646
Ti6Al4V_workpiece,57.72199988
Ti6Al4V_workpiece,51.59682092
Ti6Al4V_workpiece,56.04480081
Ti6Al4V_workpiece,52.42372701
Ti6Al4V_workpiece,56.17150554
Ti6Al4V_workpiece,52.46067608
Ti6Al4V_workpiece,54.3935997
Ti6Al4V_workpiece,53.41452604
Ti6Al4V_workpiece,53.00138004
Ti6Al4V_workpiece,52.71423297
Ti6Al4V_workpiece,62.38789282
Ti6Al4V_workpiece,53.0300381
Ti6Al4V_workpiece,53.28803211
Ti6Al4V_workpiece,51.88843619
Ti6Al4V_workpiece,52.77681823
Ti6Al4V_workpiece,50.46216605
Ti6Al4V_workpiece,48.90146877
Ti6Al4V_workpiece,48.69454699
Ti6Al4V_workpiece,53.07739069
Ti6Al4V_workpiece,52.28220121
Ti6Al4V_workpiece,53.69904513
Ti6Al4V_workpiece,51.52047573
Ti6Al4V_workpiece,53.99085065
Ti6Al4V_workpiece,56.21593388
Ti6Al4V_workpiece,49.78725699
Ti6Al4V_workpiece,56.81474263
Ti6Al4V_workpiece,53.96345599
Ti6Al4V_workpiece,53.58240631
Ti6Al4V_workpiece,49.25568036
Ti6Al4V_workpiece,52.95236238
Ti6Al4V_workpiece,49.96321453
Ti6Al4V_workpiece,50.63135746
Ti6Al4V_workpiece,54.99800924
Ti6Al4V_workpiece,49.15914216
Ti6Al4V_workpiece,46.21802685
Ti6Al4V_workpiece,54.04182716
Ti6Al4V_workpiece,51.02921795
Ti6Al4V_workpiece,54.41428403
Ti6Al4V_workpiece,57.13191309
Ti6Al4V_workpiece,52.0537855
Ti6Al4V_workpiece,50.35221316
Ti6Al4V_workpiece,51.76727693
Ti6Al4V_workpiece,48.4651873
Ti6Al4V_workpiece,47.33946887
Ti6Al4V_workpiece,50.75305734
Ti6Al4V_workpiece,49.49585682
Ti6Al4V_workpiece,51.93387304
Ti6Al4V_workpiece,52.46273046
Ti6Al4V_workpiece,57.29017791
Ti6Al4V_workpiece,50.15450801
Ti6Al4V_workpiece,48.91092961
Ti6Al4V_workpiece,49.99987758
Ti6Al4V_workpiece,51.61990547
Ti6Al4V_workpiece,52.48311908
Ti6Al4V_workpiece,55.31794481
Ti6Al4V_workpiece,50.81404775
Ti6Al4V_workpiece,49.81480984
Ti6Al4V_workpiece,46.36666335
Ti6Al4V_workpiece,48.39720099
Ti6Al4V_workpiece,50.8638647
Ti6Al4V_workpiece,53.61318905
Ti6Al4V_workpiece,52.4837258
Ti6Al4V_workpiece,54.43781656
Ti6Al4V_workpiece,49.74896117
Ti6Al4V_workpiece,54.29565711
Ti6Al4V_workpiece,50.80122687
Ti6Al4V_workpiece,53.38406597
Ti6Al4V_workpiece,54.03148051
Ti6Al4V_workpiece,50.45834736
Ti6Al4V_workpiece,53.16705756
Ti6Al4V_workpiece,50.13097097
Ti6Al4V_workpiece,51.3044034
Ti6Al4V_workpiece,48.72383702
Ti6Al4V_workpiece,58.3486646
Ti6Al4V_workpiece,55.09051022
Ti6Al4V_workpiece,52.05699525
Ti6Al4V_workpiece,55.17623069
Ti6Al4V_workpiece,50.65193739
Ti6Al4V_workpiece,55.95110668
Ti6Al4V_workpiece,54.424044
Ti6Al4V_workpiece,52.09694157
Ti6Al4V_workpiece,49.7182989
Ti6Al4V_workpiece,53.92049689
Ti6Al4V_workpiece,54.80248107
Ti6Al4V_workpiece,45.46022953
Ti6Al4V_workpiece,56.37562403
Ti6Al4V_workpiece,52.46718341
Ti6Al4V_workpiece,50.79979785
Ti6Al4V_workpiece,51.71208483
Ti6Al4V_workpiece,49.48565226
Ti6Al4V_workpiece,60.65068029
Ti6Al4V_workpiece,48.22652073
Ti6Al4V_workpiece,57.50504098
Ti6Al4V_workpiece,61.08744102
Ti6Al4V_workpiece,52.63521388
Ti6Al4V_workpiece,49.38380903
Ti6Al4V_workpiece,55.1221989
Ti6Al4V_workpiece,54.35254145
Ti6Al4V_workpiece,45.82244784
Ti6Al4V_workpiece,55.01255432
Ti6Al4V_workpiece,50.59891915
Ti6Al4V_workpiece,54.17578476
Ti6Al4V_workpiece,54.61156185
Ti6Al4V_workpiece,48.73848771
Ti6Al4V_workpiece,53.21900675
Ti6Al4V_workpiece,47.52222058
Ti6Al4V_workpiece,52.90864476
Ti6Al4V_workpiece,50.64847382
Ti6Al4V_workpiece,53.29723598
Ti6Al4V_workpiece,51.95377391
Ti6Al4V_workpiece,46.00831767
Ti6Al4V_workpiece,50.21424054
Ti6Al4V_workpiece,52.62302887
Ti6Al4V_workpiece,53.71049668
Ti6Al4V_workpiece,52.54862328
Ti6Al4V_workpiece,53.13211447
Ti6Al4V_workpiece,50.38843945
Ti6Al4V_workpiece,49.09293041
Ti6Al4V_workpiece,59.55861893
Ti6Al4V_workpiece,54.6426548
Ti6Al4V_workpiece,53.73432771
Ti6Al4V_workpiece,46.30616522
Ti6Al4V_workpiece,54.47234402
Ti6Al4V_workpiece,49.95730688
Ti6Al4V_workpiece,50.39664859
Ti6Al4V_workpiece,51.33853586
Ti6Al4V_workpiece,53.56933269
Ti6Al4V_workpiece,55.89121305
Ti6Al4V_workpiece,53.74180968
Ti6Al4V_workpiece,48.51732997
Ti6Al4V_workpiece,50.27626556
Ti6Al4V_workpiece,49.01405648
Ti6Al4V_workpiece,55.95800956
Ti6Al4V_workpiece,48.68947095
Ti6Al4V_workpiece,50.77960407
Ti6Al4V_workpiece,47.82147516
Ti6Al4V_workpiece,53.03554876
Ti6Al4V_workpiece,60.9919451
Ti6Al4V_workpiece,48.23375249
Ti6Al4V_workpiece,49.09073495
Ti6Al4V_workpiece,46.38063894
Ti6Al4V_workpiece,49.66068386
Ti6Al4V_workpiece,53.86439376
Ti6Al4V_workpiece,50.84678074
Ti6Al4V_workpiece,48.36839689
Ti6Al4V_workpiece,44.45103385
Ti6Al4V_workpiece,48.2772793
Ti6Al4V_workpiece,53.10258054
Ti6Al4V_workpiece,53.25718845
Ti6Al4V_workpiece,53.22432092
Ti6Al4V_workpiece,49.65558142
Ti6Al4V_workpiece,50.74989457
Ti6Al4V_workpiece,50.37497838
Ti6Al4V_workpiece,62.81955678
Ti6Al4V_workpiece,50.57550651
Ti6Al4V_workpiece,49.59256963
Ti6Al4V_workpiece,48.97403949
Ti6Al4V_workpiece,54.17410082
Ti6Al4V_workpiece,51.38076543
Ti6Al4V_workpiece,50.36039667
Ti6Al4V_workpiece,47.9564864
Ti6Al4V_workpiece,49.80024338
Ti6Al4V_workpiece,57.7102195
Ti6Al4V_workpiece,49.8544475
Ti6Al4V_workpiece,56.73953914
Ti6Al4V_workpiece,48.14147317
Ti6Al4V_workpiece,48.61944288
Ti6Al4V_workpiece,54.64623422
Ti6Al4V_workpiece,59.2300713
Ti6Al4V_workpiece,55.29191352
Ti6Al4V_workpiece,54.11316166
Ti6Al4V_workpiece,50.08217081
Ti6Al4V_workpiece,49.89546499
Ti6Al4V_workpiece,51.908044
Ti6Al4V_workpiece,53.65814874
Ti6Al4V_workpiece,53.85724071
Ti6Al4V_workpiece,55.88650211
Ti6Al4V_workpiece,47.92685275
Ti6Al4V_workpiece,51.46555117
Ti6Al4V_workpiece,49.80603436
Ti6Al4V_workpiece,51.86516279
Ti6Al4V_workpiece,51.46954042
Ti6Al4V_workpiece,50.79234085
Ti6Al4V_workpiece,48.78319631
Ti6Al4V_workpiece,54.44407251
Ti6Al4V_workpiece,50.31793126
Ti6Al4V_workpiece,50.88795441
Ti6Al4V_workpiece,47.24760699
Ti6Al4V_workpiece,49.13978722
Ti6Al4V_workpiece,46.12797354
Ti6Al4V_workpiece,52.10798733
Ti6Al4V_workpiece,61.08364582
Ti6Al4V_workpiece,56.46130781
Ti6Al4V_workpiece,51.63780198
Ti6Al4V_workpiece,54.30323534
Ti6Al4V_workpiece,48.32910376
Ti6Al4V_workpiece,50.12817859
Ti6Al4V_workpiece,50.29963142
Ti6Al4V_workpiece,54.42886494
Ti6Al4V_workpiece,47.83856677
Ti6Al4V_workpiece,53.9400038
Ti6Al4V_workpiece,50.45526167
Ti6Al4V_workpiece,46.17558191
Ti6Al4V_workpiece,51.30544444
Ti6Al4V_workpiece,48.14668096
Ti6Al4V_workpiece,52.0872027
Ti6Al4V_workpiece,56.77135259
Ti6Al4V_workpiece,50.4564194
Ti6Al4V_workpiece,51.15672806
Ti6Al4V_workpiece,53.78693319
Ti6Al4V_workpiece,54.04395547
Ti6Al4V_workpiece,54.64268417
Ti6Al4V_workpiece,58.01059573
Ti6Al4V_workpiece,55.03733229
Ti6Al4V_workpiece,52.49547254
Ti6Al4V_workpiece,53.27952228
Ti6Al4V_workpiece,49.20070142
Ti6Al4V_workpiece,53.94699171
Ti6Al4V_workpiece,52.04549677
Ti6Al4V_workpiece,53.59726812
Ti6Al4V_workpiece,49.72759129
Ti6Al4V_workpiece,47.28307456
Ti6Al4V_workpiece,50.00735909
Ti6Al4V_workpiece,53.8802782
Ti6Al4V_workpiece,54.09789839
Ti6Al4V_workpiece,47.00977258
Ti6Al4V_workpiece,51.18256316
Ti6Al4V_workpiece,50.95819799
Ti6Al4V_workpiece,50.55742594
Ti6Al4V_workpiece,57.24633964
Ti6Al4V_workpiece,56.92907691
Ti6Al4V_workpiece,53.63255601
Ti6Al4V_workpiece,49.60983884
Ti6Al4V_workpiece,53.26731353
Ti6Al4V_workpiece,49.91453071
Ti6Al4V_workpiece,51.8436897
Ti6Al4V_workpiece,51.10460065
Ti6Al4V_workpiece,54.20978864
Ti6Al4V_workpiece,55.96884828
Ti6Al4V_workpiece,47.89509301
Ti6Al4V_workpiece,48.1763208
Ti6Al4V_workpiece,54.1437434
Ti6Al4V_workpiece,55.64891936
Ti6Al4V_workpiece,53.55093692
Ti6Al4V_workpiece,51.62188123
Ti6Al4V_workpiece,50.8330515
Ti6Al4V_workpiece,51.51139934
Ti6Al4V_workpiece,55.85488956
Ti6Al4V_workpiece,59.00935225
Ti6Al4V_workpiece,55.95159382
Ti6Al4V_workpiece,49.94829755
Ti6Al4V_workpiece,48.8088174
Ti6Al4V_workpiece,51.73690937
Ti6Al4V_workpiece,51.27120213
Ti6Al4V_workpiece,51.75520948
Ti6Al4V_workpiece,50.84119535
Ti6Al4V_workpiece,56.83992252
Ti6Al4V_workpiece,56.88420295
Ti6Al4V_workpiece,54.45462307
Ti6Al4V_workpiece,52.99571137
Ti6Al4V_workpiece,61.65958824
Ti6Al4V_workpiece,46.26215986
Ti6Al4V_workpiece,48.44494729
Ti6Al4V_workpiece,50.7721239
Ti6Al4V_workpiece,49.25278682
Ti6Al4V_workpiece,53.27498891
Ti6Al4V_workpiece,57.75516759
Ti6Al4V_workpiece,49.60086861
Ti6Al4V_workpiece,53.65452768
Ti6Al4V_workpiece,51.89219545
Ti6Al4V_workpiece,50.11032255
Ti6Al4V_workpiece,51.25035057
Ti6Al4V_workpiece,51.76940596
Ti6Al4V_workpiece,54.6445842
Ti6Al4V_workpiece,52.06632304
Ti6Al4V_workpiece,53.21747297
Ti6Al4V_workpiece,47.24253635
Ti6Al4V_workpiece,57.06478326
Ti6Al4V_workpiece,49.40448537
Ti6Al4V_workpiece,52.71463784
Ti6Al4V_workpiece,48.52575814
Ti6Al4V_workpiece,53.35138872
Ti6Al4V_workpiece,50.3456258
Ti6Al4V_workpiece,51.07131155
Ti6Al4V_workpiece,57.92783947
Ti6Al4V_workpiece,51.15789596
Ti6Al4V_workpiece,52.26628764
Ti6Al4V_workpiece,54.17285771
Ti6Al4V_workpiece,54.5831891
Ti6Al4V_workpiece,54.34402349
Ti6Al4V_workpiece,46.73418702
Ti6Al4V_workpiece,52.46776529
Ti6Al4V_workpiece,51.69014614
Ti6Al4V_workpiece,53.8606798
Ti6Al4V_workpiece,50.56326491
Ti6Al4V_workpiece,52.72577624
Ti6Al4V_workpiece,51.62745831
Ti6Al4V_workpiece,49.02966839
Ti6Al4V_workpiece,45.06101238
Ti6Al4V_workpiece,52.9703706
Ti6Al4V_workpiece,57.4037827
Ti6Al4V_workpiece,47.11404894
Ti6Al4V_workpiece,53.66572594
Ti6Al4V_workpiece,53.13718825
Ti6Al4V_workpiece,57.74607246
Ti6Al4V_workpiece,48.90721262
Ti6Al4V_workpiece,61.13523334
Ti6Al4V_workpiece,52.69280459
Ti6Al4V_workpiece,51.07399215
Ti6Al4V_workpiece,53.22586243
Ti6Al4V_workpiece,53.18133462
Ti6Al4V_workpiece,49.51177152
Ti6Al4V_workpiece,49.3752095
Ti6Al4V_workpiece,46.93851262
Ti6Al4V_workpiece,51.13948158
Ti6Al4V_workpiece,50.18475658
Ti6Al4V_workpiece,56.42960927
Ti6Al4V_workpiece,53.16605359
Ti6Al4V_workpiece,60.24796243
Ti6Al4V_workpiece,50.93417915
Ti6Al4V_workpiece,50.68795759
Ti6Al4V_workpiece,45.41264693
Ti6Al4V_workpiece,50.38104083
Ti6Al4V_workpiece,54.19928576
Ti6Al4V_workpiece,48.82355974
Ti6Al4V_workpiece,47.02706239
Ti6Al4V_workpiece,56.95296425
Ti6Al4V_workpiece,52.28408173
Ti6Al4V_workpiece,49.13086888
Ti6Al4V_workpiece,46.55477626
Ti6Al4V_workpiece,51.1265482
Ti6Al4V_workpiece,50.52409768
Ti6Al4V_workpiece,55.47004331
Ti6Al4V_workpiece,54.00259926
Ti6Al4V_workpiece,52.98629631
Ti6Al4V_workpiece,54.75319969
Ti6Al4V_workpiece,56.74982003
Ti6Al4V_workpiece,55.13213409
Ti6Al4V_workpiece,57.18291801
Ti6Al4V_workpiece,52.27570863
Ti6Al4V_workpiece,50.55595611
Ti6Al4V_workpiece,47.84558356
Ti6Al4V_workpiece,49.52986367
Ti6Al4V_workpiece,52.50673837
Ti6Al4V_workpiece,50.81358608
Ti6Al4V_workpiece,50.75266924
Ti6Al4V_workpiece,51.30867086
Ti6Al4V_workpiece,49.13277816
Ti6Al4V_workpiece,55.22578254
Ti6Al4V_workpiece,50.20836664
Ti6Al4V_workpiece,47.61877705
Ti6Al4V_workpiece,50.30226316
Ti6Al4V_workpiece,53.5690687
Ti6Al4V_workpiece,51.7005616
Ti6Al4V_workpiece,51.72619313
Ti6Al4V_workpiece,48.46478183
Ti6Al4V_workpiece,50.23592217
Ti6Al4V_workpiece,55.67350389
Ti6Al4V_workpiece,63.3009643
Ti6Al4V_workpiece,51.67143959
Ti6Al4V_workpiece,49.36525078
Ti6Al4V_workpiece,51.51717342
Ti6Al4V_workpiece,46.27191701
Ti6Al4V_workpiece,51.28791893
Ti6Al4V_workpiece,52.9560425
Ti6Al4V_workpiece,52.65166648
Ti6Al4V_workpiece,50.65014673
Ti6Al4V_workpiece,52.27172157
Ti6Al4V_workpiece,54.8790803
Ti6Al4V_workpiece,46.55978258
Ti6Al4V_workpiece,58.18031258
Ti6Al4V_workpiece,53.5441676
Ti6Al4V_workpiece,49.98048848
Ti6Al4V_workpiece,55.43248591
Ti6Al4V_workpiece,47.35905292
Ti6Al4V_workpiece,53.0346758
Ti6Al4V_workpiece,55.49683377
Ti6Al4V_workpiece,52.32585292
Ti6Al4V_workpiece,53.35831089
Ti6Al4V_workpiece,56.09278323
Ti6Al4V_workpiece,52.44411296
Ti6Al4V_workpiece,53.96803006
Ti6Al4V_workpiece,51.29438426
Ti6Al4V_workpiece,51.76237658
Ti6Al4V_workpiece,51.82385365
Ti6Al4V_workpiece,50.86240208
Ti6Al4V_workpiece,45.97342978
Ti6Al4V_workpiece,50.04173621
Ti6Al4V_workpiece,50.4941186
Ti6Al4V_workpiece,52.34413158
Ti6Al4V_workpiece,46.82871872
Ti6Al4V_workpiece,53.98552774
Ti6Al4V_workpiece,52.08061183
Ti6Al4V_workpiece,52.04520401
Ti6Al4V_workpiece,48.5819077
Ti6Al4V_workpiece,52.48438735
Ti6Al4V_workpiece,51.38096154
Ti6Al4V_workpiece,52.98733722
Ti6Al4V_workpiece,52.37826167
Ti6Al4V_workpiece,52.71964027
Ti6Al4V_workpiece,50.93347488
Ti6Al4V_workpiece,50.46082377
Ti6Al4V_workpiece,52.54908087
Ti6Al4V_workpiece,48.70449148
Ti6Al4V_workpiece,53.23744595
Ti6Al4V_workpiece,51.61221674
Ti6Al4V_workpiece,46.5160927
Ti6Al4V_workpiece,56.29691229
Ti6Al4V_workpiece,48.12526991
Ti6Al4V_workpiece,51.2224551
Ti6Al4V_workpiece,52.85735466
Ti6Al4V_workpiece,46.62323337
Ti6Al4V_workpiece,49.82632014
Ti6Al4V_workpiece,49.32356273
Ti6Al4V_workpiece,55.30010226
Ti6Al4V_workpiece,48.90343763
Ti6Al4V_workpiece,49.65860047
Ti6Al4V_workpiece,46.99505972
Ti6Al4V_workpiece,48.91255006
Ti6Al4V_workpiece,48.3375055
Ti6Al4V_workpiece,51.03808445
Ti6Al4V_workpiece,52.63465424
Ti6Al4V_workpiece,54.77163165
Ti6Al4V_workpiece,48.53290648
Ti6Al4V_workpiece,55.72018234
Ti6Al4V_workpiece,59.36050189
Ti6Al4V_workpiece,53.48867094
Ti6Al4V_workpiece,47.96587338
Ti6Al4V_workpiece,50.56562099
Ti6Al4V_workpiece,57.54092683
Ti6Al4V_workpiece,55.49306563
Ti6Al4V_workpiece,54.18843317
Ti6Al4V_workpiece,52.45571507
Ti6Al4V_workpiece,51.72783537
Ti6Al4V_workpiece,48.86816377
Ti6Al4V_workpiece,46.40995594
Ti6Al4V_workpiece,57.26429495
Ti6Al4V_workpiece,55.61386127
Ti6Al4V_workpiece,50.48987344
Ti6Al4V_workpiece,48.07690703
Ti6Al4V_workpiece,50.25107581
Ti6Al4V_workpiece,52.84241892
Ti6Al4V_workpiece,50.13800904
Ti6Al4V_workpiece,53.18763821
Ti6Al4V_workpiece,52.87638052
Ti6Al4V_workpiece,59.62265244
Ti6Al4V_workpiece,55.09038265
Ti6Al4V_workpiece,53.74297107
Ti6Al4V_workpiece,50.57158419
Ti6Al4V_workpiece,52.32407304
Ti6Al4V_workpiece,49.06783724
Ti6Al4V_workpiece,55.85902694
Ti6Al4V_workpiece,49.93541367
Ti6Al4V_workpiece,54.24222069
Ti6Al4V_workpiece,52.75508999
Ti6Al4V_workpiece,54.08535659
Ti6Al4V_workpiece,53.20547819
Ti6Al4V_workpiece,49.31223062
Ti6Al4V_workpiece,55.01797397
Ti6Al4V_workpiece,50.97803978
Ti6Al4V_workpiece,46.66014856
Ti6Al4V_workpiece,55.13467485
Ti6Al4V_workpiece,50.95017069
Ti6Al4V_workpiece,49.45066778
Ti6Al4V_workpiece,51.90191589
Ti6Al4V_workpiece,54.32004328
Ti6Al4V_workpiece,52.9996738
Ti6Al4V_workpiece,58.35908013
Ti6Al4V_workpiece,50.12763926
Ti6Al4V_workpiece,52.22482936
Ti6Al4V_workpiece,50.46293211
Ti6Al4V_workpiece,57.80671853
Ti6Al4V_workpiece,56.97377427
Ti6Al4V_workpiece,55.53507877
Ti6Al4V_workpiece,53.10082779
Ti6Al4V_workpiece,45.85796646
Ti6Al4V_workpiece,47.48933922
Ti6Al4V_workpiece,52.64582096
Ti6Al4V_workpiece,48.82113634
Ti6Al4V_workpiece,51.75393047
Ti6Al4V_workpiece,57.0171832
Ti6Al4V_workpiece,49.61878533
Ti6Al4V_workpiece,56.00061609
Ti6Al4V_workpiece,49.63854615
Ti6Al4V_workpiece,50.18938367
Ti6Al4V_workpiece,53.24080581
Ti6Al4V_workpiece,49.54399318
Ti6Al4V_workpiece,55.30474497
Ti6Al4V_workpiece,50.33820749
Ti6Al4V_workpiece,52.37418781
Ti6Al4V_workpiece,53.58650487
Ti6Al4V_workpiece,49.79161562
Ti6Al4V_workpiece,57.53015187
Ti6Al4V_workpiece,52.42688298
Ti6Al4V_workpiece,49.75385464
Ti6Al4V_workpiece,52.08442232
Ti6Al4V_workpiece,50.01264254
Ti6Al4V_workpiece,52.22741893
Ti6Al4V_workpiece,52.58841609
Ti6Al4V_workpiece,45.69215889
Ti6Al4V_workpiece,48.33012222
Ti6Al4V_workpiece,55.59420511
Ti6Al4V_workpiece,46.59055381
Ti6Al4V_workpiece,52.08298381
Ti6Al4V_workpiece,48.25038247
Ti6Al4V_workpiece,49.24815629
Ti6Al4V_workpiece,55.38058078
Ti6Al4V_workpiece,50.80028015
Ti6Al4V_workpiece,48.21210364
Ti6Al4V_workpiece,51.20897105
Ti6Al4V_workpiece,53.85280699
Ti6Al4V_workpiece,50.2218618
Ti6Al4V_workpiece,59.3650788
Ti6Al4V_workpiece,52.94751149
Ti6Al4V_workpiece,47.98532887
Ti6Al4V_workpiece,49.38439365
Ti6Al4V_workpiece,47.93813259
Ti6Al4V_workpiece,56.06424497
Ti6Al4V_workpiece,54.98670166
Ti6Al4V_workpiece,51.08788809
Ti6Al4V_workpiece,49.86674495
Ti6Al4V_workpiece,48.53773817
Ti6Al4V_workpiece,53.42833083
Ti6Al4V_workpiece,52.36381781
Ti6Al4V_workpiece,47.52395365
Ti6Al4V_workpiece,49.80493357
Ti6Al4V_workpiece,51.67162971
Ti6Al4V_workpiece,53.95987551
Ti6Al4V_workpiece,52.12650556
Ti6Al4V_workpiece,56.75321212
Ti6Al4V_workpiece,53.55319756
Ti6Al4V_workpiece,50.57768163
Ti6Al4V_workpiece,50.71432332
Ti6Al4V_workpiece,46.55439779
Ti6Al4V_workpiece,49.38332095
Ti6Al4V_workpiece,48.45324836
Ti6Al4V_workpiece,52.33694092
Ti6Al4V_workpiece,54.73014949
Ti6Al4V_workpiece,53.16217937
Ti6Al4V_workpiece,55.62960778
Ti6Al4V_workpiece,56.98667233
Ti6Al4V_workpiece,51.65686089
Ti6Al4V_workpiece,47.72593191
Ti6Al4V_workpiece,49.02903058
Ti6Al4V_workpiece,52.37372671
Ti6Al4V_workpiece,49.83623336
Ti6Al4V_workpiece,52.53868478
Ti6Al4V_workpiece,50.66321001
Ti6Al4V_workpiece,51.38147281
Ti6Al4V_workpiece,48.70712645
Ti6Al4V_workpiece,50.51349322
Ti6Al4V_workpiece,50.89615417
Ti6Al4V_workpiece,49.03150311
Ti6Al4V_workpiece,52.23411971
Ti6Al4V_workpiece,50.37139013
Ti6Al4V_workpiece,50.60190649
Ti6Al4V_workpiece,56.25044019
Ti6Al4V_workpiece,52.79646685
Ti6Al4V_workpiece,49.50876264
Ti6Al4V_workpiece,50.12692467
Ti6Al4V_workpiece,52.40325658
Ti6Al4V_workpiece,50.92412408
Ti6Al4V_workpiece,48.14920727
Ti6Al4V_workpiece,53.96925451
Ti6Al4V_workpiece,50.999511
Ti6Al4V_workpiece,51.80822741
Ti6Al4V_workpiece,47.61743615
Ti6Al4V_workpiece,58.89351705
Ti6Al4V_workpiece,59.59815707
Ti6Al4V_workpiece,59.05995609
Ti6Al4V_workpiece,52.35725264
Ti6Al4V_workpiece,47.10142043
Ti6Al4V_workpiece,52.52635093
Ti6Al4V_workpiece,56.01700404
Ti6Al4V_workpiece,54.49467601
Ti6Al4V_workpiece,48.55156997
Ti6Al4V_workpiece,47.52792833
Ti6Al4V_workpiece,51.82646188
Ti6Al4V_workpiece,51.58953734
Ti6Al4V_workpiece,47.15256488
Ti6Al4V_workpiece,50.18614435
Ti6Al4V_workpiece,53.78051164
Ti6Al4V_workpiece,49.08849835
Ti6Al4V_workpiece,53.03749935
Ti6Al4V_workpiece,52.68504728
Ti6Al4V_workpiece,55.30040812
Ti6Al4V_workpiece,50.2983846
Ti6Al4V_workpiece,49.02460033
Ti6Al4V_workpiece,51.0744537
Ti6Al4V_workpiece,52.76590017
Ti6Al4V_workpiece,51.3016191
Ti6Al4V_workpiece,55.96748968
Ti6Al4V_workpiece,48.49643232
Ti6Al4V_workpiece,48.32527129
Ti6Al4V_workpiece,48.15630005
Ti6Al4V_workpiece,53.1197111
Ti6Al4V_workpiece,59.14493051
Ti6Al4V_workpiece,44.06745046
Ti6Al4V_workpiece,58.16923579
Ti6Al4V_workpiece,51.37769
Ti6Al4V_workpiece,53.38194968
Ti6Al4V_workpiece,50.93248782
Ti6Al4V_workpiece,54.29389406
Ti6Al4V_workpiece,51.34089443
Ti6Al4V_workpiece,45.81937056
Ti6Al4V_workpiece,56.65072502
Ti6Al4V_workpiece,50.59718364
Ti6Al4V_workpiece,50.48222669
Ti6Al4V_workpiece,54.6771847
Ti6Al4V_workpiece,54.20582726
Ti6Al4V_workpiece,54.71636931
Ti6Al4V_workpiece,51.7590397
Ti6Al4V_workpiece,48.10277116
Ti6Al4V_workpiece,56.21271066
Ti6Al4V_workpiece,48.77929469
Ti6Al4V_workpiece,53.30023426
Ti6Al4V_workpiece,47.84106346
Ti6Al4V_workpiece,50.15364035
Ti6Al4V_workpiece,57.15122011
Ti6Al4V_workpiece,54.97527915
Ti6Al4V_workpiece,54.79159655
Ti6Al4V_workpiece,53.82212182
Ti6Al4V_workpiece,53.0207616
Ti6Al4V_powder,66.82507744
Ti6Al4V_powder,68.3104913
Ti6Al4V_powder,59.07529092
Ti6Al4V_powder,56.63933415
Ti6Al4V_powder,56.82685426
Ti6Al4V_powder,58.31678971
Ti6Al4V_powder,55.51415421
Ti6Al4V_powder,65.46613448
Ti6Al4V_powder,60.7201375
Ti6Al4V_powder,58.84844935
Ti6Al4V_powder,59.01207199
Ti6Al4V_powder,56.72238624
Ti6Al4V_powder,58.66647357
Ti6Al4V_powder,58.75564453
Ti6Al4V_powder,55.80752227
Ti6Al4V_powder,64.37645144
Ti6Al4V_powder,59.03092352
Ti6Al4V_powder,69.45850699
Ti6Al4V_powder,60.2385408
Ti6Al4V_powder,59.42875299
Ti6Al4V_powder,51.91688736
Ti6Al4V_powder,60.77433402
Ti6Al4V_powder,59.74433803
Ti6Al4V_powder,57.40034527
Ti6Al4V_powder,55.3403197
Ti6Al4V_powder,61.02273281
Ti6Al4V_powder,55.85767419
Ti6Al4V_powder,61.13328224
Ti6Al4V_powder,60.76346542
Ti6Al4V_powder,58.6049913
Ti6Al4V_powder,56.60329393
Ti6Al4V_powder,62.462231
Ti6Al4V_powder,57.9780057
Ti6Al4V_powder,57.9045571
Ti6Al4V_powder,59.63731774
Ti6Al4V_powder,64.75140959
Ti6Al4V_powder,56.82633795
Ti6Al4V_powder,57.87433814
Ti6Al4V_powder,58.0946704
Ti6Al4V_powder,58.7363198
Ti6Al4V_powder,66.01251272
Ti6Al4V_powder,61.75129894
Ti6Al4V_powder,57.60828063
Ti6Al4V_powder,58.49752974
Ti6Al4V_powder,54.68171058
Ti6Al4V_powder,61.87124509
Ti6Al4V_powder,72.1875406
Ti6Al4V_powder,55.17817033
Ti6Al4V_powder,61.60084089
Ti6Al4V_powder,67.61839014
Ti6Al4V_powder,58.89210393
Ti6Al4V_powder,56.5198052
Ti6Al4V_powder,55.25825391
Ti6Al4V_powder,57.23900085
Ti6Al4V_powder,61.24955586
Ti6Al4V_powder,59.17750522
Ti6Al4V_powder,53.60666517
Ti6Al4V_powder,58.12830836
Ti6Al4V_powder,59.16202204
Ti6Al4V_powder,61.45187532
Ti6Al4V_powder,60.79029061
Ti6Al4V_powder,66.02125307
Ti6Al4V_powder,60.4302288
Ti6Al4V_powder,57.22840501
Ti6Al4V_powder,56.94981467
Ti6Al4V_powder,63.69887276
Ti6Al4V_powder,54.05551103
Ti6Al4V_powder,57.46966497
Ti6Al4V_powder,56.98153607
Ti6Al4V_powder,54.75354511
Ti6Al4V_powder,53.90991078
Ti6Al4V_powder,58.9882195
Ti6Al4V_powder,59.67720726
Ti6Al4V_powder,63.07306158
Ti6Al4V_powder,56.89990675
Ti6Al4V_powder,60.03708394
Ti6Al4V_powder,59.75928757
Ti6Al4V_powder,64.92721513
Ti6Al4V_powder,56.68585206
Ti6Al4V_powder,60.79801996
Ti6Al4V_powder,62.01697494
Ti6Al4V_powder,62.47690388
Ti6Al4V_powder,55.06461973
Ti6Al4V_powder,55.19481483
Ti6Al4V_powder,57.11945834
Ti6Al4V_powder,58.0729564
Ti6Al4V_powder,58.97746234
Ti6Al4V_powder,62.70778954
Ti6Al4V_powder,62.81005875
Ti6Al4V_powder,60.96524773
Ti6Al4V_powder,58.58808713
Ti6Al4V_powder,60.08404644
Ti6Al4V_powder,62.60584555
Ti6Al4V_powder,65.80790783
Ti6Al4V_powder,57.41871065
Ti6Al4V_powder,62.10252772
Ti6Al4V_powder,55.73408099
Ti6Al4V_powder,55.35091715
Ti6Al4V_powder,59.33737603
Ti6Al4V_powder,56.64949115
Ti6Al4V_powder,60.08617449
Ti6Al4V_powder,59.94429483
Ti6Al4V_powder,53.19274669
Ti6Al4V_powder,60.37027608
Ti6Al4V_powder,56.84458898
Ti6Al4V_powder,58.8029198
Ti6Al4V_powder,59.82375492
Ti6Al4V_powder,59.00066889
Ti6Al4V_powder,56.78760611
Ti6Al4V_powder,60.93168067
Ti6Al4V_powder,53.14131467
Ti6Al4V_powder,59.72381284
Ti6Al4V_powder,55.8965072
Ti6Al4V_powder,56.73879139
Ti6Al4V_powder,56.05473593
Ti6Al4V_powder,60.54575234
Ti6Al4V_powder,55.48478249
Ti6Al4V_powder,61.20663155
Ti6Al4V_powder,63.80356188
Ti6Al4V_powder,58.94252765
Ti6Al4V_powder,60.61978443
Ti6Al4V_powder,61.05305199
Ti6Al4V_powder,55.41747623
Ti6Al4V_powder,54.13974738
Ti6Al4V_powder,65.90802176
Ti6Al4V_powder,72.08736922
Ti6Al4V_powder,59.1386701
Ti6Al4V_powder,57.74202996
Ti6Al4V_powder,57.87716974
Ti6Al4V_powder,61.41963296
Ti6Al4V_powder,52.68666743
Ti6Al4V_powder,66.7651253
Ti6Al4V_powder,64.82030703
Ti6Al4V_powder,57.20744963
Ti6Al4V_powder,60.76644682
Ti6Al4V_powder,56.97980963
Ti6Al4V_powder,54.25477717
Ti6Al4V_powder,63.29231209
Ti6Al4V_powder,53.37868909
Ti6Al4V_powder,64.64866854
Ti6Al4V_powder,61.05312791
Ti6Al4V_powder,56.98234359
Ti6Al4V_powder,63.23904157
Ti6Al4V_powder,56.7893654
Ti6Al4V_powder,59.63003663
Ti6Al4V_powder,55.85226032
Ti6Al4V_powder,62.30120159
Ti6Al4V_powder,64.57005608
Ti6Al4V_powder,57.39747672
Ti6Al4V_powder,60.10713532
Ti6Al4V_powder,57.65438909
Ti6Al4V_powder,58.93205925
Ti6Al4V_powder,58.96271337
Ti6Al4V_powder,62.13739353
Ti6Al4V_powder,56.1763127
Ti6Al4V_powder,64.64170585
Ti6Al4V_powder,61.39858163
Ti6Al4V_powder,57.2569467
Ti6Al4V_powder,65.62088907
Ti6Al4V_powder,56.13999209
Ti6Al4V_powder,56.58210238
Ti6Al4V_powder,58.17814957
Ti6Al4V_powder,58.03309578
Ti6Al4V_powder,62.7275769
Ti6Al4V_powder,62.87522925
Ti6Al4V_powder,62.2974031
Ti6Al4V_powder,62.85658259
Ti6Al4V_powder,64.83446357
Ti6Al4V_powder,58.9010599
Ti6Al4V_powder,56.63039459
Ti6Al4V_powder,60.71202198
Ti6Al4V_powder,64.18140295
Ti6Al4V_powder,56.65774907
Ti6Al4V_powder,56.15321091
Ti6Al4V_powder,59.38299183
Ti6Al4V_powder,59.63848558
Ti6Al4V_powder,57.20479971
Ti6Al4V_powder,66.20135324
Ti6Al4V_powder,58.51403621
Ti6Al4V_powder,62.97720275
Ti6Al4V_powder,56.83356578
Ti6Al4V_powder,64.61704652
Ti6Al4V_powder,58.02366845
Ti6Al4V_powder,55.26904657
Ti6Al4V_powder,59.39140914
Ti6Al4V_powder,59.90650642
Ti6Al4V_powder,57.83149513
Ti6Al4V_powder,64.77174259
Ti6Al4V_powder,58.904482
Ti6Al4V_powder,57.90655338
Ti6Al4V_powder,57.34068039
Ti6Al4V_powder,67.21571557
Ti6Al4V_powder,58.5093023
Ti6Al4V_powder,54.70073244
Ti6Al4V_powder,58.87969463
Ti6Al4V_powder,55.53925077
Ti6Al4V_powder,57.60421235
Ti6Al4V_powder,59.72210003
Ti6Al4V_powder,60.28733365
Ti6Al4V_powder,56.9640599
Ti6Al4V_powder,57.4268952
Ti6Al4V_powder,65.09202735
Ti6Al4V_powder,56.91103029
Ti6Al4V_powder,61.35600802
Ti6Al4V_powder,60.9019074
Ti6Al4V_powder,53.51699688
Ti6Al4V_powder,56.89901401
Ti6Al4V_powder,56.3140596
Ti6Al4V_powder,56.16295727
Ti6Al4V_powder,57.53879846
Ti6Al4V_powder,58.14743967
Ti6Al4V_powder,62.63843516
Ti6Al4V_powder,64.28854492
Ti6Al4V_powder,59.78023406
Ti6Al4V_powder,59.80713922
Ti6Al4V_powder,59.01394068
Ti6Al4V_powder,58.66356246
Ti6Al4V_powder,55.15372358
Ti6Al4V_powder,62.56909191
Ti6Al4V_powder,55.26575208
Ti6Al4V_powder,59.12835992
Ti6Al4V_powder,57.11437356
Ti6Al4V_powder,57.00587244
Ti6Al4V_powder,57.26959149
Ti6Al4V_powder,64.14569104
Ti6Al4V_powder,61.89414288
Ti6Al4V_powder,68.45004369
Ti6Al4V_powder,65.11880425
Ti6Al4V_powder,63.53658911
Ti6Al4V_powder,48.43519691
Ti6Al4V_powder,55.53775823
Ti6Al4V_powder,59.86333015
Ti6Al4V_powder,60.24815585
Ti6Al4V_powder,54.59415304
Ti6Al4V_powder,60.0213099
Ti6Al4V_powder,60.04659414
Ti6Al4V_powder,62.77965143
Ti6Al4V_powder,54.94785319
Ti6Al4V_powder,61.02995231
Ti6Al4V_powder,62.12743083
Ti6Al4V_powder,57.30926907
Ti6Al4V_powder,59.19173481
Ti6Al4V_powder,64.78705584
Ti6Al4V_powder,61.55032657
Ti6Al4V_powder,56.57167233
Ti6Al4V_powder,61.30395106
Ti6Al4V_powder,56.69859508
Ti6Al4V_powder,60.16409742
Ti6Al4V_powder,67.99026429
Ti6Al4V_powder,65.68824426
Ti6Al4V_powder,59.45632618
Ti6Al4V_powder,58.63114594
Ti6Al4V_powder,61.19539879
Ti6Al4V_powder,59.83572249
Ti6Al4V_powder,61.05813765
Ti6Al4V_powder,65.34042143
Ti6Al4V_powder,56.89801876
Ti6Al4V_powder,61.63943619
Ti6Al4V_powder,64.52232371
Ti6Al4V_powder,60.03391388
Ti6Al4V_powder,66.19332666
Ti6Al4V_powder,65.56577529
Ti6Al4V_powder,57.12646243
Ti6Al4V_powder,56.64093617
Ti6Al4V_powder,57.60341439
Ti6Al4V_powder,57.10175878
Ti6Al4V_powder,52.76129382
Ti6Al4V_powder,59.98484636
Ti6Al4V_powder,61.87984175
Ti6Al4V_powder,65.06709844
Ti6Al4V_powder,63.55526766
Ti6Al4V_powder,55.51191997
Ti6Al4V_powder,61.81439885
Ti6Al4V_powder,57.94809838
Ti6Al4V_powder,56.23644183
Ti6Al4V_powder,59.77053862
Ti6Al4V_powder,62.94878273
Ti6Al4V_powder,61.97121709
Ti6Al4V_powder,60.2516445
Ti6Al4V_powder,55.22375309
Ti6Al4V_powder,61.09743963
Ti6Al4V_powder,58.55892227
Ti6Al4V_powder,70.75812596
Ti6Al4V_powder,57.61597689
Ti6Al4V_powder,59.24560393
Ti6Al4V_powder,57.97033683
Ti6Al4V_powder,58.7789151
Ti6Al4V_powder,61.43728358
Ti6Al4V_powder,53.86394864
Ti6Al4V_powder,54.77586975
Ti6Al4V_powder,59.57997826
Ti6Al4V_powder,61.85867739
Ti6Al4V_powder,55.66226815
Ti6Al4V_powder,58.8263259
Ti6Al4V_powder,58.54192475
Ti6Al4V_powder,59.17945445
Ti6Al4V_powder,55.97546451
Ti6Al4V_powder,56.6835602
Ti6Al4V_powder,63.9292183
Ti6Al4V_powder,59.88556281
Ti6Al4V_powder,68.10682765
Ti6Al4V_powder,54.69416369
Ti6Al4V_powder,60.92166262
Ti6Al4V_powder,56.67808099
Ti6Al4V_powder,63.46575209
Ti6Al4V_powder,60.80509505
Ti6Al4V_powder,62.01121574
Ti6Al4V_powder,53.28401676
Ti6Al4V_powder,59.94984645
Ti6Al4V_powder,58.66379306
Ti6Al4V_powder,60.48547638
Ti6Al4V_powder,54.48615975
Ti6Al4V_powder,62.14583169
Ti6Al4V_powder,60.59725026
Ti6Al4V_powder,56.57024923
Ti6Al4V_powder,61.05735839
Ti6Al4V_powder,67.61730149
Ti6Al4V_powder,58.06992046
Ti6Al4V_powder,58.84617561
Ti6Al4V_powder,61.35680314
Ti6Al4V_powder,63.54958756
Ti6Al4V_powder,51.09262373
Ti6Al4V_powder,57.43496276
Ti6Al4V_powder,53.35284799
Ti6Al4V_powder,61.34917316
Ti6Al4V_powder,58.779057
Ti6Al4V_powder,60.65596631
Ti6Al4V_powder,67.85688408
Ti6Al4V_powder,59.94370822
Ti6Al4V_powder,66.38081123
Ti6Al4V_powder,61.61321836
Ti6Al4V_powder,58.74492103
Ti6Al4V_powder,55.60276295
Ti6Al4V_powder,65.1444163
Ti6Al4V_powder,61.2437326
Ti6Al4V_powder,62.87356712
Ti6Al4V_powder,59.04887636
Ti6Al4V_powder,56.49650643
Ti6Al4V_powder,57.1550783
Ti6Al4V_powder,58.08902241
Ti6Al4V_powder,61.94536812
Ti6Al4V_powder,63.36797589
Ti6Al4V_powder,58.39027022
Ti6Al4V_powder,57.61871851
Ti6Al4V_powder,61.01561376
Ti6Al4V_powder,57.88177575
Ti6Al4V_powder,65.03622395
Ti6Al4V_powder,65.57072115
Ti6Al4V_powder,58.37609252
Ti6Al4V_powder,51.55261206
Ti6Al4V_powder,60.07925135
Ti6Al4V_powder,56.73447798
Ti6Al4V_powder,54.33276143
Ti6Al4V_powder,65.25768848
Ti6Al4V_powder,61.5812567
Ti6Al4V_powder,61.52878626
Ti6Al4V_powder,61.14738685
Ti6Al4V_powder,56.93870047
Ti6Al4V_powder,55.74232084
Ti6Al4V_powder,58.61115713
Ti6Al4V_powder,64.34308042
Ti6Al4V_powder,61.91225564
Ti6Al4V_powder,54.50732335
Ti6Al4V_powder,58.3314638
Ti6Al4V_powder,54.51882373
Ti6Al4V_powder,53.4681258
Ti6Al4V_powder,63.01477865
Ti6Al4V_powder,64.68013296
Ti6Al4V_powder,64.87470856
Ti6Al4V_powder,61.76303508
Ti6Al4V_powder,63.56462669
Ti6Al4V_powder,59.15058855
Ti6Al4V_powder,54.62526224
Ti6Al4V_powder,59.76948867
Ti6Al4V_powder,62.65367928
Ti6Al4V_powder,62.53861217
Ti6Al4V_powder,58.52636685
Ti6Al4V_powder,58.18195987
Ti6Al4V_powder,68.75831491
Ti6Al4V_powder,60.60869661
Ti6Al4V_powder,57.37079019
Ti6Al4V_powder,57.2094899
Ti6Al4V_powder,57.7100781
Ti6Al4V_powder,55.64070771
Ti6Al4V_powder,64.96653894
Ti6Al4V_powder,56.71980625
Ti6Al4V_powder,52.36172726
Ti6Al4V_powder,64.55783005
Ti6Al4V_powder,62.63818799
Ti6Al4V_powder,51.96700038
Ti6Al4V_powder,60.75107867
Ti6Al4V_powder,57.70249876
Ti6Al4V_powder,63.9240607
Ti6Al4V_powder,67.82757564
Ti6Al4V_powder,61.30105853
Ti6Al4V_powder,59.56843808
Ti6Al4V_powder,58.61426813
Ti6Al4V_powder,64.22423995
Ti6Al4V_powder,53.53485179
Ti6Al4V_powder,57.9908557
Ti6Al4V_powder,57.46379862
Ti6Al4V_powder,60.15740515
Ti6Al4V_powder,59.64012928
Ti6Al4V_powder,53.06359292
Ti6Al4V_powder,62.07248551
Ti6Al4V_powder,56.47442057
Ti6Al4V_powder,59.40214517
Ti6Al4V_powder,64.88808557
Ti6Al4V_powder,65.81123003
Ti6Al4V_powder,61.06564873
Ti6Al4V_powder,64.47704787
Ti6Al4V_powder,64.37283325
Ti6Al4V_powder,57.70977161
Ti6Al4V_powder,61.2566802
Ti6Al4V_powder,57.01552137
Ti6Al4V_powder,54.69810717
Ti6Al4V_powder,54.20493409
Ti6Al4V_powder,66.93769429
Ti6Al4V_powder,60.8430057
Ti6Al4V_powder,59.12433363
Ti6Al4V_powder,56.76277283
Ti6Al4V_powder,56.43234598
Ti6Al4V_powder,53.89298032
Ti6Al4V_powder,66.59835404
Ti6Al4V_powder,59.36570011
Ti6Al4V_powder,55.87447978
Ti6Al4V_powder,56.00031377
Ti6Al4V_powder,62.32176584
Ti6Al4V_powder,61.68534351
Ti6Al4V_powder,61.8580102
Ti6Al4V_powder,65.14761424
Ti6Al4V_powder,59.78425897
Ti6Al4V_powder,57.2568176
Ti6Al4V_powder,56.01844852
Ti6Al4V_powder,61.97835533
Ti6Al4V_powder,54.83088834
Ti6Al4V_powder,57.35643246
Ti6Al4V_powder,62.93451213
Ti6Al4V_powder,55.77898512
Ti6Al4V_powder,58.52272774
Ti6Al4V_powder,64.98844934
Ti6Al4V_powder,60.95177249
Ti6Al4V_powder,57.98297419
Ti6Al4V_powder,60.73855198
Ti6Al4V_powder,55.73991703
Ti6Al4V_powder,59.17094374
Ti6Al4V_powder,61.78933368
Ti6Al4V_powder,61.92995697
Ti6Al4V_powder,65.25706777
Ti6Al4V_powder,58.35191081
Ti6Al4V_powder,58.92797267
Ti6Al4V_powder,57.5986728
Ti6Al4V_powder,56.83805948
Ti6Al4V_powder,62.75151729
Ti6Al4V_powder,61.46402655
Ti6Al4V_powder,56.69529605
Ti6Al4V_powder,58.85340456
Ti6Al4V_powder,56.98265471
Ti6Al4V_powder,53.52590382
Ti6Al4V_powder,61.95910427
Ti6Al4V_powder,65.84774851
Ti6Al4V_powder,54.80250766
Ti6Al4V_powder,64.02753176
Ti6Al4V_powder,55.9290238
Ti6Al4V_powder,53.86329401
Ti6Al4V_powder,58.75095421
Ti6Al4V_powder,64.37468191
Ti6Al4V_powder,61.19566355
Ti6Al4V_powder,60.08736292
Ti6Al4V_powder,58.21487072
Ti6Al4V_powder,58.97211226
Ti6Al4V_powder,55.84317421
Ti6Al4V_powder,63.05403581
Ti6Al4V_powder,59.64273721
Ti6Al4V_powder,66.40026086
Ti6Al4V_powder,52.32935288
Ti6Al4V_powder,60.0010322
Ti6Al4V_powder,66.0053527
Ti6Al4V_powder,56.44115408
Ti6Al4V_powder,54.25593583
Ti6Al4V_powder,57.48866404
Ti6Al4V_powder,51.4645589
Ti6Al4V_powder,59.31617807
Ti6Al4V_powder,66.42032444
Ti6Al4V_powder,57.39650541
Ti6Al4V_powder,59.75069257
Ti6Al4V_powder,60.25127201
Ti6Al4V_powder,59.86078415
Ti6Al4V_powder,55.4178692
Ti6Al4V_powder,55.5128157
Ti6Al4V_powder,65.28001805
Ti6Al4V_powder,59.60558906
Ti6Al4V_powder,62.03772795
Ti6Al4V_powder,63.77429533
Ti6Al4V_powder,54.96160528
Ti6Al4V_powder,62.02517631
Ti6Al4V_powder,61.9510759
Ti6Al4V_powder,57.35031282
Ti6Al4V_powder,52.50959978
Ti6Al4V_powder,63.94884045
Ti6Al4V_powder,60.47562115
Ti6Al4V_powder,56.93038289
Ti6Al4V_powder,64.06730186
Ti6Al4V_powder,55.36624495
Ti6Al4V_powder,62.95998829
Ti6Al4V_powder,61.34437575
Ti6Al4V_powder,57.94674798
Ti6Al4V_powder,60.85819107
Ti6Al4V_powder,73.58143588
Ti6Al4V_powder,61.52730903
Ti6Al4V_powder,59.48736748
Ti6Al4V_powder,56.79970035
Ti6Al4V_powder,59.51495821
Ti6Al4V_powder,62.36298274
Ti6Al4V_powder,63.02370274
Ti6Al4V_powder,61.36264791
Ti6Al4V_powder,82.20917198
Ti6Al4V_powder,59.72788648
Ti6Al4V_powder,56.93515574
Ti6Al4V_powder,59.7915462
Ti6Al4V_powder,62.58475856
Ti6Al4V_powder,56.79827469
Ti6Al4V_powder,62.42804556
Ti6Al4V_powder,57.11797511
Ti6Al4V_powder,59.43160057
Ti6Al4V_powder,60.30049582
Ti6Al4V_powder,57.60088957
Ti6Al4V_powder,62.88071735
Ti6Al4V_powder,61.56419026
Ti6Al4V_powder,59.75243417
Ti6Al4V_powder,53.19601907
Ti6Al4V_powder,60.72534125
Ti6Al4V_powder,57.38274221
Ti6Al4V_powder,58.31590098
Ti6Al4V_powder,64.95156821
Ti6Al4V_powder,56.35411907
Ti6Al4V_powder,65.31038821
Ti6Al4V_powder,63.58218171
Ti6Al4V_powder,55.60999656
Ti6Al4V_powder,66.58221364
Ti6Al4V_powder,57.33632605
Ti6Al4V_powder,58.96899237
Ti6Al4V_powder,75.35465653
Ti6Al4V_powder,59.39545061
Ti6Al4V_powder,54.16726062
Ti6Al4V_powder,63.94982662
Ti6Al4V_powder,59.54346339
Ti6Al4V_powder,65.78314398
Ti6Al4V_powder,54.32563424
Ti6Al4V_powder,69.14328346
Ti6Al4V_powder,60.54922127
Ti6Al4V_powder,56.84589867
Ti6Al4V_powder,65.87800166
Ti6Al4V_powder,62.02446019
Ti6Al4V_powder,56.70471657
Ti6Al4V_powder,53.4755139
Ti6Al4V_powder,62.65841342
Ti6Al4V_powder,55.81965665
Ti6Al4V_powder,56.31924218
Ti6Al4V_powder,57.2835859
Ti6Al4V_powder,59.8179006
Ti6Al4V_powder,57.50941965
Ti6Al4V_powder,59.7918112
Ti6Al4V_powder,55.14305742
Ti6Al4V_powder,63.84459831
Ti6Al4V_powder,55.92451839
Ti6Al4V_powder,59.27126353
Ti6Al4V_powder,60.73815235
Ti6Al4V_powder,59.10759398
Ti6Al4V_powder,57.71372929
Ti6Al4V_powder,68.82123396
Ti6Al4V_powder,55.87194254
Ti6Al4V_powder,60.49245979
Ti6Al4V_powder,69.55221219
Ti6Al4V_powder,58.07483266
Ti6Al4V_powder,61.51863873
Ti6Al4V_powder,59.93695991
Ti6Al4V_powder,63.81138724
Ti6Al4V_powder,56.40979945
Ti6Al4V_powder,58.86297439
Ti6Al4V_powder,57.01606466
Ti6Al4V_powder,62.0011583
Ti6Al4V_powder,60.58001907
Ti6Al4V_powder,55.66467053
Ti6Al4V_powder,58.36086462
Ti6Al4V_powder,58.33077424
Ti6Al4V_powder,54.97761902
Ti6Al4V_powder,56.81069593
Ti6Al4V_powder,55.38416996
Ti6Al4V_powder,60.41524009
Ti6Al4V_powder,57.58510195
Ti6Al4V_powder,66.84986187
Ti6Al4V_powder,57.20181342
Ti6Al4V_powder,59.6644476
Ti6Al4V_powder,62.907524
Ti6Al4V_powder,54.39916533
Ti6Al4V_powder,61.55206957
Ti6Al4V_powder,55.11174343
Ti6Al4V_powder,56.42515677
Ti6Al4V_powder,57.70595883
Ti6Al4V_powder,59.64782262
Ti6Al4V_powder,59.59668325
Ti6Al4V_powder,63.54428811
Ti6Al4V_powder,54.51007835
Ti6Al4V_powder,54.58860704
Ti6Al4V_powder,62.12624485
Ti6Al4V_powder,58.01836971
Ti6Al4V_powder,58.7238232
Ti6Al4V_powder,53.32798635
Ti6Al4V_powder,60.56677761
Ti6Al4V_powder,56.85349808
Ti6Al4V_powder,56.9762346
Ti6Al4V_powder,60.9368055
Ti6Al4V_powder,60.80608161
Ti6Al4V_powder,56.19211277
Ti6Al4V_powder,61.93089685
Ti6Al4V_powder,67.78647819
Ti6Al4V_powder,62.11762369
Ti6Al4V_powder,63.78982661
Ti6Al4V_powder,63.72261289
Ti6Al4V_powder,62.57083189
Ti6Al4V_powder,228.2360432
Ti6Al4V_powder,62.30419528
Ti6Al4V_powder,66.7898727
Ti6Al4V_powder,60.47770067
Ti6Al4V_powder,59.91861559
Ti6Al4V_powder,68.92925676
Ti6Al4V_powder,69.94601064
Ti6Al4V_powder,58.28517398
Ti6Al4V_powder,51.93669091
Ti6Al4V_powder,55.5296788
Ti6Al4V_powder,58.68787234
Ti6Al4V_powder,62.14035841
Ti6Al4V_powder,55.47551322
Ti6Al4V_powder,53.80397176
Ti6Al4V_powder,56.18496672
Ti6Al4V_powder,53.91229964
Ti6Al4V_powder,60.95216994
Ti6Al4V_powder,68.04778922
Ti6Al4V_powder,63.09002333
Ti6Al4V_powder,53.32388842
Ti6Al4V_powder,62.88969805
Ti6Al4V_powder,60.80768679
Ti6Al4V_powder,51.97071676
Ti6Al4V_powder,59.14231265
Ti6Al4V_powder,56.92716658
Ti6Al4V_powder,57.4619936
Ti6Al4V_powder,64.45156477
Ti6Al4V_powder,55.66801187
Ti6Al4V_powder,58.04761567
Ti6Al4V_powder,58.21454845
Ti6Al4V_powder,62.26884049
Ti6Al4V_powder,56.37646516
Ti6Al4V_powder,56.21777829
Ti6Al4V_powder,62.89551947
Ti6Al4V_powder,59.55406572
Ti6Al4V_powder,62.41574942
Ti6Al4V_powder,60.50272633
Ti6Al4V_powder,65.8854985
Ti6Al4V_powder,57.42538392
Ti6Al4V_powder,63.12157166
Ti6Al4V_powder,57.54827947
Ti6Al4V_powder,58.31237433
Ti6Al4V_powder,63.21036385
Ti6Al4V_powder,60.29416381
Ti6Al4V_powder,55.98028305
Ti6Al4V_powder,59.5089249
Ti6Al4V_powder,58.38679343
Ti6Al4V_powder,57.72063423
Ti6Al4V_powder,57.5286681
Ti6Al4V_powder,57.60179348
Ti6Al4V_powder,55.37027181
Ti6Al4V_powder,61.01379088
Ti6Al4V_powder,59.5422547
Ti6Al4V_powder,61.49432947
Ti6Al4V_powder,56.87884844
Ti6Al4V_powder,61.48095135
Ti6Al4V_powder,58.15882042
Ti6Al4V_powder,54.56453788
Ti6Al4V_powder,66.70148701
Ti6Al4V_powder,58.48220019
Ti6Al4V_powder,56.13359125
Ti6Al4V_powder,65.35029578
Ti6Al4V_powder,63.2895928
Ti6Al4V_powder,62.6143152
Ti6Al4V_powder,58.50182381
Ti6Al4V_powder,57.53555001
Ti6Al4V_powder,65.12253559
Ti6Al4V_powder,57.31585644
Ti6Al4V_powder,52.9256632
Ti6Al4V_powder,60.75278398
Ti6Al4V_powder,58.28948552
Ti6Al4V_powder,57.0780908
Ti6Al4V_powder,60.84859119
Ti6Al4V_powder,62.13271693
Ti6Al4V_powder,58.37602338
Ti6Al4V_powder,58.97871719
Ti6Al4V_powder,66.89537476
Ti6Al4V_powder,57.70405623
Ti6Al4V_powder,61.36046175
Ti6Al4V_powder,61.16072249
Ti6Al4V_powder,58.31017531
Ti6Al4V_powder,60.56771382
Ti6Al4V_powder,62.10496907
Ti6Al4V_powder,55.40387742
Ti6Al4V_powder,63.50970993
Ti6Al4V_powder,56.10486813
Ti6Al4V_powder,59.28707433
Ti6Al4V_powder,56.45457911
Ti6Al4V_powder,63.47442627
Ti6Al4V_powder,60.21325127
Ti6Al4V_powder,56.11784869
Ti6Al4V_powder,60.37769397
Ti6Al4V_powder,60.73525832
Ti6Al4V_powder,56.3380545
Ti6Al4V_powder,56.52259647
Ti6Al4V_powder,57.81332687
Ti6Al4V_powder,61.02535299
Ti6Al4V_powder,61.0368611
Ti6Al4V_powder,58.907813
Ti6Al4V_powder,60.46616828
Ti6Al4V_powder,70.9153853
Ti6Al4V_powder,55.97313418
Ti6Al4V_powder,62.88881804
Ti6Al4V_powder,64.64272072
Ti6Al4V_powder,62.65915432
Ti6Al4V_powder,56.49890513
Ti6Al4V_powder,55.18209947
Ti6Al4V_powder,57.76357027
Ti6Al4V_powder,68.27998423
Ti6Al4V_powder,64.52398275
Ti6Al4V_powder,58.83555406
Ti6Al4V_powder,56.43259547
Ti6Al4V_powder,64.84691427
Ti6Al4V_powder,62.20682247
Ti6Al4V_powder,66.02303672
Ti6Al4V_powder,56.78805231
Ti6Al4V_powder,54.5195677
Ti6Al4V_powder,62.79456972
Ti6Al4V_powder,54.91093361
Ti6Al4V_powder,55.41209632
Ti6Al4V_powder,62.52604582
Ti6Al4V_powder,59.65945404
Ti6Al4V_powder,59.46520347
Ti6Al4V_powder,56.76477256
Ti6Al4V_powder,68.01493043
Ti6Al4V_powder,63.00027348
Ti6Al4V_powder,55.73662842
Ti6Al4V_powder,61.38291881
Ti6Al4V_powder,55.44510346
Ti6Al4V_powder,57.37598411
Ti6Al4V_powder,61.2418366
Ti6Al4V_powder,62.56831829
Ti6Al4V_powder,56.55945649
Ti6Al4V_powder,61.93239387
Ti6Al4V_powder,62.49581555
Ti6Al4V_powder,62.14082892
Ti6Al4V_powder,62.06761681
Ti6Al4V_powder,57.71921564
Ti6Al4V_powder,59.53082068
Ti6Al4V_powder,68.99148013
Ti6Al4V_powder,59.83346814
Ti6Al4V_powder,58.06593429
Ti6Al4V_powder,55.7791976
Ti6Al4V_powder,59.93672308
Ti6Al4V_powder,59.5916916
Ti6Al4V_powder,54.050981
Ti6Al4V_powder,56.97779727
Ti6Al4V_powder,52.14609234
Ti6Al4V_powder,61.26694897
Ti6Al4V_powder,60.28733791
Ti6Al4V_powder,57.55793932
Ti6Al4V_powder,66.51675716
Ti6Al4V_powder,58.89400974
Ti6Al4V_powder,54.49116307
Ti6Al4V_powder,62.10525476
Ti6Al4V_powder,53.15335991
Ti6Al4V_powder,56.97864696
Ti6Al4V_powder,56.26559745
Ti6Al4V_powder,58.59815513
Ti6Al4V_powder,64.28284013
Ti6Al4V_powder,54.40232824
Ti6Al4V_powder,56.38323899
Ti6Al4V_powder,60.78965365
Ti6Al4V_powder,60.32348633
Ti6Al4V_powder,60.79220068
Ti6Al4V_powder,51.53054798
Ti6Al4V_powder,59.19416508
Ti6Al4V_powder,55.27999466
Ti6Al4V_powder,64.0483604
Ti6Al4V_powder,57.59994333
Ti6Al4V_powder,60.42177988
Ti6Al4V_powder,63.50745193
Ti6Al4V_powder,55.88746356
Ti6Al4V_powder,57.4491632
Ti6Al4V_powder,51.86360541
Ti6Al4V_powder,58.37034541
Ti6Al4V_powder,55.45826804
Ti6Al4V_powder,59.63955442
Ti6Al4V_powder,58.02107377
Ti6Al4V_powder,61.36173657
Ti6Al4V_powder,58.58820906
Ti6Al4V_powder,58.00179777
Ti6Al4V_powder,55.99214752
Ti6Al4V_powder,57.3891014
Ti6Al4V_powder,57.75581676
Ti6Al4V_powder,65.02589422
Ti6Al4V_powder,64.5886465
Ti6Al4V_powder,80.85717245
Ti6Al4V_powder,56.22731854
Ti6Al4V_powder,57.42545976
Ti6Al4V_powder,57.20581003
Ti6Al4V_powder,61.9740933
Ti6Al4V_powder,57.45938638
Ti6Al4V_powder,62.53068748
Ti6Al4V_powder,61.74993721
Ti6Al4V_powder,60.46004997
Ti6Al4V_powder,56.25309103
Ti6Al4V_powder,56.14675174
Ti6Al4V_powder,51.80527972
Ti6Al4V_powder,59.49639917
Ti6Al4V_powder,66.21996984
Ti6Al4V_powder,54.48243239
Ti6Al4V_powder,59.4381131
Ti6Al4V_powder,60.05185306
Ti6Al4V_powder,56.96070899
Ti6Al4V_powder,61.77881652
Ti6Al4V_powder,56.41241299
Ti6Al4V_powder,61.83406814
Ti6Al4V_powder,56.55934232
Ti6Al4V_powder,65.2559732
Ti6Al4V_powder,62.83506952
Ti6Al4V_powder,59.50082549
Ti6Al4V_powder,61.88431768
Ti6Al4V_powder,59.96783526
Ti6Al4V_powder,60.86582988
Ti6Al4V_powder,68.38392276
Ti6Al4V_powder,58.56910982
Ti6Al4V_powder,57.51218115
Ti6Al4V_powder,57.27087865
Ti6Al4V_powder,59.59117171
Ti6Al4V_powder,59.67145328
Ti6Al4V_powder,51.88714953
Ti6Al4V_powder,58.7387836
Ti6Al4V_powder,60.23133863
Ti6Al4V_powder,59.29074921
Ti6Al4V_powder,55.3793499
Ti6Al4V_powder,59.54027015
Ti6Al4V_powder,61.94153729
Ti6Al4V_powder,66.47350892
Ti6Al4V_powder,56.84184262
Ti6Al4V_powder,57.38123555
Ti6Al4V_powder,63.70982225
Ti6Al4V_powder,56.34682238
Ti6Al4V_powder,55.56315314
Ti6Al4V_powder,57.41880054
Ti6Al4V_powder,64.79153084
Ti6Al4V_powder,58.1487258
Ti6Al4V_powder,58.22111314
Ti6Al4V_powder,57.12287497
Ti6Al4V_powder,60.77880836
Ti6Al4V_powder,59.36297477
Ti6Al4V_powder,57.54483924
Ti6Al4V_powder,59.97309113
Ti6Al4V_powder,53.72816056
Ti6Al4V_powder,59.45757676
Ti6Al4V_powder,56.55816728
Ti6Al4V_powder,60.36890569
Ti6Al4V_powder,59.05126328
Ti6Al4V_powder,58.47211596
Ti6Al4V_powder,59.61963581
Ti6Al4V_powder,60.63641836
Ti6Al4V_powder,61.4208503
Ti6Al4V_powder,59.93588511
Ti6Al4V_powder,70.67121158
Ti6Al4V_powder,61.53684245
Ti6Al4V_powder,67.11179361
Ti6Al4V_powder,57.12400603
Ti6Al4V_powder,63.52336308
Ti6Al4V_powder,61.94492786
Ti6Al4V_powder,61.72111509
Ti6Al4V_powder,66.82778043
Ti6Al4V_powder,66.12141204
Ti6Al4V_powder,56.41443483
Ti6Al4V_powder,56.36921711
Ti6Al4V_powder,57.37208816
Ti6Al4V_powder,54.21768726
Ti6Al4V_powder,62.60159828
Ti6Al4V_powder,56.83054697
Ti6Al4V_powder,55.70633993
Ti6Al4V_powder,55.92036279
Ti6Al4V_powder,55.49382634
Ti6Al4V_powder,56.49005781
Ti6Al4V_powder,59.22281908
Ti6Al4V_powder,64.45233444
Ti6Al4V_powder,55.59886031
Ti6Al4V_powder,54.13356708
Ti6Al4V_powder,63.94725662
Ti6Al4V_powder,58.85252661
Ti6Al4V_powder,62.37766905
Ti6Al4V_powder,56.92786429
Ti6Al4V_powder,53.13633591
Ti6Al4V_powder,61.28960442
Ti6Al4V_powder,63.27327784
Ti6Al4V_powder,60.56841529
Ti6Al4V_powder,64.56327842
Ti6Al4V_powder,61.82232945
Ti6Al4V_powder,62.8319547
Ti6Al4V_powder,60.32494861
Ti6Al4V_powder,63.07771459
Ti6Al4V_powder,50.75182806
Ti6Al4V_powder,62.33468179
Ti6Al4V_powder,61.38608444
Ti6Al4V_powder,60.52146157
Ti6Al4V_powder,63.28558661
Ti6Al4V_powder,64.50265817
Ti6Al4V_powder,56.91505796
Ti6Al4V_powder,54.7050876
Ti6Al4V_powder,64.0598412
Ti6Al4V_powder,57.57185425
Ti6Al4V_powder,56.45002605
Ti6Al4V_powder,59.92234455
Ti6Al4V_powder,59.54812125
Ti6Al4V_powder,55.39293399
Ti6Al4V_powder,63.12287814
Ti6Al4V_powder,58.85463397
Ti6Al4V_powder,60.24738564
Ti6Al4V_powder,65.47604874
Ti6Al4V_powder,54.09139437
Ti6Al4V_powder,62.82223947
Ti6Al4V_powder,60.97583041
Ti6Al4V_powder,61.5802712
Ti6Al4V_powder,57.55772939
Ti6Al4V_powder,59.22625511
Ti6Al4V_powder,57.24196139
Ti6Al4V_powder,63.15395763
Ti6Al4V_powder,57.30387808
Ti6Al4V_powder,63.39650206
Ti6Al4V_powder,67.64548093
Ti6Al4V_powder,57.9145191
Ti6Al4V_powder,59.82005139
Ti6Al4V_powder,64.75977859
Ti6Al4V_powder,55.89064982
Ti6Al4V_powder,58.26864956
Ti6Al4V_powder,65.48850151
Ti6Al4V_powder,56.99126217
Ti6Al4V_powder,59.91144593
Ti6Al4V_powder,65.30788979
Ti6Al4V_powder,58.92698733
Ti6Al4V_powder,57.32426915
Ti6Al4V_powder,56.16439451
Ti6Al4V_powder,62.89551505
Ti6Al4V_powder,59.65574197
Ti6Al4V_powder,55.73483858
Ti6Al4V_powder,58.67993432
Ti6Al4V_powder,62.06236065
Ti6Al4V_powder,56.07698791
Ti6Al4V_powder,60.49182474
Ti6Al4V_powder,54.07177196
Ti6Al4V_powder,58.55866367
Ti6Al4V_powder,70.29583263
Ti6Al4V_powder,58.43207458
Ti6Al4V_powder,59.10745866
Ti6Al4V_powder,60.73052875
Ti6Al4V_powder,54.78409661
Ti6Al4V_powder,58.10660983
Ti6Al4V_powder,53.29723477
Ti6Al4V_powder,56.16032587
Ti6Al4V_powder,63.4603801
Ti6Al4V_powder,55.62842373
Ti6Al4V_powder,58.10956416
Ti6Al4V_powder,60.9879047
Ti6Al4V_powder,61.26308716
Ti6Al4V_powder,58.67671683
Ti6Al4V_powder,56.0689909
Ti6Al4V_powder,59.43087953
Ti6Al4V_powder,59.61542565
Ti6Al4V_powder,63.24440376
Ti6Al4V_powder,64.72894164
Ti6Al4V_powder,61.58003514
Ti6Al4V_powder,55.77086546
Ti6Al4V_powder,53.56863846
Ti6Al4V_powder,56.59699247
Ti6Al4V_powder,59.03341554
Ti6Al4V_powder,61.94948097
Ti6Al4V_powder,59.69313259
Ti6Al4V_powder,53.64463062
Ti6Al4V_powder,60.10287618
Ti6Al4V_powder,56.76225154
Ti6Al4V_powder,63.45041386
Ti6Al4V_powder,54.67590733
Ti6Al4V_powder,57.25299374
Ti6Al4V_powder,59.80600402
Ti6Al4V_powder,64.22628116
Ti6Al4V_powder,57.8455903
Ti6Al4V_powder,56.97767096
Ti6Al4V_powder,64.05930803
Ti6Al4V_powder,65.26091522
Ti6Al4V_powder,53.22815371
Ti6Al4V_powder,66.37210504
stainless_steel,7.090377754
stainless_steel,6.738705062
stainless_steel,7.261278739
stainless_steel,7.408385791
stainless_steel,5.688352749
stainless_steel,4.963393815
stainless_steel,6.94467892
stainless_steel,9.703240803
stainless_steel,6.303130262
stainless_steel,6.309978069
stainless_steel,5.998613578
stainless_steel,11.41654533
stainless_steel,5.58617301
stainless_steel,6.38716113
stainless_steel,7.237337567
stainless_steel,6.155030396
stainless_steel,6.283782647
stainless_steel,7.155264152
stainless_steel,6.371668769
stainless_steel,5.733109645
stainless_steel,6.470219071
stainless_steel,11.74422052
stainless_steel,6.280121312
stainless_steel,6.584287813
stainless_steel,8.280052896
stainless_steel,6.699841753
stainless_steel,5.808960727
stainless_steel,9.302387924
stainless_steel,7.373142967
stainless_steel,8.010217755
stainless_steel,5.636003011
stainless_steel,6.335345133
stainless_steel,6.855489978
stainless_steel,7.749065684
stainless_steel,6.477762354
stainless_steel,9.262220207
stainless_steel,6.010175665
stainless_steel,6.394431403
stainless_steel,7.088793108
stainless_steel,5.442610835
stainless_steel,4.953370998
stainless_steel,6.464678466
stainless_steel,7.005573991
stainless_steel,9.000097212
stainless_steel,9.449621066
stainless_steel,7.873560108
stainless_steel,6.42528453
stainless_steel,6.546561294
stainless_steel,10.72587729
stainless_steel,7.03439638
stainless_steel,5.669693798
stainless_steel,7.044331326
stainless_steel,8.08604661
stainless_steel,6.875199464
stainless_steel,7.686674647
stainless_steel,8.96585557
stainless_steel,6.538698081
stainless_steel,8.177872693
stainless_steel,9.879842945
stainless_steel,6.875581079
stainless_steel,6.049039709
stainless_steel,8.261226235
stainless_steel,7.610822763
stainless_steel,6.061154913
stainless_steel,7.609515064
stainless_steel,8.154874
stainless_steel,5.610278698
stainless_steel,8.348565756
stainless_steel,5.291189664
stainless_steel,5.385851539
stainless_steel,7.38218439
stainless_steel,7.146121113
stainless_steel,9.472439286
stainless_steel,7.004533827
stainless_steel,8.335224577
stainless_steel,6.04253435
stainless_steel,6.484969617
stainless_steel,6.798976123
stainless_steel,8.03703138
stainless_steel,8.602265838
stainless_steel,6.0710965
stainless_steel,8.506495444
stainless_steel,5.782694811
stainless_steel,6.469268287
stainless_steel,5.946932237
stainless_steel,7.452653508
stainless_steel,5.732027376
stainless_steel,5.848578063
stainless_steel,6.272019797
stainless_steel,6.936833603
stainless_steel,7.498118089
stainless_steel,5.987261623
stainless_steel,6.959625215
stainless_steel,7.217929082
stainless_steel,5.407925286
stainless_steel,7.123090911
stainless_steel,4.822895153
stainless_steel,6.307651183
stainless_steel,6.242140427
stainless_steel,6.485011973
stainless_steel,6.370483815
stainless_steel,7.036485552
stainless_steel,5.525831316
stainless_steel,8.613366503
stainless_steel,6.398448512
stainless_steel,7.270263497
stainless_steel,7.111382732
stainless_steel,6.623532787
stainless_steel,6.05805246
stainless_steel,4.518291675
stainless_steel,4.916283034
stainless_steel,7.282575501
stainless_steel,7.087607685
stainless_steel,7.092856333
stainless_steel,6.440664586
stainless_steel,6.406804258
stainless_steel,5.887381075
stainless_steel,7.55224192
stainless_steel,5.771463781
stainless_steel,7.624576935
stainless_steel,6.17378617
stainless_steel,7.574125839
stainless_steel,6.916340854
stainless_steel,6.948316925
stainless_steel,6.997000498
stainless_steel,7.817541704
stainless_steel,5.695364353
stainless_steel,6.058334691
stainless_steel,5.987069729
stainless_steel,6.651605435
stainless_steel,6.483146785
stainless_steel,8.238214093
stainless_steel,6.780286894
stainless_steel,7.483510105
stainless_steel,5.202664729
stainless_steel,6.106863575
stainless_steel,6.59150491
stainless_steel,6.255548784
stainless_steel,7.075934484
stainless_steel,5.530695804
stainless_steel,8.282230324
stainless_steel,7.494594567
stainless_steel,5.514681285
stainless_steel,6.547173553
stainless_steel,6.655371657
stainless_steel,7.402553443
stainless_steel,6.259231401
stainless_steel,7.217379421
stainless_steel,6.041822947
stainless_steel,6.378139313
stainless_steel,5.661228518
stainless_steel,5.006637719
stainless_steel,6.484447742
stainless_steel,6.117360461
stainless_steel,6.544029758
stainless_steel,5.700929277
stainless_steel,6.591758758
stainless_steel,5.565105871
stainless_steel,7.503540703
stainless_steel,6.779682006
stainless_steel,5.813045917
stainless_steel,6.893472774
stainless_steel,5.411431228
stainless_steel,5.192060924
stainless_steel,6.763760864
stainless_steel,7.315805406
stainless_steel,6.746050172
stainless_steel,6.403607744
stainless_steel,6.291315118
stainless_steel,8.922479188
stainless_steel,6.260374159
stainless_steel,8.412430891
stainless_steel,5.650198419
stainless_steel,5.76002347
stainless_steel,5.933752134
stainless_steel,5.782510485
stainless_steel,5.8955726
stainless_steel,6.38582299
stainless_steel,7.642963519
stainless_steel,7.113414364
stainless_steel,6.406050287
stainless_steel,8.06677873
stainless_steel,5.594652375
stainless_steel,8.164466848
stainless_steel,7.77399037
stainless_steel,5.478650063
stainless_steel,5.691051088
stainless_steel,6.549157718
stainless_steel,6.029545238
stainless_steel,6.909298582
stainless_steel,6.537728398
stainless_steel,6.543790779
stainless_steel,8.815161272
stainless_steel,7.542248698
stainless_steel,6.925523343
stainless_steel,4.477669598
stainless_steel,6.475759459
stainless_steel,5.500161484
stainless_steel,5.970434329
stainless_steel,6.402662498
stainless_steel,7.129483777
stainless_steel,6.324044398
stainless_steel,6.352544692
stainless_steel,5.913838922
stainless_steel,9.511702744
stainless_steel,5.912955565
stainless_steel,8.710225131
stainless_steel,6.329390307
stainless_steel,6.06862377
stainless_steel,8.051771528
stainless_steel,5.354286183
stainless_steel,4.731099292
stainless_steel,5.409865014
stainless_steel,6.820838335
stainless_steel,6.331762542
stainless_steel,8.600311659
stainless_steel,6.390331368
stainless_steel,5.784634481
stainless_steel,6.193483782
stainless_steel,7.819684926
stainless_steel,8.27264232
stainless_steel,7.581781855
stainless_steel,5.200386127
stainless_steel,7.166042589
stainless_steel,8.141327427
stainless_steel,7.404096469
stainless_steel,5.094631178
stainless_steel,8.847865926
stainless_steel,6.63852939
stainless_steel,5.196898531
stainless_steel,6.165844826
stainless_steel,6.761048367
stainless_steel,6.400441893
stainless_steel,6.980040628
stainless_steel,7.52310456
stainless_steel,7.017295127
stainless_steel,6.028703301
stainless_steel,7.04238087
stainless_steel,7.780838884
stainless_steel,7.76644615
stainless_steel,7.44344324
stainless_steel,8.310647067
stainless_steel,8.030486813
stainless_steel,6.270151804
stainless_steel,6.850411374
stainless_steel,5.366964177
stainless_steel,6.803986686
stainless_steel,5.67078166
stainless_steel,6.01193999
stainless_steel,6.752475903
stainless_steel,6.254138938
stainless_steel,8.054253353
stainless_steel,6.090240781
stainless_steel,6.42751846
stainless_steel,6.819910805
stainless_steel,5.995457416
stainless_steel,5.782268421
stainless_steel,5.952209816
stainless_steel,5.027639887
stainless_steel,6.558124053
stainless_steel,6.704971785
stainless_steel,8.53130205
stainless_steel,6.162586931
stainless_steel,6.030005115
stainless_steel,7.58333862
stainless_steel,7.152971085
stainless_steel,10.19255497
stainless_steel,6.550872635
stainless_steel,5.197022597
stainless_steel,8.669122682
stainless_steel,6.144395569
stainless_steel,6.920595084
stainless_steel,5.382598294
stainless_steel,5.320054979
stainless_steel,7.831811801
stainless_steel,5.399102924
stainless_steel,5.43944627
stainless_steel,5.270015085
stainless_steel,7.075717756
stainless_steel,7.559052903
stainless_steel,9.181307679
stainless_steel,5.797023837
stainless_steel,6.984750309
stainless_steel,6.595916173
stainless_steel,6.855504244
stainless_steel,10.47391803
stainless_steel,7.108936046
stainless_steel,7.471850525
stainless_steel,8.587819083
stainless_steel,8.085337628
stainless_steel,5.635396466
stainless_steel,5.580326321
stainless_steel,6.004327661
stainless_steel,6.661191724
stainless_steel,6.478145143
stainless_steel,5.737030497
stainless_steel,5.834245776
stainless_steel,7.579324765
stainless_steel,6.046873217
stainless_steel,5.45783868
stainless_steel,5.724279818
stainless_steel,7.869687697
stainless_steel,6.195791575
stainless_steel,5.986556134
stainless_steel,6.416840156
stainless_steel,6.643992057
stainless_steel,6.304487057
stainless_steel,8.171352478
stainless_steel,7.221489551
stainless_steel,7.130011463
stainless_steel,6.044570075
stainless_steel,7.679373185
stainless_steel,5.896974437
stainless_steel,7.132896825
stainless_steel,6.055370967
stainless_steel,5.375417278
stainless_steel,6.539302898
stainless_steel,4.739363311
stainless_steel,6.142564389
stainless_steel,6.710455279
stainless_steel,6.739060843
stainless_steel,7.356938792
stainless_steel,5.591077491
stainless_steel,7.927186456
stainless_steel,6.879058015
stainless_steel,6.650504385
stainless_steel,5.210639244
stainless_steel,6.974262256
stainless_steel,5.250888896
stainless_steel,6.218214566
stainless_steel,9.902917795
stainless_steel,6.953992645
stainless_steel,4.392458918
stainless_steel,7.056474441
stainless_steel,5.787926388
stainless_steel,6.198511424
stainless_steel,6.745942686
stainless_steel,7.105937479
stainless_steel,8.060711638
stainless_steel,7.784386335
stainless_steel,5.039732288
stainless_steel,7.320651595
stainless_steel,5.512210719
stainless_steel,6.87897967
stainless_steel,6.283106753
stainless_steel,8.869078032
stainless_steel,8.713163168
stainless_steel,5.396095589
stainless_steel,5.980619209
stainless_steel,5.794847023
stainless_steel,5.231560093
stainless_steel,5.032985214
stainless_steel,8.214638036
stainless_steel,5.023649836
stainless_steel,7.635604271
stainless_steel,6.463839768
stainless_steel,7.25316253
stainless_steel,5.750973728
stainless_steel,6.188744412
stainless_steel,4.991765632
stainless_steel,6.500429788
stainless_steel,7.146449258
stainless_steel,6.678251423
stainless_steel,6.174714291
stainless_steel,6.253809834
stainless_steel,6.71911163
stainless_steel,7.71246435
stainless_steel,5.919335617
stainless_steel,5.765773087
stainless_steel,7.891245831
stainless_steel,6.327532164
stainless_steel,7.006852849
stainless_steel,6.626916681
stainless_steel,8.165615839
stainless_steel,6.656055389
stainless_steel,5.507017145
stainless_steel,6.185805297
stainless_steel,6.233834253
stainless_steel,6.368928464
stainless_steel,6.311431
stainless_steel,5.649138424
stainless_steel,7.23853167
stainless_steel,6.030657555
stainless_steel,7.104101577
stainless_steel,5.040543368
stainless_steel,8.180186567
stainless_steel,4.884360861
stainless_steel,7.259501047
stainless_steel,7.813219467
stainless_steel,6.971289899
stainless_steel,5.263062737
stainless_steel,5.078956575
stainless_steel,6.096622595
stainless_steel,5.502570541
stainless_steel,6.236853871
stainless_steel,8.088806341
stainless_steel,6.194444474
stainless_steel,6.048116019
stainless_steel,6.164351252
stainless_steel,9.210522415
stainless_steel,6.496495755
stainless_steel,6.09581016
stainless_steel,5.192468398
stainless_steel,5.705659891
stainless_steel,6.09491546
stainless_steel,9.003856512
stainless_steel,6.576064421
stainless_steel,5.704532234
stainless_steel,5.92935391
stainless_steel,6.904777031
stainless_steel,8.361309583
stainless_steel,6.498510914
stainless_steel,6.795993736
stainless_steel,5.740181473
stainless_steel,5.788724564
stainless_steel,5.238210344
stainless_steel,6.796850696
stainless_steel,6.404900337
stainless_steel,6.396664066
stainless_steel,5.90230616
stainless_steel,7.045646684
stainless_steel,8.047641361
stainless_steel,8.307835972
stainless_steel,6.189359467
stainless_steel,6.855760919
stainless_steel,7.641826966
stainless_steel,7.066623276
stainless_steel,7.464477763
stainless_steel,5.57967095
stainless_steel,6.72835813
stainless_steel,6.387470207
stainless_steel,6.311892771
stainless_steel,6.184549599
stainless_steel,5.105794919
stainless_steel,7.827859081
stainless_steel,6.20519416
stainless_steel,6.407656161
stainless_steel,5.928359687
stainless_steel,6.686011209
stainless_steel,5.461904463
stainless_steel,5.905616364
stainless_steel,7.03404667
stainless_steel,6.969601524
stainless_steel,5.663710824
stainless_steel,6.480815964
stainless_steel,6.206642654
stainless_steel,7.361157188
stainless_steel,7.054292532
stainless_steel,5.813247749
stainless_steel,8.042356346
stainless_steel,6.766434682
stainless_steel,6.477174733
stainless_steel,8.387432437
stainless_steel,6.071849296
stainless_steel,5.637494489
stainless_steel,9.224843947
stainless_steel,6.278693274
stainless_steel,7.672512074
stainless_steel,7.251807502
stainless_steel,7.297651323
stainless_steel,5.821814615
stainless_steel,5.698622815
stainless_steel,5.396113668
stainless_steel,6.652689181
stainless_steel,5.477188873
stainless_steel,7.455874371
stainless_steel,8.499115156
stainless_steel,7.710113994
stainless_steel,6.748363144
stainless_steel,5.595162794
stainless_steel,7.972324206
stainless_steel,6.133761261
stainless_steel,5.674574083
stainless_steel,6.023929987
stainless_steel,6.724634652
stainless_steel,6.152821868
stainless_steel,5.443199238
stainless_steel,6.393425928
stainless_steel,5.007059947
stainless_steel,6.084732049
stainless_steel,9.072391562
stainless_steel,5.803586937
stainless_steel,6.293819871
stainless_steel,6.060683237
stainless_steel,5.584938118
stainless_steel,5.407527248
stainless_steel,6.924620862
stainless_steel,6.602995624
stainless_steel,7.459448416
stainless_steel,6.719028055
stainless_steel,8.280395552
stainless_steel,5.586938541
stainless_steel,8.937247375
stainless_steel,7.856209165
stainless_steel,6.497503914
stainless_steel,5.602501737
stainless_steel,6.24808707
stainless_steel,7.057228219
stainless_steel,6.182339854
stainless_steel,5.904282623
stainless_steel,6.65332467
stainless_steel,6.331962753
stainless_steel,6.327734339
stainless_steel,5.734544225
stainless_steel,6.36001374
stainless_steel,5.51079377
stainless_steel,7.189590829
stainless_steel,8.225530762
stainless_steel,6.315062298
stainless_steel,8.777385271
stainless_steel,4.972542209
stainless_steel,6.381177175
stainless_steel,7.187494432
stainless_steel,5.33227394
stainless_steel,7.25422803
stainless_steel,5.921504772
stainless_steel,6.621022987
stainless_steel,8.303844247
stainless_steel,8.036583142
stainless_steel,6.714212216
stainless_steel,5.439713073
stainless_steel,6.900548976
stainless_steel,7.234254958
stainless_steel,7.086904948
stainless_steel,8.950500377
stainless_steel,5.880939393
stainless_steel,7.709878106
stainless_steel,7.599349492
stainless_steel,6.690824158
stainless_steel,5.693701664
stainless_steel,8.875927971
stainless_steel,10.06617215
stainless_steel,7.085542353
stainless_steel,5.656718298
stainless_steel,7.098300534
stainless_steel,5.795960589
stainless_steel,5.951406839
stainless_steel,8.727374491
stainless_steel,9.512008461
stainless_steel,7.143806728
stainless_steel,5.676422285
stainless_steel,7.163310685
stainless_steel,5.38255754
stainless_steel,6.105111266
stainless_steel,7.39415295
stainless_steel,7.488985601
stainless_steel,5.905204418
stainless_steel,6.396851091
stainless_steel,7.65148887
stainless_steel,5.663946134
stainless_steel,7.062697429
stainless_steel,6.151190805
stainless_steel,6.528694278
stainless_steel,7.376843868
stainless_steel,4.722534561
stainless_steel,7.510743095
stainless_steel,6.098718667
stainless_steel,6.355086034
stainless_steel,5.841667816
stainless_steel,5.897856686
stainless_steel,5.599424578
stainless_steel,6.265476033
stainless_steel,7.193558324
stainless_steel,6.384198442
stainless_steel,5.855808868
stainless_steel,5.865998418
stainless_steel,5.8688548
stainless_steel,8.270563328
stainless_steel,6.043329331
stainless_steel,6.74411595
stainless_steel,6.694959356
stainless_steel,5.741365831
stainless_steel,7.100756822
stainless_steel,6.288886279
stainless_steel,5.595216248
stainless_steel,6.419485954
stainless_steel,6.281288711
stainless_steel,6.050679915
stainless_steel,7.413212068
stainless_steel,6.394968604
stainless_steel,5.581756858
stainless_steel,6.519227807
stainless_steel,6.513868891
stainless_steel,7.331327952
stainless_steel,7.280937379
stainless_steel,6.085435663
stainless_steel,5.03171305
stainless_steel,6.738265345
stainless_steel,6.130007027
stainless_steel,5.864319622
stainless_steel,6.371041
stainless_steel,6.411810654
stainless_steel,4.93714467
stainless_steel,5.390091193
stainless_steel,5.342061958
stainless_steel,7.744709525
stainless_steel,8.900126753
stainless_steel,7.882189652
stainless_steel,6.481764303
stainless_steel,7.507177172
stainless_steel,5.447135659
stainless_steel,7.37238887
stainless_steel,6.045884853
stainless_steel,5.602557711
stainless_steel,5.863069324
stainless_steel,7.699160411
stainless_steel,6.277582068
stainless_steel,5.799445188
stainless_steel,7.19750906
stainless_steel,7.433754621
stainless_steel,7.405682123
stainless_steel,6.49697513
stainless_steel,6.210798488
stainless_steel,6.171736886
stainless_steel,6.029479751
stainless_steel,6.994476829
stainless_steel,6.659556377
stainless_steel,6.176403156
stainless_steel,6.415431461
stainless_steel,9.071187644
stainless_steel,8.006729264
stainless_steel,7.564942722
stainless_steel,5.589184341
stainless_steel,8.183501026
stainless_steel,5.660612942
stainless_steel,7.381928969
stainless_steel,6.259182913
stainless_steel,6.137739642
stainless_steel,7.295569723
stainless_steel,7.60643661
stainless_steel,6.275425154
stainless_steel,10.31046914
stainless_steel,6.022813886
stainless_steel,7.209257835
stainless_steel,5.520795617
stainless_steel,6.398627386
stainless_steel,6.447823125
stainless_steel,5.778401373
stainless_steel,5.797961654
stainless_steel,7.233348278
stainless_steel,5.326836302
stainless_steel,6.046020016
stainless_steel,7.531940569
stainless_steel,8.82710307
stainless_steel,5.987085375
stainless_steel,9.714634562
stainless_steel,5.820851193
stainless_steel,7.751160216
stainless_steel,7.099961877
stainless_steel,6.529486165
stainless_steel,7.649454323
stainless_steel,6.202537611
stainless_steel,6.072781778
stainless_steel,5.812146544
stainless_steel,6.278112042
stainless_steel,7.261248951
stainless_steel,7.708649748
stainless_steel,7.929894749
stainless_steel,5.801412363
stainless_steel,5.901811184
stainless_steel,6.219558416
stainless_steel,7.170375661
stainless_steel,8.61904931
stainless_steel,6.843462392
stainless_steel,4.926341778
stainless_steel,5.603568523
stainless_steel,5.601101025
stainless_steel,7.114342387
stainless_steel,5.552943163
stainless_steel,7.552879174
stainless_steel,6.971024081
stainless_steel,6.747411515
stainless_steel,5.74928307
stainless_steel,8.350683628
stainless_steel,6.041150624
stainless_steel,7.493141844
stainless_steel,8.743769098
stainless_steel,6.221505849
stainless_steel,6.778187707
stainless_steel,7.087122448
stainless_steel,6.09643063
stainless_steel,6.923439848
stainless_steel,6.816075404
stainless_steel,6.656938167
stainless_steel,5.870310296
stainless_steel,8.857516285
stainless_steel,8.751484952
stainless_steel,6.541181821
stainless_steel,7.911391943
stainless_steel,6.757708078
stainless_steel,7.743019263
stainless_steel,6.760337366
stainless_steel,5.786089581
stainless_steel,9.412999694
stainless_steel,7.910536038
stainless_steel,9.049869132
stainless_steel,6.466422832
stainless_steel,6.949588504
stainless_steel,7.386171656
stainless_steel,5.042757847
stainless_steel,6.934595587
stainless_steel,6.629839004
stainless_steel,6.352490765
stainless_steel,7.415488759
stainless_steel,6.230662375
stainless_steel,5.388714351
stainless_steel,6.594409942
stainless_steel,8.754586486
stainless_steel,8.315644195
stainless_steel,5.838733052
stainless_steel,6.711953655
stainless_steel,6.076342437
stainless_steel,6.191818795
stainless_steel,5.815048306
stainless_steel,8.439058774
stainless_steel,7.82554062
stainless_steel,6.251803736
stainless_steel,7.472895608
stainless_steel,5.628546543
stainless_steel,8.211978442
stainless_steel,7.9694548
stainless_steel,6.480357956
stainless_steel,10.53225933
stainless_steel,7.71649863
stainless_steel,7.197871501
stainless_steel,7.844644295
stainless_steel,6.619328974
stainless_steel,7.410045342
stainless_steel,6.52571027
stainless_steel,5.653855132
stainless_steel,5.096079771
stainless_steel,6.398076409
stainless_steel,6.879033371
stainless_steel,6.71565354
stainless_steel,6.912645803
stainless_steel,6.280431058
stainless_steel,5.256555102
stainless_steel,6.148829387
stainless_steel,6.078776546
stainless_steel,8.084525639
stainless_steel,7.001482563
stainless_steel,5.167022385
stainless_steel,7.20835193
stainless_steel,6.089100734
stainless_steel,7.17009012
stainless_steel,6.289521593
stainless_steel,7.384755893
stainless_steel,6.070765846
stainless_steel,7.012241959
stainless_steel,8.352430638
stainless_steel,8.340413713
stainless_steel,7.062757481
stainless_steel,5.763607963
stainless_steel,5.701872951
stainless_steel,5.676913981
stainless_steel,6.174045784
stainless_steel,6.369158587
stainless_steel,6.012347864
stainless_steel,8.034301033
stainless_steel,8.283539367
stainless_steel,6.833548213
stainless_steel,5.568820152
stainless_steel,6.647104966
stainless_steel,6.955340778
stainless_steel,7.645075238
stainless_steel,5.45368899
stainless_steel,6.808771105
stainless_steel,8.22732885
stainless_steel,7.558472134
stainless_steel,5.37926596
stainless_steel,5.497906972
stainless_steel,7.708190524
stainless_steel,7.055566864
stainless_steel,4.776206653
stainless_steel,7.105251079
stainless_steel,7.079409781
stainless_steel,6.733976795
stainless_steel,5.224343271
stainless_steel,10.6219352
stainless_steel,5.615835644
stainless_steel,5.88265262
stainless_steel,6.784649946
stainless_steel,6.287199133
stainless_steel,7.539541224
stainless_steel,5.119053754
stainless_steel,5.950469112
stainless_steel,5.426386261
stainless_steel,7.042709333
stainless_steel,5.83726479
stainless_steel,7.948178751
stainless_steel,8.492786884
stainless_steel,5.648087883
stainless_steel,7.40441148
stainless_steel,6.861225736
stainless_steel,5.15588191
stainless_steel,5.636120451
stainless_steel,8.121190673
stainless_steel,5.930637988
stainless_steel,6.445101869
stainless_steel,8.271661698
stainless_steel,7.051782202
stainless_steel,5.729289762
stainless_steel,7.223001143
stainless_steel,6.630122096
stainless_steel,5.148078391
stainless_steel,5.516354058
stainless_steel,7.729238658
stainless_steel,8.245747209
stainless_steel,5.939723282
stainless_steel,7.641616521
stainless_steel,7.041091041
stainless_steel,6.884701129
stainless_steel,6.075714465
stainless_steel,6.944230306
stainless_steel,5.581637194
stainless_steel,6.383626267
stainless_steel,9.067918774
stainless_steel,6.991676065
stainless_steel,8.768484694
stainless_steel,5.598180046
stainless_steel,7.803621813
stainless_steel,6.621983563
stainless_steel,9.766932957
stainless_steel,6.305684745
stainless_steel,5.431001606
stainless_steel,6.121239134
stainless_steel,5.97235107
stainless_steel,6.166830673
stainless_steel,6.820793015
stainless_steel,6.464492592
stainless_steel,7.747188363
stainless_steel,5.978480503
stainless_steel,8.489509418
stainless_steel,8.140239659
stainless_steel,5.785620971
stainless_steel,5.943743149
stainless_steel,7.511191921
stainless_steel,5.928590062
stainless_steel,6.783075196
stainless_steel,6.288755352
stainless_steel,7.051382265
stainless_steel,6.666464693
stainless_steel,6.755050227
stainless_steel,6.449569501
stainless_steel,6.258652965
stainless_steel,5.765161438
stainless_steel,5.888041452
stainless_steel,5.876368467
stainless_steel,5.232941465
stainless_steel,6.540711626
stainless_steel,6.15102926
stainless_steel,6.117773825
stainless_steel,7.258721261
stainless_steel,8.127214052
stainless_steel,7.537385538
stainless_steel,5.524542078
stainless_steel,7.338451766
stainless_steel,7.245390076
stainless_steel,6.422222356
stainless_steel,4.729242537
stainless_steel,7.721331803
stainless_steel,6.546015737
stainless_steel,6.202646035
stainless_steel,5.382019238
stainless_steel,6.663028456
stainless_steel,6.73385325
stainless_steel,6.799503119
stainless_steel,5.278735222
stainless_steel,5.737326742
stainless_steel,7.837377682
stainless_steel,6.278033699
stainless_steel,8.379031164
stainless_steel,5.475208152
stainless_steel,6.165659609
stainless_steel,5.575331528
stainless_steel,7.322475723
stainless_steel,7.218820833
stainless_steel,7.319184395
stainless_steel,5.213395755
stainless_steel,5.720980251
stainless_steel,7.144525964
stainless_steel,6.383308867
stainless_steel,5.360198094
stainless_steel,7.030417297
stainless_steel,7.597993305
stainless_steel,6.897366355
stainless_steel,11.58301675
stainless_steel,6.484530244
stainless_steel,6.063637875
stainless_steel,5.820340752
stainless_steel,6.912308758
stainless_steel,6.4641778
stainless_steel,6.300565842
stainless_steel,7.461873215
stainless_steel,6.775255638
stainless_steel,6.290598584
stainless_steel,7.012323048
stainless_steel,5.785346973
stainless_steel,5.926112653
stainless_steel,7.632097615
stainless_steel,7.725840661
stainless_steel,7.014312866
stainless_steel,6.15764371
stainless_steel,6.506389335
stainless_steel,7.842780184
stainless_steel,7.964210921
stainless_steel,6.00096017
stainless_steel,7.013608676
stainless_steel,7.324213466
stainless_steel,8.052773062
stainless_steel,6.450905687
stainless_steel,7.070682326
stainless_steel,6.825375745
stainless_steel,7.309443113
stainless_steel,7.762333774
stainless_steel,5.375593011
stainless_steel,7.382754335
stainless_steel,6.811735092
stainless_steel,6.307589008
stainless_steel,4.977431448
stainless_steel,5.399492265
stainless_steel,5.225712863
stainless_steel,6.108094376
stainless_steel,6.167865669
stainless_steel,5.836818467
stainless_steel,6.761679637
stainless_steel,6.987088568
stainless_steel,5.796447637
stainless_steel,5.162949314
stainless_steel,5.529344564
stainless_steel,6.619775158
stainless_steel,5.352713571
stainless_steel,6.701051436
stainless_steel,6.397683396
stainless_steel,7.595260364
stainless_steel,7.128500835
stainless_steel,7.524664411
stainless_steel,5.318254505
stainless_steel,5.447079607
stainless_steel,9.74157413
stainless_steel,6.394023965
stainless_steel,5.557533299
stainless_steel,7.261333046
stainless_steel,5.732552651
stainless_steel,6.315291024
stainless_steel,6.943736106
stainless_steel,8.278569166
stainless_steel,6.155269037
stainless_steel,8.345495381
stainless_steel,5.929467463
stainless_steel,5.844981379
stainless_steel,5.828059652
stainless_steel,9.361939801
stainless_steel,5.784855626
stainless_steel,7.261852119
stainless_steel,6.552706881
stainless_steel,8.842995288
stainless_steel,6.019677186
stainless_steel,8.281394715
stainless_steel,9.765889565
stainless_steel,5.573307199
stainless_steel,8.695394744
stainless_steel,6.219709487
stainless_steel,6.36388057
stainless_steel,5.441641624
stainless_steel,6.807970819
stainless_steel,6.168474945
stainless_steel,5.903903636
stainless_steel,7.610060983
stainless_steel,6.150141932
stainless_steel,6.447487081
stainless_steel,6.064326275
stainless_steel,6.44398363
stainless_steel,8.973679792
stainless_steel,6.90073594
stainless_steel,4.389952171
stainless_steel,6.571157204
stainless_steel,5.848818818
stainless_steel,6.20833787
stainless_steel,6.420215354
stainless_steel,6.062133513
stainless_steel,5.902510217
stainless_steel,6.794885517
stainless_steel,5.412239088
stainless_steel,5.740671828
stainless_steel,7.318925977
stainless_steel,5.548781459
stainless_steel,6.824760105
stainless_steel,7.617461385
stainless_steel,7.049066582
stainless_steel,5.496741759
stainless_steel,5.980662846
stainless_steel,7.521879339
stainless_steel,7.322764403
stainless_steel,5.104828106
stainless_steel,7.114017336
stainless_steel,5.689740101
stainless_steel,7.732278418
stainless_steel,4.434877492
stainless_steel,6.172924518
UHMWPE,3.718964798
UHMWPE,4.193630806
UHMWPE,3.146814633
UHMWPE,2.383659837
UHMWPE,3.219364398
UHMWPE,2.489625242
UHMWPE,2.237220795
UHMWPE,2.234747025
UHMWPE,3.994609359
UHMWPE,2.495041404
UHMWPE,3.426259277
UHMWPE,2.894396837
UHMWPE,3.620175593
UHMWPE,2.074118553
UHMWPE,3.179323128
UHMWPE,4.055487191
UHMWPE,3.253044769
UHMWPE,4.066574937
UHMWPE,3.026948081
UHMWPE,3.708224642
UHMWPE,4.128241294
UHMWPE,3.228368721
UHMWPE,4.360226845
UHMWPE,3.744375391
UHMWPE,2.863910083
UHMWPE,2.872273759
UHMWPE,2.429293525
UHMWPE,2.373857959
UHMWPE,2.624292882
UHMWPE,3.231862203
UHMWPE,3.864361091
UHMWPE,2.769122952
UHMWPE,2.333862265
UHMWPE,3.71912933
UHMWPE,2.800663048
UHMWPE,2.863750275
UHMWPE,3.006261993
UHMWPE,3.905311343
UHMWPE,3.052922479
UHMWPE,2.903293171
UHMWPE,2.477996977
UHMWPE,3.233681081
UHMWPE,3.453154523
UHMWPE,2.313605817
UHMWPE,2.152958827
UHMWPE,1.95481275
UHMWPE,2.716179012
UHMWPE,2.745073557
UHMWPE,4.15605936
UHMWPE,3.900401397
UHMWPE,4.577804646
UHMWPE,2.815035396
UHMWPE,2.492149193
UHMWPE,2.170938013
UHMWPE,3.645912817
UHMWPE,2.564456083
UHMWPE,3.011877479
UHMWPE,3.124139202
UHMWPE,3.715424594
UHMWPE,3.276595265
UHMWPE,2.898772312
UHMWPE,3.63982517
UHMWPE,2.992780009
UHMWPE,3.790582463
UHMWPE,2.826265721
UHMWPE,2.166011185
UHMWPE,4.008916753
UHMWPE,2.277407827
UHMWPE,3.664162695
UHMWPE,3.786982273
UHMWPE,3.01009115
UHMWPE,2.554488498
UHMWPE,2.528131454
UHMWPE,2.359870023
UHMWPE,2.965390117
UHMWPE,3.046399604
UHMWPE,3.892521071
UHMWPE,2.153233422
UHMWPE,3.905245538
UHMWPE,3.116456816
UHMWPE,2.395237074
UHMWPE,2.235665012
UHMWPE,3.737633874
UHMWPE,2.262073977
UHMWPE,4.005104173
UHMWPE,2.656277203
UHMWPE,3.276105895
UHMWPE,3.842175181
UHMWPE,4.954922589
UHMWPE,3.451254211
UHMWPE,3.584689319
UHMWPE,3.288568798
UHMWPE,2.445958022
UHMWPE,2.365883988
UHMWPE,3.345555049
UHMWPE,2.526170073
UHMWPE,4.420297898
UHMWPE,3.268101258
UHMWPE,2.371133807
UHMWPE,4.681022483
UHMWPE,3.118830902
UHMWPE,4.504098668
UHMWPE,2.520681096
UHMWPE,2.108716675
UHMWPE,2.703692825
UHMWPE,2.677191536
UHMWPE,3.526143715
UHMWPE,3.684258646
UHMWPE,2.347783759
UHMWPE,2.552204248
UHMWPE,3.3524595
UHMWPE,2.223700364
UHMWPE,3.448977817
UHMWPE,2.63652879
UHMWPE,2.399327569
UHMWPE,3.240247775
UHMWPE,2.233652776
UHMWPE,2.353730668
UHMWPE,3.741306609
UHMWPE,2.461175192
UHMWPE,3.160369738
UHMWPE,3.272744341
UHMWPE,5.031097726
UHMWPE,2.865728358
UHMWPE,2.219941879
UHMWPE,2.193897622
UHMWPE,3.625016841
UHMWPE,2.591651168
UHMWPE,2.841787323
UHMWPE,2.413979104
UHMWPE,2.191761152
UHMWPE,4.240565242
UHMWPE,3.577265454
UHMWPE,2.410748732
UHMWPE,3.799255114
UHMWPE,3.386795339
UHMWPE,3.630433932
UHMWPE,2.680553123
UHMWPE,2.846625933
UHMWPE,1.88508513
UHMWPE,2.558486511
UHMWPE,3.117585586
UHMWPE,3.152506023
UHMWPE,3.262951627
UHMWPE,2.498349855
UHMWPE,2.37259943
UHMWPE,3.712188071
UHMWPE,3.922760586
UHMWPE,2.176117182
UHMWPE,2.722211752
UHMWPE,2.994436087
UHMWPE,2.78595942
UHMWPE,2.802904105
UHMWPE,3.918211305
UHMWPE,4.249438077
UHMWPE,3.676816435
UHMWPE,3.626608949
UHMWPE,2.751158456
UHMWPE,2.362200091
UHMWPE,3.691173302
UHMWPE,2.668560365
UHMWPE,3.537139901
UHMWPE,4.303282435
UHMWPE,2.821727746
UHMWPE,3.841325634
UHMWPE,2.814719896
UHMWPE,2.976964914
UHMWPE,3.582763306
UHMWPE,3.886352905
UHMWPE,2.519292986
UHMWPE,3.316401529
UHMWPE,3.484102129
UHMWPE,2.978411511
UHMWPE,2.758690822
UHMWPE,3.25201115
UHMWPE,3.41518374
UHMWPE,3.860951144
UHMWPE,3.446457032
UHMWPE,1.956046395
UHMWPE,3.895773622
UHMWPE,3.535755781
UHMWPE,3.4191577
UHMWPE,3.373242494
UHMWPE,2.399551325
UHMWPE,1.903118427
UHMWPE,2.480690614
UHMWPE,2.558722175
UHMWPE,2.078585391
UHMWPE,3.74320488
UHMWPE,3.285653887
UHMWPE,2.878921085
UHMWPE,4.207219356
UHMWPE,2.726317197
UHMWPE,3.191016452
UHMWPE,3.5194928
UHMWPE,2.350231654
UHMWPE,4.745364429
UHMWPE,4.479803422
UHMWPE,2.887341195
UHMWPE,3.497238429
UHMWPE,3.99271175
UHMWPE,3.531358456
UHMWPE,3.552431714
UHMWPE,3.852502261
UHMWPE,3.133306064
UHMWPE,2.535855518
UHMWPE,2.578833419
UHMWPE,2.679877574
UHMWPE,2.595313887
UHMWPE,3.988878344
UHMWPE,3.590722003
UHMWPE,2.733234003
UHMWPE,3.041192739
UHMWPE,3.198366546
UHMWPE,3.411455502
UHMWPE,3.380356141
UHMWPE,2.383841837
UHMWPE,3.002633903
UHMWPE,2.279510596
UHMWPE,3.137714463
UHMWPE,3.642714883
UHMWPE,2.595134307
UHMWPE,3.296814676
UHMWPE,4.651605451
UHMWPE,2.574632126
UHMWPE,2.338758024
UHMWPE,3.285184585
UHMWPE,2.177419776
UHMWPE,2.600973153
UHMWPE,2.66681045
UHMWPE,2.906470267
UHMWPE,4.472892178
UHMWPE,3.513574016
UHMWPE,3.681472589
UHMWPE,3.041699193
UHMWPE,3.411641654
UHMWPE,3.488252114
UHMWPE,2.402037685
UHMWPE,2.731103648
UHMWPE,3.962804867
UHMWPE,4.033565968
UHMWPE,2.745715247
UHMWPE,2.892664436
UHMWPE,3.122520435
UHMWPE,3.27029286
UHMWPE,4.374652324
UHMWPE,4.228883539
UHMWPE,4.305189232
UHMWPE,3.467934782
UHMWPE,2.645486159
UHMWPE,3.694863896
UHMWPE,2.997093555
UHMWPE,2.382504695
UHMWPE,4.071639374
UHMWPE,3.187029
UHMWPE,3.76451574
UHMWPE,2.376146437
UHMWPE,2.421945066
UHMWPE,3.09709222
UHMWPE,2.8522882
UHMWPE,2.499688778
UHMWPE,3.531085836
UHMWPE,3.922990687
UHMWPE,2.455681343
UHMWPE,2.776261807
UHMWPE,4.008918511
UHMWPE,3.913848741
UHMWPE,2.168478269
UHMWPE,2.147471207
UHMWPE,4.16823432
UHMWPE,3.965326544
UHMWPE,3.773715537
UHMWPE,2.877787632
UHMWPE,4.236161561
UHMWPE,2.485565739
UHMWPE,3.181551969
UHMWPE,3.717438527
UHMWPE,2.363590721
UHMWPE,4.260952143
UHMWPE,3.734482358
UHMWPE,3.167282074
UHMWPE,3.13510913
UHMWPE,3.259386644
UHMWPE,3.93565534
UHMWPE,3.047222629
UHMWPE,4.05991597
UHMWPE,2.609290668
UHMWPE,2.343551557
UHMWPE,2.203610745
UHMWPE,2.701645202
UHMWPE,3.344167071
UHMWPE,2.215584928
UHMWPE,2.864206718
UHMWPE,3.513259037
UHMWPE,2.285945277
UHMWPE,3.393637406
UHMWPE,3.824557653
UHMWPE,2.477635783
UHMWPE,3.462749171
UHMWPE,2.545438206
UHMWPE,3.546742304
UHMWPE,4.548149175
UHMWPE,3.05302936
UHMWPE,3.889180671
UHMWPE,2.046528069
UHMWPE,4.282732838
UHMWPE,2.594593348
UHMWPE,2.914784914
UHMWPE,3.481217838
UHMWPE,3.921528296
UHMWPE,2.083777815
UHMWPE,2.736117645
UHMWPE,2.592343226
UHMWPE,2.682105109
UHMWPE,2.990199277
UHMWPE,3.972225993
UHMWPE,3.577823605
UHMWPE,3.4983704
UHMWPE,3.718586949
UHMWPE,2.533853561
UHMWPE,2.49156657
UHMWPE,2.417485777
UHMWPE,3.87090088
UHMWPE,3.155366358
UHMWPE,3.346764057
UHMWPE,2.333442694
UHMWPE,4.090055875
UHMWPE,2.850631445
UHMWPE,2.508988527
UHMWPE,3.116486908
UHMWPE,2.134049825
UHMWPE,4.214662035
UHMWPE,3.645352885
UHMWPE,3.220366593
UHMWPE,2.591033514
UHMWPE,1.904605363
UHMWPE,2.977744849
UHMWPE,4.291227069
UHMWPE,1.929900646
UHMWPE,4.442626418
UHMWPE,3.245343295
UHMWPE,4.063504452
UHMWPE,3.927918595
UHMWPE,3.86240697
UHMWPE,4.349667249
UHMWPE,2.912017839
UHMWPE,2.697156782
UHMWPE,2.861059879
UHMWPE,2.534163389
UHMWPE,2.95614768
UHMWPE,4.421737118
UHMWPE,3.83117282
UHMWPE,3.33589879
UHMWPE,2.698887785
UHMWPE,3.040616179
UHMWPE,2.02230551
UHMWPE,3.925586178
UHMWPE,2.327277386
UHMWPE,4.295703051
UHMWPE,3.193888594
UHMWPE,4.93901169
UHMWPE,3.627100029
UHMWPE,2.228160431
UHMWPE,2.448926649
UHMWPE,2.899031632
UHMWPE,3.53720415
UHMWPE,2.972576721
UHMWPE,3.531801189
UHMWPE,3.995306514
UHMWPE,2.586896015
UHMWPE,3.404875896
UHMWPE,2.657893996
UHMWPE,2.040866643
UHMWPE,3.410055633
UHMWPE,2.50987747
UHMWPE,2.670010201
UHMWPE,4.056997084
UHMWPE,3.477247688
UHMWPE,3.546952658
UHMWPE,3.376444718
UHMWPE,2.889349438
UHMWPE,2.894372005
UHMWPE,2.954198648
UHMWPE,4.047750248
UHMWPE,2.62863642
UHMWPE,3.228309782
UHMWPE,2.483346984
UHMWPE,3.096966986
UHMWPE,3.657999151
UHMWPE,3.636571294
UHMWPE,2.710990883
UHMWPE,2.682585472
UHMWPE,3.218161024
UHMWPE,2.226247648
UHMWPE,3.704845585
UHMWPE,2.333857445
UHMWPE,4.061337351
UHMWPE,2.240276256
UHMWPE,3.025298501
UHMWPE,2.949282182
UHMWPE,2.917249783
UHMWPE,2.432228481
UHMWPE,2.59649444
UHMWPE,3.615717888
UHMWPE,3.316590864
UHMWPE,2.556007352
UHMWPE,3.921563043
UHMWPE,4.215956654
UHMWPE,2.875455397
UHMWPE,2.845152001
UHMWPE,3.095611246
UHMWPE,2.641018983
UHMWPE,2.309635899
UHMWPE,4.072460725
UHMWPE,2.782538908
UHMWPE,2.836932316
UHMWPE,3.263093778
UHMWPE,3.673455514
UHMWPE,2.928751728
UHMWPE,4.05110172
UHMWPE,4.15917495
UHMWPE,3.08733534
UHMWPE,3.617944271
UHMWPE,3.621474431
UHMWPE,3.035124839
UHMWPE,2.244030274
UHMWPE,3.943159302
UHMWPE,3.399197371
UHMWPE,4.210068649
UHMWPE,2.428820611
UHMWPE,3.430066615
UHMWPE,2.946397947
UHMWPE,3.690824711
UHMWPE,2.984793108
UHMWPE,2.135517409
UHMWPE,4.207104464
UHMWPE,4.094426647
UHMWPE,2.613495649
UHMWPE,3.423879887
UHMWPE,2.901874583
UHMWPE,2.792320564
UHMWPE,2.710338926
UHMWPE,3.149204022
UHMWPE,2.422009778
UHMWPE,2.465566558
UHMWPE,3.343871954
UHMWPE,2.760403054
UHMWPE,3.167277967
UHMWPE,2.66539314
UHMWPE,2.761373139
UHMWPE,2.204892813
UHMWPE,3.4445824
UHMWPE,3.264391035
UHMWPE,2.720420318
UHMWPE,3.101755826
UHMWPE,3.48911212
UHMWPE,3.774039341
UHMWPE,3.02643326
UHMWPE,4.144900516
UHMWPE,3.502462194
UHMWPE,2.176997276
UHMWPE,3.362731444
UHMWPE,2.184963985
UHMWPE,2.447810897
UHMWPE,3.861355625
UHMWPE,4.007232906
UHMWPE,3.730076479
UHMWPE,2.426335766
UHMWPE,4.681940833
UHMWPE,2.58087149
UHMWPE,3.982321919
UHMWPE,4.226700097
UHMWPE,3.586263261
UHMWPE,2.403790738
UHMWPE,3.618677098
UHMWPE,2.201675254
UHMWPE,2.59266706
UHMWPE,3.278002539
UHMWPE,3.376481669
UHMWPE,2.984820072
UHMWPE,2.536907814
UHMWPE,2.333510491
UHMWPE,2.99929474
UHMWPE,2.581182332
UHMWPE,2.660812142
UHMWPE,3.766052371
UHMWPE,2.954273994
UHMWPE,2.648815036
UHMWPE,3.573457154
UHMWPE,3.467253792
UHMWPE,3.839279109
UHMWPE,2.541866757
UHMWPE,3.121322837
UHMWPE,2.673014745
UHMWPE,2.316671928
UHMWPE,3.177961741
UHMWPE,2.771882623
UHMWPE,4.024286885
UHMWPE,2.449865627
UHMWPE,2.892991087
UHMWPE,3.345880686
UHMWPE,3.15238224
UHMWPE,4.198950368
UHMWPE,3.096423775
UHMWPE,2.204812529
UHMWPE,4.027284741
UHMWPE,2.674683432
UHMWPE,4.685676293
UHMWPE,2.189508273
UHMWPE,2.961516138
UHMWPE,3.144528975
UHMWPE,3.50487937
UHMWPE,2.654011671
UHMWPE,2.31932607
UHMWPE,3.587118183
UHMWPE,2.359034117
UHMWPE,2.28422121
UHMWPE,2.967451108
UHMWPE,4.14555347
UHMWPE,2.572378939
UHMWPE,2.391022542
UHMWPE,3.312032905
UHMWPE,2.212220564
UHMWPE,1.912418055
UHMWPE,2.203859
UHMWPE,3.475079819
UHMWPE,3.857657981
UHMWPE,2.844772878
UHMWPE,4.17563273
UHMWPE,3.776120536
UHMWPE,3.206895282
UHMWPE,3.102867401
UHMWPE,2.796069925
UHMWPE,3.201567698
UHMWPE,3.16243845
UHMWPE,3.142924268
UHMWPE,3.917347351
UHMWPE,2.999324287
UHMWPE,3.14409801
UHMWPE,2.791440419
UHMWPE,3.703870665
UHMWPE,3.950950372
UHMWPE,3.055832175
UHMWPE,2.585313465
UHMWPE,3.456681224
UHMWPE,4.401969575
UHMWPE,2.550114117
UHMWPE,2.846518552
UHMWPE,2.87457085
UHMWPE,4.069437824
UHMWPE,3.943214275
UHMWPE,2.016956977
UHMWPE,3.419229199
UHMWPE,3.65822545
UHMWPE,2.936053409
UHMWPE,2.842342266
UHMWPE,2.388226926
UHMWPE,2.376068011
UHMWPE,2.074661494
UHMWPE,2.224908318
UHMWPE,2.445613145
UHMWPE,2.584512549
UHMWPE,3.518763816
UHMWPE,4.659887632
UHMWPE,3.596592943
UHMWPE,2.894812061
UHMWPE,3.029156229
UHMWPE,4.366927773
UHMWPE,3.028733897
UHMWPE,3.609038612
UHMWPE,2.609314065
UHMWPE,3.373239138
UHMWPE,2.399235855
UHMWPE,3.646211063
UHMWPE,3.097305145
UHMWPE,2.634957108
UHMWPE,3.18888607
UHMWPE,2.414586487
UHMWPE,3.97971116
UHMWPE,4.113788799
UHMWPE,4.052021983
UHMWPE,3.236737056
UHMWPE,3.348407013
UHMWPE,3.003493939
UHMWPE,2.330504767
UHMWPE,2.056888761
UHMWPE,2.531704433
UHMWPE,3.015492131
UHMWPE,4.453386448
UHMWPE,2.807353859
UHMWPE,3.629065582
UHMWPE,4.127958292
UHMWPE,2.582668073
UHMWPE,4.305542803
UHMWPE,3.342300275
UHMWPE,4.274945295
UHMWPE,3.078794206
UHMWPE,3.220381253
UHMWPE,4.311282554
UHMWPE,3.144227847
UHMWPE,4.351650962
UHMWPE,2.970123206
UHMWPE,3.59640542
UHMWPE,2.822500049
UHMWPE,4.198042622
UHMWPE,3.096366102
UHMWPE,3.399231514
UHMWPE,2.710196881
UHMWPE,2.973172754
UHMWPE,3.240307772
UHMWPE,3.811498029
UHMWPE,2.015719747
UHMWPE,3.893275621
UHMWPE,3.713303163
UHMWPE,2.448116724
UHMWPE,3.859474181
UHMWPE,3.991531603
UHMWPE,3.728815248
UHMWPE,3.263929952
UHMWPE,3.550914557
UHMWPE,3.239095154
UHMWPE,4.183733587
UHMWPE,3.31306479
UHMWPE,2.990074724
UHMWPE,4.278247288
UHMWPE,3.339148513
UHMWPE,2.846965179
UHMWPE,3.340738746
UHMWPE,3.903550374
UHMWPE,2.458540296
UHMWPE,2.742801839
UHMWPE,4.292197611
UHMWPE,3.941040254
UHMWPE,2.524939619
UHMWPE,3.846334084
UHMWPE,2.881203224
UHMWPE,3.639323432
UHMWPE,3.465518304
UHMWPE,2.613329712
UHMWPE,3.910922455
UHMWPE,3.824523352
UHMWPE,3.95171098
UHMWPE,3.106237717
UHMWPE,2.302705209
UHMWPE,3.090548989
UHMWPE,2.616493323
UHMWPE,3.839653434
UHMWPE,3.448866089
UHMWPE,3.855745626
UHMWPE,4.490992526
UHMWPE,2.503449314
UHMWPE,2.76975152
UHMWPE,3.900514619
UHMWPE,4.23260212
UHMWPE,2.788603005
UHMWPE,3.581308122
UHMWPE,2.918229753
UHMWPE,2.724756528
UHMWPE,1.992163024
UHMWPE,2.498545591
UHMWPE,2.915231508
UHMWPE,3.758347721
UHMWPE,3.061276765
UHMWPE,3.944604794
UHMWPE,3.685452834
UHMWPE,2.589453505
UHMWPE,4.270012224
UHMWPE,3.357555648
UHMWPE,3.261539183
UHMWPE,3.78873735
UHMWPE,2.662786259
UHMWPE,2.211071531
UHMWPE,3.713268568
UHMWPE,2.98488645
UHMWPE,3.989079426
UHMWPE,3.072164095
UHMWPE,2.341430918
UHMWPE,4.391409505
UHMWPE,2.265860375
UHMWPE,4.110336299
UHMWPE,3.523861905
UHMWPE,3.660626611
UHMWPE,3.125119117
UHMWPE,3.465404795
UHMWPE,4.369925786
UHMWPE,3.161369136
UHMWPE,4.54777927
UHMWPE,3.777091675
UHMWPE,3.49208189
UHMWPE,2.355697831
UHMWPE,2.554899509
UHMWPE,2.804265026
UHMWPE,4.210150464
UHMWPE,3.812338527
UHMWPE,2.460271477
UHMWPE,2.519495987
UHMWPE,2.385583996
UHMWPE,4.493791506
UHMWPE,2.676179948
UHMWPE,2.287792561
UHMWPE,2.33825851
UHMWPE,3.223850509
UHMWPE,4.717906624
UHMWPE,3.886390934
UHMWPE,3.419362192
UHMWPE,3.555902632
UHMWPE,2.949248846
UHMWPE,3.109957311
UHMWPE,4.423538264
UHMWPE,3.164592832
UHMWPE,3.904021004
UHMWPE,2.860025244
UHMWPE,2.722438927
UHMWPE,3.185705582
UHMWPE,3.913642418
UHMWPE,4.54417987
UHMWPE,3.497358492
UHMWPE,3.69982352
UHMWPE,3.962713035
UHMWPE,2.977235766
UHMWPE,2.595254352
UHMWPE,3.654879112
UHMWPE,2.286547436
UHMWPE,2.991926521
UHMWPE,3.125705259
UHMWPE,3.190491413
UHMWPE,2.480528835
UHMWPE,3.4075324
UHMWPE,2.860664837
UHMWPE,2.775671454
UHMWPE,4.184787129
UHMWPE,4.097444486
UHMWPE,4.00272148
UHMWPE,4.641790767
UHMWPE,3.264259507
UHMWPE,2.475683238
UHMWPE,3.277157615
UHMWPE,3.723762991
UHMWPE,3.533255605
UHMWPE,2.654173539
UHMWPE,2.78904703
UHMWPE,2.254746114
UHMWPE,2.763358817
UHMWPE,2.354379322
UHMWPE,3.878877253
UHMWPE,3.26559942
UHMWPE,2.988910553
UHMWPE,2.994224735
UHMWPE,2.367349222
UHMWPE,3.648736731
UHMWPE,2.371916528
UHMWPE,3.628516309
UHMWPE,2.353512746
UHMWPE,2.949759164
UHMWPE,3.652721068
UHMWPE,2.703660387
UHMWPE,3.595029081
UHMWPE,4.055426572
UHMWPE,3.696621943
UHMWPE,3.849291809
UHMWPE,3.690601516
UHMWPE,3.781143753
UHMWPE,3.378362227
UHMWPE,3.631361085
UHMWPE,2.668675891
UHMWPE,2.25573041
UHMWPE,2.642017884
UHMWPE,2.234949258
UHMWPE,4.223435927
UHMWPE,2.615013235
UHMWPE,2.311730256
UHMWPE,2.795787191
UHMWPE,3.959938017
UHMWPE,3.400673294
UHMWPE,3.346188768
UHMWPE,2.573788557
UHMWPE,2.926721572
UHMWPE,3.303451659
UHMWPE,2.566958826
UHMWPE,3.114273402
UHMWPE,2.936471025
UHMWPE,2.452694997
UHMWPE,3.299370102
UHMWPE,3.858489445
UHMWPE,4.735229863
UHMWPE,2.438684346
UHMWPE,2.154629438
UHMWPE,2.746903144
UHMWPE,3.217827263
UHMWPE,3.37222852
UHMWPE,2.116015127
UHMWPE,2.414166541
UHMWPE,3.811396421
UHMWPE,2.790198196
UHMWPE,2.764859404
UHMWPE,3.29580865
UHMWPE,2.267428874
UHMWPE,3.976920296
UHMWPE,2.644008332
UHMWPE,2.892735136
UHMWPE,3.033695247
UHMWPE,3.84578433
UHMWPE,2.261515286
UHMWPE,2.246854505
UHMWPE,4.045064631
UHMWPE,3.738174164
UHMWPE,2.247770151
UHMWPE,2.334461128
UHMWPE,3.568435531
UHMWPE,3.99830225
UHMWPE,3.325841123
UHMWPE,3.865802531
UHMWPE,3.421895162
UHMWPE,3.251145267
UHMWPE,2.223698877
UHMWPE,3.411687354
UHMWPE,2.939418388
UHMWPE,3.001221334
UHMWPE,3.278878332
UHMWPE,2.794991192
UHMWPE,4.16359976
UHMWPE,3.116755466
UHMWPE,3.023137009
UHMWPE,3.488522131
UHMWPE,3.204719822
UHMWPE,2.995923585
UHMWPE,2.92363433
UHMWPE,3.495350803
UHMWPE,3.653095894
UHMWPE,2.693954182
UHMWPE,4.526044531
UHMWPE,2.561058989
UHMWPE,2.43011784
UHMWPE,3.680819632
UHMWPE,3.413380772
UHMWPE,3.574654434
UHMWPE,4.183614797
UHMWPE,2.302421603
UHMWPE,2.506246207
UHMWPE,3.798104553
UHMWPE,3.651375443
UHMWPE,4.090408317
UHMWPE,2.920178259
UHMWPE,3.10464396
UHMWPE,3.810506115
UHMWPE,2.806067926
UHMWPE,2.269914078
UHMWPE,4.324595599
UHMWPE,3.367690289
UHMWPE,3.103712774
UHMWPE,3.798588621
UHMWPE,3.541925086
UHMWPE,3.012296403
UHMWPE,2.505324912
UHMWPE,2.640758135
UHMWPE,2.595338677
UHMWPE,4.412146193
UHMWPE,3.501596012
UHMWPE,2.878079255
UHMWPE,3.255552203
UHMWPE,3.153346059
UHMWPE,3.599828218
UHMWPE,2.374059539
UHMWPE,2.741559316
UHMWPE,3.799741462
UHMWPE,3.090538538
UHMWPE,4.132550759
UHMWPE,3.83992635
UHMWPE,2.928502881
UHMWPE,3.166198285
UHMWPE,3.012450205
UHMWPE,4.457966023
UHMWPE,2.844883159
UHMWPE,2.545019465
UHMWPE,2.089840634
UHMWPE,3.61913198
UHMWPE,3.224515671
UHMWPE,3.176056515
UHMWPE,2.418435427
UHMWPE,3.844778111
UHMWPE,2.4847067
UHMWPE,3.598002558
UHMWPE,2.058616373
UHMWPE,3.320405928
UHMWPE,3.094066695
UHMWPE,2.691944409
UHMWPE,2.255076675
UHMWPE,3.822242223
UHMWPE,2.446985222
UHMWPE,4.260466853
UHMWPE,2.198586647
UHMWPE,1.998053473
UHMWPE,2.296948405
UHMWPE,3.596509059
UHMWPE,3.487828469
UHMWPE,2.649574854
UHMWPE,4.203874658
UHMWPE,3.366628858
UHMWPE,3.943748691
UHMWPE,2.246171088
UHMWPE,4.530083642
UHMWPE,3.853471411
UHMWPE,2.317486829
UHMWPE,3.017384248
UHMWPE,4.428832672
UHMWPE,3.939022284
UHMWPE,4.777736049
UHMWPE,3.927059398
UHMWPE,4.845645564
UHMWPE,3.336498649
UHMWPE,3.326880627
UHMWPE,3.419619089
UHMWPE,3.677485207
UHMWPE,2.709665272
UHMWPE,2.211456955
UHMWPE,3.398170385
UHMWPE,2.416290763
UHMWPE,2.546651669
UHMWPE,3.456015645
UHMWPE,2.659758092
UHMWPE,3.852718212
UHMWPE,3.270861164
UHMWPE,3.862506559
UHMWPE,2.641367375
UHMWPE,3.583557206
UHMWPE,3.560483078
UHMWPE,4.04749135
UHMWPE,3.188010026
UHMWPE,2.793900471
UHMWPE,3.259276116
UHMWPE,3.113633335
UHMWPE,3.198207584
UHMWPE,3.181243443
UHMWPE,3.332027245
UHMWPE,3.577527101
UHMWPE,2.223857141
UHMWPE,3.461055501
UHMWPE,5.084461813
UHMWPE,2.690895487
UHMWPE,3.294327733
UHMWPE,4.572648923
UHMWPE,2.285571503
UHMWPE,3.674636736
UHMWPE,3.136072858
UHMWPE,2.858173679
UHMWPE,2.397133628
UHMWPE,2.56193992
UHMWPE,3.876433995
UHMWPE,2.770574972
UHMWPE,2.54113431
UHMWPE,2.2622678
UHMWPE,2.752845791
UHMWPE,4.247786626
UHMWPE,2.879812194
UHMWPE,2.065471971
UHMWPE,3.563644304
UHMWPE,4.484741216
UHMWPE,4.456617997
UHMWPE,2.759610091
UHMWPE,3.25520816
UHMWPE,4.244978571
UHMWPE,3.408325147
UHMWPE,4.3335948
UHMWPE,3.625841488
UHMWPE,3.34109104
UHMWPE,3.762435839
UHMWPE,3.187188616
UHMWPE,4.707244426
UHMWPE,1.997479004
UHMWPE,3.309556661
UHMWPE,2.147247854
UHMWPE,2.28569712
UHMWPE,2.837579634
UHMWPE,2.259682536
UHMWPE,3.468597764
UHMWPE,2.003566668
UHMWPE,2.077892577
UHMWPE,4.091387665
UHMWPE,2.61793814
UHMWPE,3.535104132
UHMWPE,3.934871015
UHMWPE,2.978274356
UHMWPE,2.435765706
UHMWPE,3.377305729
UHMWPE,2.710497505
UHMWPE,4.019151091
UHMWPE,3.280413075
UHMWPE,2.421558398
UHMWPE,3.591594126
UHMWPE,3.798499362
UHMWPE,3.132856249
UHMWPE,2.778151449
UHMWPE,3.997676982
UHMWPE,2.352223619
UHMWPE,2.936012369
UHMWPE,3.145975974
UHMWPE,2.474212105
UHMWPE,2.992601933
UHMWPE,2.268641091
UHMWPE,2.567425624
