scenario,energy_scenario,method,iteration,score,combined_scenario
UKR,Current,climate change,0,4.01149408772195,"UKR
Current"
UKR,Current,climate change,1,3.600606767022096,"UKR
Current"
UKR,Current,climate change,2,3.829637628805465,"UKR
Current"
UKR,Current,climate change,3,3.630859064048078,"UKR
Current"
UKR,Current,climate change,4,3.508126050428339,"UKR
Current"
UKR,Current,climate change,5,3.8264112407681736,"UKR
Current"
UKR,Current,climate change,6,3.605218884964507,"UKR
Current"
UKR,Current,climate change,7,3.7148941116622547,"UKR
Current"
UKR,Current,climate change,8,3.5878825206397353,"UKR
Current"
UKR,Current,climate change,9,3.3364811566788397,"UKR
Current"
UKR,Current,climate change,10,3.6807666250357043,"UKR
Current"
UKR,Current,climate change,11,3.404337298424845,"UKR
Current"
UKR,Current,climate change,12,3.1890461736289555,"UKR
Current"
UKR,Current,climate change,13,3.1518823743086464,"UKR
Current"
UKR,Current,climate change,14,3.7003102995841712,"UKR
Current"
UKR,Current,climate change,15,3.636771033972364,"UKR
Current"
UKR,Current,climate change,16,4.044746593878768,"UKR
Current"
UKR,Current,climate change,17,3.0675343015233745,"UKR
Current"
UKR,Current,climate change,18,3.9657591845006337,"UKR
Current"
UKR,Current,climate change,19,3.29045912375703,"UKR
Current"
UKR,Current,climate change,20,3.581424954332665,"UKR
Current"
UKR,Current,climate change,21,2.9966054981517067,"UKR
Current"
UKR,Current,climate change,22,3.6155398883877354,"UKR
Current"
UKR,Current,climate change,23,3.431468889154486,"UKR
Current"
UKR,Current,climate change,24,3.334049149592001,"UKR
Current"
UKR,Current,climate change,25,3.2612269454383505,"UKR
Current"
UKR,Current,climate change,26,4.0840900739741155,"UKR
Current"
UKR,Current,climate change,27,3.378184821423278,"UKR
Current"
UKR,Current,climate change,28,3.3660906506766857,"UKR
Current"
UKR,Current,climate change,29,3.033845026515674,"UKR
Current"
UKR,Current,climate change,30,4.013811605822428,"UKR
Current"
UKR,Current,climate change,31,3.3712093910546184,"UKR
Current"
UKR,Current,climate change,32,4.106624098577156,"UKR
Current"
UKR,Current,climate change,33,3.5329083413106175,"UKR
Current"
UKR,Current,climate change,34,3.282705775362745,"UKR
Current"
UKR,Current,climate change,35,3.9070715986235265,"UKR
Current"
UKR,Current,climate change,36,3.339915755991992,"UKR
Current"
UKR,Current,climate change,37,3.961858536848181,"UKR
Current"
UKR,Current,climate change,38,3.247746994541769,"UKR
Current"
UKR,Current,climate change,39,3.038150724447166,"UKR
Current"
UKR,Current,climate change,40,3.94079324353924,"UKR
Current"
UKR,Current,climate change,41,3.3723687470303343,"UKR
Current"
UKR,Current,climate change,42,4.148663764536969,"UKR
Current"
UKR,Current,climate change,43,3.1794477529642107,"UKR
Current"
UKR,Current,climate change,44,3.803914835015702,"UKR
Current"
UKR,Current,climate change,45,3.8954520731660605,"UKR
Current"
UKR,Current,climate change,46,3.625705764403865,"UKR
Current"
UKR,Current,climate change,47,3.730970459714516,"UKR
Current"
UKR,Current,climate change,48,3.5162361735878265,"UKR
Current"
UKR,Current,climate change,49,3.9477027785479892,"UKR
Current"
UKR,Current,climate change,50,3.7690814402526622,"UKR
Current"
UKR,Current,climate change,51,3.5876594042141727,"UKR
Current"
UKR,Current,climate change,52,3.517514820847413,"UKR
Current"
UKR,Current,climate change,53,3.5865960315570846,"UKR
Current"
UKR,Current,climate change,54,4.181284051822723,"UKR
Current"
UKR,Current,climate change,55,3.153246013726927,"UKR
Current"
UKR,Current,climate change,56,4.096816629851272,"UKR
Current"
UKR,Current,climate change,57,2.951814321332817,"UKR
Current"
UKR,Current,climate change,58,3.231793184700685,"UKR
Current"
UKR,Current,climate change,59,3.108825720750489,"UKR
Current"
UKR,Current,climate change,60,3.9327679699371,"UKR
Current"
UKR,Current,climate change,61,3.113006182348097,"UKR
Current"
UKR,Current,climate change,62,3.7009831247233507,"UKR
Current"
UKR,Current,climate change,63,4.365096829764187,"UKR
Current"
UKR,Current,climate change,64,3.4565987860582816,"UKR
Current"
UKR,Current,climate change,65,3.849005641944882,"UKR
Current"
UKR,Current,climate change,66,3.7350419765234735,"UKR
Current"
UKR,Current,climate change,67,3.2180691538409283,"UKR
Current"
UKR,Current,climate change,68,3.8247132952874687,"UKR
Current"
UKR,Current,climate change,69,4.16254336415581,"UKR
Current"
UKR,Current,climate change,70,3.668774295214803,"UKR
Current"
UKR,Current,climate change,71,3.8262377859811942,"UKR
Current"
UKR,Current,climate change,72,3.776584145567449,"UKR
Current"
UKR,Current,climate change,73,3.2234597102115043,"UKR
Current"
UKR,Current,climate change,74,3.3015571426667223,"UKR
Current"
UKR,Current,climate change,75,3.2968753251635996,"UKR
Current"
UKR,Current,climate change,76,3.5587191653689163,"UKR
Current"
UKR,Current,climate change,77,3.4789117352735937,"UKR
Current"
UKR,Current,climate change,78,3.4269459821576276,"UKR
Current"
UKR,Current,climate change,79,3.71952498975931,"UKR
Current"
UKR,Current,climate change,80,3.708545763037965,"UKR
Current"
UKR,Current,climate change,81,4.182918167842682,"UKR
Current"
UKR,Current,climate change,82,3.316796141770454,"UKR
Current"
UKR,Current,climate change,83,3.8374120295894687,"UKR
Current"
UKR,Current,climate change,84,3.3320252425021577,"UKR
Current"
UKR,Current,climate change,85,3.6008464470383186,"UKR
Current"
UKR,Current,climate change,86,3.4597292452932114,"UKR
Current"
UKR,Current,climate change,87,4.041589791418602,"UKR
Current"
UKR,Current,climate change,88,3.3157198472463016,"UKR
Current"
UKR,Current,climate change,89,3.865652694085527,"UKR
Current"
UKR,Current,climate change,90,4.293562038387178,"UKR
Current"
UKR,Current,climate change,91,3.3797011492452507,"UKR
Current"
UKR,Current,climate change,92,3.4522355491041816,"UKR
Current"
UKR,Current,climate change,93,4.155971199951972,"UKR
Current"
UKR,Current,climate change,94,3.9281002813298014,"UKR
Current"
UKR,Current,climate change,95,4.087621863544459,"UKR
Current"
UKR,Current,climate change,96,3.4840920453776407,"UKR
Current"
UKR,Current,climate change,97,3.1723420699767955,"UKR
Current"
UKR,Current,climate change,98,3.6333825896614025,"UKR
Current"
UKR,Current,climate change,99,3.1307720931650818,"UKR
Current"
UKR,Current,climate change,100,3.210651877354365,"UKR
Current"
UKR,Current,climate change,101,3.8067062229368944,"UKR
Current"
UKR,Current,climate change,102,3.4000001367975776,"UKR
Current"
UKR,Current,climate change,103,3.688035510802197,"UKR
Current"
UKR,Current,climate change,104,3.9935676153179296,"UKR
Current"
UKR,Current,climate change,105,3.806155723868837,"UKR
Current"
UKR,Current,climate change,106,3.233363239142455,"UKR
Current"
UKR,Current,climate change,107,3.5972726299666404,"UKR
Current"
UKR,Current,climate change,108,2.9515427486103314,"UKR
Current"
UKR,Current,climate change,109,3.3244265566384934,"UKR
Current"
UKR,Current,climate change,110,3.597439390332874,"UKR
Current"
UKR,Current,climate change,111,3.1789264010741802,"UKR
Current"
UKR,Current,climate change,112,3.3401545568409357,"UKR
Current"
UKR,Current,climate change,113,3.4723355351863714,"UKR
Current"
UKR,Current,climate change,114,3.437836831128158,"UKR
Current"
UKR,Current,climate change,115,3.498241613176473,"UKR
Current"
UKR,Current,climate change,116,4.102355127596828,"UKR
Current"
UKR,Current,climate change,117,3.257862065061709,"UKR
Current"
UKR,Current,climate change,118,3.435026488383933,"UKR
Current"
UKR,Current,climate change,119,3.548159302524128,"UKR
Current"
UKR,Current,climate change,120,4.218736816773351,"UKR
Current"
UKR,Current,climate change,121,3.322960313375296,"UKR
Current"
UKR,Current,climate change,122,3.611464701470024,"UKR
Current"
UKR,Current,climate change,123,3.740621531268902,"UKR
Current"
UKR,Current,climate change,124,3.755150722687347,"UKR
Current"
UKR,Current,climate change,125,3.6352112321171206,"UKR
Current"
UKR,Current,climate change,126,3.060889749208132,"UKR
Current"
UKR,Current,climate change,127,3.8229039014542514,"UKR
Current"
UKR,Current,climate change,128,3.7784724046532605,"UKR
Current"
UKR,Current,climate change,129,3.3258802561784204,"UKR
Current"
UKR,Current,climate change,130,3.0335586865021242,"UKR
Current"
UKR,Current,climate change,131,3.6726557755664797,"UKR
Current"
UKR,Current,climate change,132,3.1739949919259063,"UKR
Current"
UKR,Current,climate change,133,4.353670981624344,"UKR
Current"
UKR,Current,climate change,134,3.94279785153203,"UKR
Current"
UKR,Current,climate change,135,3.513010269439594,"UKR
Current"
UKR,Current,climate change,136,3.500982748899134,"UKR
Current"
UKR,Current,climate change,137,3.3629130276917603,"UKR
Current"
UKR,Current,climate change,138,3.181985441712215,"UKR
Current"
UKR,Current,climate change,139,3.3354948395063087,"UKR
Current"
UKR,Current,climate change,140,3.2146815662929695,"UKR
Current"
UKR,Current,climate change,141,3.1576362270094727,"UKR
Current"
UKR,Current,climate change,142,3.985834661426864,"UKR
Current"
UKR,Current,climate change,143,3.5952749828381205,"UKR
Current"
UKR,Current,climate change,144,3.7617357237616766,"UKR
Current"
UKR,Current,climate change,145,3.860060043809775,"UKR
Current"
UKR,Current,climate change,146,3.1423477787637877,"UKR
Current"
UKR,Current,climate change,147,3.124830938115587,"UKR
Current"
UKR,Current,climate change,148,3.428071281603468,"UKR
Current"
UKR,Current,climate change,149,3.749975011178673,"UKR
Current"
UKR,Current,climate change,150,3.5027449890786375,"UKR
Current"
UKR,Current,climate change,151,3.1508748021295454,"UKR
Current"
UKR,Current,climate change,152,4.342398595116475,"UKR
Current"
UKR,Current,climate change,153,3.144584634751197,"UKR
Current"
UKR,Current,climate change,154,3.4328946280493007,"UKR
Current"
UKR,Current,climate change,155,3.227342279356774,"UKR
Current"
UKR,Current,climate change,156,3.816707304646153,"UKR
Current"
UKR,Current,climate change,157,3.11691735806108,"UKR
Current"
UKR,Current,climate change,158,3.4076518999467185,"UKR
Current"
UKR,Current,climate change,159,3.7674789406176004,"UKR
Current"
UKR,Current,climate change,160,3.844537219979168,"UKR
Current"
UKR,Current,climate change,161,3.704165839739636,"UKR
Current"
UKR,Current,climate change,162,3.165882250806151,"UKR
Current"
UKR,Current,climate change,163,3.4055986210301983,"UKR
Current"
UKR,Current,climate change,164,3.392235395097665,"UKR
Current"
UKR,Current,climate change,165,3.7595223953370382,"UKR
Current"
UKR,Current,climate change,166,3.6620409202253144,"UKR
Current"
UKR,Current,climate change,167,3.366367056441486,"UKR
Current"
UKR,Current,climate change,168,3.5577170566180603,"UKR
Current"
UKR,Current,climate change,169,3.918449697416376,"UKR
Current"
UKR,Current,climate change,170,3.440762013730998,"UKR
Current"
UKR,Current,climate change,171,3.5498006853894046,"UKR
Current"
UKR,Current,climate change,172,3.6635567142637253,"UKR
Current"
UKR,Current,climate change,173,3.488329135100996,"UKR
Current"
UKR,Current,climate change,174,3.1631637152168603,"UKR
Current"
UKR,Current,climate change,175,3.9723992103901313,"UKR
Current"
UKR,Current,climate change,176,3.447644645631165,"UKR
Current"
UKR,Current,climate change,177,3.275990424973669,"UKR
Current"
UKR,Current,climate change,178,3.466752242081643,"UKR
Current"
UKR,Current,climate change,179,3.1062738251601107,"UKR
Current"
UKR,Current,climate change,180,3.6566787381409966,"UKR
Current"
UKR,Current,climate change,181,3.135826132348896,"UKR
Current"
UKR,Current,climate change,182,3.9092730446574206,"UKR
Current"
UKR,Current,climate change,183,3.2303813789677425,"UKR
Current"
UKR,Current,climate change,184,3.6503087948184425,"UKR
Current"
UKR,Current,climate change,185,3.646066384082856,"UKR
Current"
UKR,Current,climate change,186,3.392517916144748,"UKR
Current"
UKR,Current,climate change,187,3.8438595807203786,"UKR
Current"
UKR,Current,climate change,188,3.574818038010375,"UKR
Current"
UKR,Current,climate change,189,4.023645233235455,"UKR
Current"
UKR,Current,climate change,190,3.8750500279099453,"UKR
Current"
UKR,Current,climate change,191,4.027790987113824,"UKR
Current"
UKR,Current,climate change,192,3.00115185725291,"UKR
Current"
UKR,Current,climate change,193,3.727891265369694,"UKR
Current"
UKR,Current,climate change,194,3.100811892457766,"UKR
Current"
UKR,Current,climate change,195,3.641704136381978,"UKR
Current"
UKR,Current,climate change,196,3.322857751462076,"UKR
Current"
UKR,Current,climate change,197,3.8059580308921155,"UKR
Current"
UKR,Current,climate change,198,3.630987348502558,"UKR
Current"
UKR,Current,climate change,199,3.507065279337305,"UKR
Current"
UKR,Current,climate change,200,3.5557144318921825,"UKR
Current"
UKR,Current,climate change,201,3.132544138917713,"UKR
Current"
UKR,Current,climate change,202,3.7285493247807415,"UKR
Current"
UKR,Current,climate change,203,3.2507402463895114,"UKR
Current"
UKR,Current,climate change,204,3.2865432190062918,"UKR
Current"
UKR,Current,climate change,205,3.358408260267741,"UKR
Current"
UKR,Current,climate change,206,4.242150653512902,"UKR
Current"
UKR,Current,climate change,207,3.6090102729034346,"UKR
Current"
UKR,Current,climate change,208,3.1659109893600412,"UKR
Current"
UKR,Current,climate change,209,3.5344742634409383,"UKR
Current"
UKR,Current,climate change,210,3.492746734921016,"UKR
Current"
UKR,Current,climate change,211,3.4566597699072497,"UKR
Current"
UKR,Current,climate change,212,3.751632916357839,"UKR
Current"
UKR,Current,climate change,213,3.504461697869482,"UKR
Current"
UKR,Current,climate change,214,3.171366195077652,"UKR
Current"
UKR,Current,climate change,215,4.019276975424171,"UKR
Current"
UKR,Current,climate change,216,3.189165844210893,"UKR
Current"
UKR,Current,climate change,217,3.631208982723356,"UKR
Current"
UKR,Current,climate change,218,4.288309000192627,"UKR
Current"
UKR,Current,climate change,219,3.555909460692061,"UKR
Current"
UKR,Current,climate change,220,3.0518324046947285,"UKR
Current"
UKR,Current,climate change,221,3.542324405800625,"UKR
Current"
UKR,Current,climate change,222,3.6474606152351514,"UKR
Current"
UKR,Current,climate change,223,3.3813567911079123,"UKR
Current"
UKR,Current,climate change,224,3.6540313524969976,"UKR
Current"
UKR,Current,climate change,225,3.27827888164808,"UKR
Current"
UKR,Current,climate change,226,3.2768820424737495,"UKR
Current"
UKR,Current,climate change,227,3.3141362503497813,"UKR
Current"
UKR,Current,climate change,228,3.2900043793587064,"UKR
Current"
UKR,Current,climate change,229,3.327195034697586,"UKR
Current"
UKR,Current,climate change,230,3.608075565787916,"UKR
Current"
UKR,Current,climate change,231,3.9989405346439413,"UKR
Current"
UKR,Current,climate change,232,3.0124567207449853,"UKR
Current"
UKR,Current,climate change,233,3.913832912062327,"UKR
Current"
UKR,Current,climate change,234,4.060213851679637,"UKR
Current"
UKR,Current,climate change,235,3.753677306241372,"UKR
Current"
UKR,Current,climate change,236,3.4431891949946674,"UKR
Current"
UKR,Current,climate change,237,3.578596318670971,"UKR
Current"
UKR,Current,climate change,238,3.9794317004552884,"UKR
Current"
UKR,Current,climate change,239,3.256182138011653,"UKR
Current"
UKR,Current,climate change,240,3.272845862198159,"UKR
Current"
UKR,Current,climate change,241,3.530340490560507,"UKR
Current"
UKR,Current,climate change,242,3.9046491189306023,"UKR
Current"
UKR,Current,climate change,243,3.9878653004905376,"UKR
Current"
UKR,Current,climate change,244,3.8395763214632894,"UKR
Current"
UKR,Current,climate change,245,3.6929578800000518,"UKR
Current"
UKR,Current,climate change,246,3.1681189621947117,"UKR
Current"
UKR,Current,climate change,247,3.166897145516364,"UKR
Current"
UKR,Current,climate change,248,3.022842276763564,"UKR
Current"
UKR,Current,climate change,249,4.1456933129009,"UKR
Current"
UKR,Current,climate change,250,3.6859424313558082,"UKR
Current"
UKR,Current,climate change,251,3.3259255442692957,"UKR
Current"
UKR,Current,climate change,252,3.84433918206367,"UKR
Current"
UKR,Current,climate change,253,4.4914069540670445,"UKR
Current"
UKR,Current,climate change,254,3.7304107776160036,"UKR
Current"
UKR,Current,climate change,255,3.6150926144363087,"UKR
Current"
UKR,Current,climate change,256,3.12908814273776,"UKR
Current"
UKR,Current,climate change,257,3.5905897562679336,"UKR
Current"
UKR,Current,climate change,258,3.66816761397327,"UKR
Current"
UKR,Current,climate change,259,3.1395478553316325,"UKR
Current"
UKR,Current,climate change,260,3.336831172600637,"UKR
Current"
UKR,Current,climate change,261,3.9291864260028926,"UKR
Current"
UKR,Current,climate change,262,3.558783914373606,"UKR
Current"
UKR,Current,climate change,263,3.9832142667736936,"UKR
Current"
UKR,Current,climate change,264,3.350371124543334,"UKR
Current"
UKR,Current,climate change,265,3.6446640445173797,"UKR
Current"
UKR,Current,climate change,266,3.598976409037738,"UKR
Current"
UKR,Current,climate change,267,3.2876745796391527,"UKR
Current"
UKR,Current,climate change,268,3.865717623775356,"UKR
Current"
UKR,Current,climate change,269,3.8488536862125216,"UKR
Current"
UKR,Current,climate change,270,3.547587534015797,"UKR
Current"
UKR,Current,climate change,271,3.17588903810541,"UKR
Current"
UKR,Current,climate change,272,3.6180878550120545,"UKR
Current"
UKR,Current,climate change,273,3.529742999973397,"UKR
Current"
UKR,Current,climate change,274,3.684249245307904,"UKR
Current"
UKR,Current,climate change,275,4.04664016387525,"UKR
Current"
UKR,Current,climate change,276,2.8911421771842196,"UKR
Current"
UKR,Current,climate change,277,3.3700682530966404,"UKR
Current"
UKR,Current,climate change,278,4.18718811876168,"UKR
Current"
UKR,Current,climate change,279,3.7364628453369315,"UKR
Current"
UKR,Current,climate change,280,3.7769875621003925,"UKR
Current"
UKR,Current,climate change,281,3.968212766213031,"UKR
Current"
UKR,Current,climate change,282,2.90158594923777,"UKR
Current"
UKR,Current,climate change,283,3.3907947843031643,"UKR
Current"
UKR,Current,climate change,284,3.7639971321372157,"UKR
Current"
UKR,Current,climate change,285,3.5872431957281035,"UKR
Current"
UKR,Current,climate change,286,4.09105902478833,"UKR
Current"
UKR,Current,climate change,287,3.245658796731497,"UKR
Current"
UKR,Current,climate change,288,3.68681726933399,"UKR
Current"
UKR,Current,climate change,289,3.9001736590124665,"UKR
Current"
UKR,Current,climate change,290,3.432439236418692,"UKR
Current"
UKR,Current,climate change,291,3.209562245494582,"UKR
Current"
UKR,Current,climate change,292,3.4577774306749727,"UKR
Current"
UKR,Current,climate change,293,3.9734900516955864,"UKR
Current"
UKR,Current,climate change,294,4.072056765019203,"UKR
Current"
UKR,Current,climate change,295,4.129775366070043,"UKR
Current"
UKR,Current,climate change,296,3.3473178767870038,"UKR
Current"
UKR,Current,climate change,297,3.6456902781992886,"UKR
Current"
UKR,Current,climate change,298,3.6331672854142423,"UKR
Current"
UKR,Current,climate change,299,3.345454852898473,"UKR
Current"
UKR,Current,climate change,300,4.125986489606473,"UKR
Current"
UKR,Current,climate change,301,3.748846062031262,"UKR
Current"
UKR,Current,climate change,302,3.5938296826248566,"UKR
Current"
UKR,Current,climate change,303,3.534213188849725,"UKR
Current"
UKR,Current,climate change,304,3.8305939450338085,"UKR
Current"
UKR,Current,climate change,305,3.380780941553533,"UKR
Current"
UKR,Current,climate change,306,3.922068030557253,"UKR
Current"
UKR,Current,climate change,307,3.3416147733996864,"UKR
Current"
UKR,Current,climate change,308,4.020145697359666,"UKR
Current"
UKR,Current,climate change,309,3.1600333232355093,"UKR
Current"
UKR,Current,climate change,310,3.5952896150983285,"UKR
Current"
UKR,Current,climate change,311,4.003592672739881,"UKR
Current"
UKR,Current,climate change,312,3.5378695978807255,"UKR
Current"
UKR,Current,climate change,313,4.000295501383532,"UKR
Current"
UKR,Current,climate change,314,3.1919350571130334,"UKR
Current"
UKR,Current,climate change,315,4.015860222958755,"UKR
Current"
UKR,Current,climate change,316,4.078177803724854,"UKR
Current"
UKR,Current,climate change,317,3.6991343498756337,"UKR
Current"
UKR,Current,climate change,318,3.5528690190890777,"UKR
Current"
UKR,Current,climate change,319,3.0821322131444444,"UKR
Current"
UKR,Current,climate change,320,3.818677439929147,"UKR
Current"
UKR,Current,climate change,321,3.3105731509545784,"UKR
Current"
UKR,Current,climate change,322,4.107862285733006,"UKR
Current"
UKR,Current,climate change,323,3.1026009034827724,"UKR
Current"
UKR,Current,climate change,324,3.2791440762539716,"UKR
Current"
UKR,Current,climate change,325,3.751982670040009,"UKR
Current"
UKR,Current,climate change,326,3.680995763641567,"UKR
Current"
UKR,Current,climate change,327,3.545117780481714,"UKR
Current"
UKR,Current,climate change,328,3.3337064378886523,"UKR
Current"
UKR,Current,climate change,329,3.368215092834746,"UKR
Current"
UKR,Current,climate change,330,3.3846020270070376,"UKR
Current"
UKR,Current,climate change,331,3.3946146330466256,"UKR
Current"
UKR,Current,climate change,332,3.9771850630650336,"UKR
Current"
UKR,Current,climate change,333,3.3807423507804453,"UKR
Current"
UKR,Current,climate change,334,3.5822620593310064,"UKR
Current"
UKR,Current,climate change,335,3.9940790361872485,"UKR
Current"
UKR,Current,climate change,336,3.09161138595084,"UKR
Current"
UKR,Current,climate change,337,3.50348322732431,"UKR
Current"
UKR,Current,climate change,338,3.6883167471417333,"UKR
Current"
UKR,Current,climate change,339,3.673066435926248,"UKR
Current"
UKR,Current,climate change,340,3.1310281771120283,"UKR
Current"
UKR,Current,climate change,341,3.440769563199714,"UKR
Current"
UKR,Current,climate change,342,3.9606457161590614,"UKR
Current"
UKR,Current,climate change,343,3.1825915101023123,"UKR
Current"
UKR,Current,climate change,344,3.1649590331152484,"UKR
Current"
UKR,Current,climate change,345,3.593517009587426,"UKR
Current"
UKR,Current,climate change,346,4.095517923876084,"UKR
Current"
UKR,Current,climate change,347,3.8692291028666657,"UKR
Current"
UKR,Current,climate change,348,3.8398149151640473,"UKR
Current"
UKR,Current,climate change,349,3.3936049781106306,"UKR
Current"
UKR,Current,climate change,350,3.029766282067347,"UKR
Current"
UKR,Current,climate change,351,3.7014886795631217,"UKR
Current"
UKR,Current,climate change,352,3.4978761658402595,"UKR
Current"
UKR,Current,climate change,353,3.6867145080914683,"UKR
Current"
UKR,Current,climate change,354,3.44204671740582,"UKR
Current"
UKR,Current,climate change,355,3.8817834503835615,"UKR
Current"
UKR,Current,climate change,356,3.4522746159479745,"UKR
Current"
UKR,Current,climate change,357,3.9915831426324258,"UKR
Current"
UKR,Current,climate change,358,3.5630038463618288,"UKR
Current"
UKR,Current,climate change,359,3.2477589748902806,"UKR
Current"
UKR,Current,climate change,360,3.2846010946683735,"UKR
Current"
UKR,Current,climate change,361,3.593837041793713,"UKR
Current"
UKR,Current,climate change,362,2.9764832263608763,"UKR
Current"
UKR,Current,climate change,363,3.4375875719668767,"UKR
Current"
UKR,Current,climate change,364,3.3389250852833223,"UKR
Current"
UKR,Current,climate change,365,3.29003418306993,"UKR
Current"
UKR,Current,climate change,366,3.1946780150706555,"UKR
Current"
UKR,Current,climate change,367,3.640593066497334,"UKR
Current"
UKR,Current,climate change,368,3.3555324015108807,"UKR
Current"
UKR,Current,climate change,369,3.803137134737042,"UKR
Current"
UKR,Current,climate change,370,3.909886205299234,"UKR
Current"
UKR,Current,climate change,371,3.3292772833592648,"UKR
Current"
UKR,Current,climate change,372,3.245534621398438,"UKR
Current"
UKR,Current,climate change,373,3.4371797472509806,"UKR
Current"
UKR,Current,climate change,374,3.430299165480329,"UKR
Current"
UKR,Current,climate change,375,4.002563160542216,"UKR
Current"
UKR,Current,climate change,376,4.387639723854029,"UKR
Current"
UKR,Current,climate change,377,3.322370031183603,"UKR
Current"
UKR,Current,climate change,378,3.44870415396664,"UKR
Current"
UKR,Current,climate change,379,3.540842690747369,"UKR
Current"
UKR,Current,climate change,380,3.9983748373715073,"UKR
Current"
UKR,Current,climate change,381,3.9735502654816997,"UKR
Current"
UKR,Current,climate change,382,3.3468275831083014,"UKR
Current"
UKR,Current,climate change,383,2.9733266496861654,"UKR
Current"
UKR,Current,climate change,384,3.829200381814869,"UKR
Current"
UKR,Current,climate change,385,3.685079199453051,"UKR
Current"
UKR,Current,climate change,386,3.2111041296615053,"UKR
Current"
UKR,Current,climate change,387,3.803838969660238,"UKR
Current"
UKR,Current,climate change,388,3.6054484087515277,"UKR
Current"
UKR,Current,climate change,389,3.0302713139941786,"UKR
Current"
UKR,Current,climate change,390,3.208563164695287,"UKR
Current"
UKR,Current,climate change,391,3.7730562158684315,"UKR
Current"
UKR,Current,climate change,392,3.1890239683416564,"UKR
Current"
UKR,Current,climate change,393,3.527083740264055,"UKR
Current"
UKR,Current,climate change,394,3.383279324569,"UKR
Current"
UKR,Current,climate change,395,3.614660848318056,"UKR
Current"
UKR,Current,climate change,396,3.963851444318827,"UKR
Current"
UKR,Current,climate change,397,3.307467517754169,"UKR
Current"
UKR,Current,climate change,398,4.026535014678412,"UKR
Current"
UKR,Current,climate change,399,3.454782337986073,"UKR
Current"
UKR,Current,climate change,400,3.1918131059379364,"UKR
Current"
UKR,Current,climate change,401,3.3574145841033256,"UKR
Current"
UKR,Current,climate change,402,3.2880721950354657,"UKR
Current"
UKR,Current,climate change,403,4.003282967229943,"UKR
Current"
UKR,Current,climate change,404,3.9098710065231232,"UKR
Current"
UKR,Current,climate change,405,4.44276538661583,"UKR
Current"
UKR,Current,climate change,406,3.7291023974686928,"UKR
Current"
UKR,Current,climate change,407,3.604971943098996,"UKR
Current"
UKR,Current,climate change,408,3.471343224895867,"UKR
Current"
UKR,Current,climate change,409,3.757526694059458,"UKR
Current"
UKR,Current,climate change,410,3.49613326218163,"UKR
Current"
UKR,Current,climate change,411,3.333638341461044,"UKR
Current"
UKR,Current,climate change,412,3.847862450912457,"UKR
Current"
UKR,Current,climate change,413,3.1933963066059015,"UKR
Current"
UKR,Current,climate change,414,3.596425208624389,"UKR
Current"
UKR,Current,climate change,415,3.716494923104255,"UKR
Current"
UKR,Current,climate change,416,3.0276448470897983,"UKR
Current"
UKR,Current,climate change,417,3.4448799181791325,"UKR
Current"
UKR,Current,climate change,418,3.7361413873513425,"UKR
Current"
UKR,Current,climate change,419,3.481274649633016,"UKR
Current"
UKR,Current,climate change,420,3.340448881076505,"UKR
Current"
UKR,Current,climate change,421,3.4651897277196415,"UKR
Current"
UKR,Current,climate change,422,3.8483694509546167,"UKR
Current"
UKR,Current,climate change,423,3.471706243617024,"UKR
Current"
UKR,Current,climate change,424,4.0190839020047,"UKR
Current"
UKR,Current,climate change,425,4.185579441480074,"UKR
Current"
UKR,Current,climate change,426,3.8465540453951106,"UKR
Current"
UKR,Current,climate change,427,3.525728601681031,"UKR
Current"
UKR,Current,climate change,428,4.056521489568952,"UKR
Current"
UKR,Current,climate change,429,3.8607384361323156,"UKR
Current"
UKR,Current,climate change,430,3.8421741545691908,"UKR
Current"
UKR,Current,climate change,431,3.2363205005666487,"UKR
Current"
UKR,Current,climate change,432,3.1670838521769222,"UKR
Current"
UKR,Current,climate change,433,3.1435687831832198,"UKR
Current"
UKR,Current,climate change,434,3.2683024238579303,"UKR
Current"
UKR,Current,climate change,435,3.3642673523578392,"UKR
Current"
UKR,Current,climate change,436,3.1001696125557805,"UKR
Current"
UKR,Current,climate change,437,3.4571501149872668,"UKR
Current"
UKR,Current,climate change,438,3.635451223640029,"UKR
Current"
UKR,Current,climate change,439,3.414683149442764,"UKR
Current"
UKR,Current,climate change,440,3.7978463337964063,"UKR
Current"
UKR,Current,climate change,441,3.3295521195138655,"UKR
Current"
UKR,Current,climate change,442,3.248008258957947,"UKR
Current"
UKR,Current,climate change,443,3.2590626871599984,"UKR
Current"
UKR,Current,climate change,444,4.114424737785936,"UKR
Current"
UKR,Current,climate change,445,3.529161900210333,"UKR
Current"
UKR,Current,climate change,446,3.738163024438656,"UKR
Current"
UKR,Current,climate change,447,3.5848835868463573,"UKR
Current"
UKR,Current,climate change,448,3.1306418924703903,"UKR
Current"
UKR,Current,climate change,449,3.6881601200792873,"UKR
Current"
UKR,Current,climate change,450,3.0563336755238857,"UKR
Current"
UKR,Current,climate change,451,3.4406576996271894,"UKR
Current"
UKR,Current,climate change,452,3.427872230359652,"UKR
Current"
UKR,Current,climate change,453,3.51036978439163,"UKR
Current"
UKR,Current,climate change,454,3.617935919050648,"UKR
Current"
UKR,Current,climate change,455,3.644053175739017,"UKR
Current"
UKR,Current,climate change,456,3.5889487003902136,"UKR
Current"
UKR,Current,climate change,457,3.542204858886295,"UKR
Current"
UKR,Current,climate change,458,3.9278400143382073,"UKR
Current"
UKR,Current,climate change,459,3.713904711920211,"UKR
Current"
UKR,Current,climate change,460,3.8184707132593783,"UKR
Current"
UKR,Current,climate change,461,3.1021734354350063,"UKR
Current"
UKR,Current,climate change,462,3.6220020098355974,"UKR
Current"
UKR,Current,climate change,463,4.085704786497018,"UKR
Current"
UKR,Current,climate change,464,3.484577340493468,"UKR
Current"
UKR,Current,climate change,465,3.265729560397056,"UKR
Current"
UKR,Current,climate change,466,3.995276908286406,"UKR
Current"
UKR,Current,climate change,467,3.9797110391876025,"UKR
Current"
UKR,Current,climate change,468,3.6685236513806028,"UKR
Current"
UKR,Current,climate change,469,3.7971950968852797,"UKR
Current"
UKR,Current,climate change,470,3.8146453681474677,"UKR
Current"
UKR,Current,climate change,471,3.514876825702776,"UKR
Current"
UKR,Current,climate change,472,3.2815315133711005,"UKR
Current"
UKR,Current,climate change,473,3.595617370786042,"UKR
Current"
UKR,Current,climate change,474,3.6078165779664166,"UKR
Current"
UKR,Current,climate change,475,3.3765389789035947,"UKR
Current"
UKR,Current,climate change,476,3.5033273061932038,"UKR
Current"
UKR,Current,climate change,477,2.9924432241218457,"UKR
Current"
UKR,Current,climate change,478,3.585358672848423,"UKR
Current"
UKR,Current,climate change,479,4.061476480554435,"UKR
Current"
UKR,Current,climate change,480,4.240457774351317,"UKR
Current"
UKR,Current,climate change,481,3.864405402231772,"UKR
Current"
UKR,Current,climate change,482,3.2971248407501683,"UKR
Current"
UKR,Current,climate change,483,3.7031968632700343,"UKR
Current"
UKR,Current,climate change,484,3.7212586411602087,"UKR
Current"
UKR,Current,climate change,485,3.1625019480788623,"UKR
Current"
UKR,Current,climate change,486,3.3135909870616578,"UKR
Current"
UKR,Current,climate change,487,3.227546397131047,"UKR
Current"
UKR,Current,climate change,488,3.361710384565992,"UKR
Current"
UKR,Current,climate change,489,3.0330726828569623,"UKR
Current"
UKR,Current,climate change,490,3.2754326009488097,"UKR
Current"
UKR,Current,climate change,491,3.3807372089338874,"UKR
Current"
UKR,Current,climate change,492,3.8429194228635764,"UKR
Current"
UKR,Current,climate change,493,3.7509951337109446,"UKR
Current"
UKR,Current,climate change,494,4.1418477996795104,"UKR
Current"
UKR,Current,climate change,495,3.5183718729323075,"UKR
Current"
UKR,Current,climate change,496,4.035039101665987,"UKR
Current"
UKR,Current,climate change,497,3.0140723790753543,"UKR
Current"
UKR,Current,climate change,498,4.0213669358560065,"UKR
Current"
UKR,Current,climate change,499,3.642836937192775,"UKR
Current"
UKR,Current,climate change,500,3.482618909437092,"UKR
Current"
UKR,Current,climate change,501,3.6048303681177916,"UKR
Current"
UKR,Current,climate change,502,3.607686537391,"UKR
Current"
UKR,Current,climate change,503,3.3621045040367545,"UKR
Current"
UKR,Current,climate change,504,3.846316896246092,"UKR
Current"
UKR,Current,climate change,505,3.2809004064364227,"UKR
Current"
UKR,Current,climate change,506,3.526588876209908,"UKR
Current"
UKR,Current,climate change,507,3.732759438719102,"UKR
Current"
UKR,Current,climate change,508,3.441735780215235,"UKR
Current"
UKR,Current,climate change,509,3.435344225428711,"UKR
Current"
UKR,Current,climate change,510,3.048438984866225,"UKR
Current"
UKR,Current,climate change,511,3.804891122900015,"UKR
Current"
UKR,Current,climate change,512,3.92530292816205,"UKR
Current"
UKR,Current,climate change,513,3.3314049478032928,"UKR
Current"
UKR,Current,climate change,514,3.7762838225944315,"UKR
Current"
UKR,Current,climate change,515,3.392919484523889,"UKR
Current"
UKR,Current,climate change,516,3.6181232562948815,"UKR
Current"
UKR,Current,climate change,517,3.3269904727314823,"UKR
Current"
UKR,Current,climate change,518,3.315638453708612,"UKR
Current"
UKR,Current,climate change,519,3.636281556844068,"UKR
Current"
UKR,Current,climate change,520,3.413817468870126,"UKR
Current"
UKR,Current,climate change,521,3.648426965428653,"UKR
Current"
UKR,Current,climate change,522,3.2515311031647416,"UKR
Current"
UKR,Current,climate change,523,3.521960040982899,"UKR
Current"
UKR,Current,climate change,524,3.4682729075529872,"UKR
Current"
UKR,Current,climate change,525,3.5951496227956605,"UKR
Current"
UKR,Current,climate change,526,3.2572716352637237,"UKR
Current"
UKR,Current,climate change,527,3.4406957690668536,"UKR
Current"
UKR,Current,climate change,528,3.615372960937355,"UKR
Current"
UKR,Current,climate change,529,3.4760757325222476,"UKR
Current"
UKR,Current,climate change,530,3.624701326354503,"UKR
Current"
UKR,Current,climate change,531,3.1638814838861617,"UKR
Current"
UKR,Current,climate change,532,3.4259458395773894,"UKR
Current"
UKR,Current,climate change,533,2.993626372087244,"UKR
Current"
UKR,Current,climate change,534,3.307974810503372,"UKR
Current"
UKR,Current,climate change,535,3.2649217659123417,"UKR
Current"
UKR,Current,climate change,536,3.191629428185317,"UKR
Current"
UKR,Current,climate change,537,3.7583830621650556,"UKR
Current"
UKR,Current,climate change,538,3.7746649907949354,"UKR
Current"
UKR,Current,climate change,539,3.7951781279725467,"UKR
Current"
UKR,Current,climate change,540,3.649792288662907,"UKR
Current"
UKR,Current,climate change,541,3.3142860522110293,"UKR
Current"
UKR,Current,climate change,542,4.024131820982475,"UKR
Current"
UKR,Current,climate change,543,3.410842976262769,"UKR
Current"
UKR,Current,climate change,544,3.8350931941156516,"UKR
Current"
UKR,Current,climate change,545,3.63554333130987,"UKR
Current"
UKR,Current,climate change,546,3.250051754465355,"UKR
Current"
UKR,Current,climate change,547,3.3434109933774265,"UKR
Current"
UKR,Current,climate change,548,3.2686639979582446,"UKR
Current"
UKR,Current,climate change,549,3.6814755491164655,"UKR
Current"
UKR,Current,climate change,550,3.0570629649989907,"UKR
Current"
UKR,Current,climate change,551,4.065503500352091,"UKR
Current"
UKR,Current,climate change,552,3.176277319233482,"UKR
Current"
UKR,Current,climate change,553,4.008204155402132,"UKR
Current"
UKR,Current,climate change,554,4.018054289295821,"UKR
Current"
UKR,Current,climate change,555,3.599009767312431,"UKR
Current"
UKR,Current,climate change,556,4.031115149478964,"UKR
Current"
UKR,Current,climate change,557,3.1529823602298186,"UKR
Current"
UKR,Current,climate change,558,3.8465752125186916,"UKR
Current"
UKR,Current,climate change,559,3.649400075310341,"UKR
Current"
UKR,Current,climate change,560,3.3317624335833473,"UKR
Current"
UKR,Current,climate change,561,3.0489508194940123,"UKR
Current"
UKR,Current,climate change,562,3.3674510804417217,"UKR
Current"
UKR,Current,climate change,563,3.2588985713846825,"UKR
Current"
UKR,Current,climate change,564,3.9402145476952004,"UKR
Current"
UKR,Current,climate change,565,3.2175698434681848,"UKR
Current"
UKR,Current,climate change,566,3.8707470981044687,"UKR
Current"
UKR,Current,climate change,567,3.7109941437929534,"UKR
Current"
UKR,Current,climate change,568,3.0836710287570477,"UKR
Current"
UKR,Current,climate change,569,3.114730380395707,"UKR
Current"
UKR,Current,climate change,570,3.3756259331056016,"UKR
Current"
UKR,Current,climate change,571,3.833485630381394,"UKR
Current"
UKR,Current,climate change,572,3.4832318724360287,"UKR
Current"
UKR,Current,climate change,573,3.3990497182532526,"UKR
Current"
UKR,Current,climate change,574,3.9527482065685806,"UKR
Current"
UKR,Current,climate change,575,3.1626602690982333,"UKR
Current"
UKR,Current,climate change,576,3.620271184784859,"UKR
Current"
UKR,Current,climate change,577,3.6497967390768227,"UKR
Current"
UKR,Current,climate change,578,3.535011134639883,"UKR
Current"
UKR,Current,climate change,579,3.111313365490037,"UKR
Current"
UKR,Current,climate change,580,3.2172425867815817,"UKR
Current"
UKR,Current,climate change,581,3.1344915556677755,"UKR
Current"
UKR,Current,climate change,582,3.490597775352877,"UKR
Current"
UKR,Current,climate change,583,4.099032390465104,"UKR
Current"
UKR,Current,climate change,584,3.5911838686288107,"UKR
Current"
UKR,Current,climate change,585,4.100813369190131,"UKR
Current"
UKR,Current,climate change,586,3.8534768112712774,"UKR
Current"
UKR,Current,climate change,587,4.131775406785381,"UKR
Current"
UKR,Current,climate change,588,3.7227780178559966,"UKR
Current"
UKR,Current,climate change,589,3.5118783516217817,"UKR
Current"
UKR,Current,climate change,590,3.6473247542851586,"UKR
Current"
UKR,Current,climate change,591,3.489220539143582,"UKR
Current"
UKR,Current,climate change,592,4.138618700994071,"UKR
Current"
UKR,Current,climate change,593,3.748113000695444,"UKR
Current"
UKR,Current,climate change,594,3.300356678141638,"UKR
Current"
UKR,Current,climate change,595,3.6188198487913983,"UKR
Current"
UKR,Current,climate change,596,3.8034222557135298,"UKR
Current"
UKR,Current,climate change,597,3.5467835375336914,"UKR
Current"
UKR,Current,climate change,598,3.5014589485799896,"UKR
Current"
UKR,Current,climate change,599,3.4281613531503363,"UKR
Current"
UKR,Current,climate change,600,3.203113978359368,"UKR
Current"
UKR,Current,climate change,601,3.580822662208831,"UKR
Current"
UKR,Current,climate change,602,2.9559209152553994,"UKR
Current"
UKR,Current,climate change,603,3.5631775043041056,"UKR
Current"
UKR,Current,climate change,604,3.6231556450434863,"UKR
Current"
UKR,Current,climate change,605,3.413867712542632,"UKR
Current"
UKR,Current,climate change,606,3.3909076516930234,"UKR
Current"
UKR,Current,climate change,607,3.818355467770635,"UKR
Current"
UKR,Current,climate change,608,3.3927795772908804,"UKR
Current"
UKR,Current,climate change,609,3.490640326038979,"UKR
Current"
UKR,Current,climate change,610,3.619892284972046,"UKR
Current"
UKR,Current,climate change,611,3.577960243868838,"UKR
Current"
UKR,Current,climate change,612,3.878556516438581,"UKR
Current"
UKR,Current,climate change,613,3.261926654859342,"UKR
Current"
UKR,Current,climate change,614,3.4708236702656725,"UKR
Current"
UKR,Current,climate change,615,3.92741140876518,"UKR
Current"
UKR,Current,climate change,616,4.435797780479974,"UKR
Current"
UKR,Current,climate change,617,3.267308850249351,"UKR
Current"
UKR,Current,climate change,618,3.8699247036686906,"UKR
Current"
UKR,Current,climate change,619,3.948384882462745,"UKR
Current"
UKR,Current,climate change,620,3.7837825715801365,"UKR
Current"
UKR,Current,climate change,621,3.2423813657849343,"UKR
Current"
UKR,Current,climate change,622,3.3957606930960655,"UKR
Current"
UKR,Current,climate change,623,3.65457734323678,"UKR
Current"
UKR,Current,climate change,624,4.138255744163032,"UKR
Current"
UKR,Current,climate change,625,3.751175281088673,"UKR
Current"
UKR,Current,climate change,626,3.849734323170652,"UKR
Current"
UKR,Current,climate change,627,3.6243144143075687,"UKR
Current"
UKR,Current,climate change,628,4.126256595370906,"UKR
Current"
UKR,Current,climate change,629,3.2962738023568265,"UKR
Current"
UKR,Current,climate change,630,3.6759045596791036,"UKR
Current"
UKR,Current,climate change,631,3.4430259100460407,"UKR
Current"
UKR,Current,climate change,632,3.048691365510167,"UKR
Current"
UKR,Current,climate change,633,4.347168317311799,"UKR
Current"
UKR,Current,climate change,634,3.239171784547704,"UKR
Current"
UKR,Current,climate change,635,4.010400200231421,"UKR
Current"
UKR,Current,climate change,636,3.6209316666012996,"UKR
Current"
UKR,Current,climate change,637,3.360054799828643,"UKR
Current"
UKR,Current,climate change,638,3.6663017960587823,"UKR
Current"
UKR,Current,climate change,639,3.5627639943496923,"UKR
Current"
UKR,Current,climate change,640,3.4423875761580414,"UKR
Current"
UKR,Current,climate change,641,3.350866504566586,"UKR
Current"
UKR,Current,climate change,642,3.334739501639996,"UKR
Current"
UKR,Current,climate change,643,3.5901028053612842,"UKR
Current"
UKR,Current,climate change,644,3.604072624615301,"UKR
Current"
UKR,Current,climate change,645,3.6984600904398826,"UKR
Current"
UKR,Current,climate change,646,3.2779301858617216,"UKR
Current"
UKR,Current,climate change,647,3.1961620357523626,"UKR
Current"
UKR,Current,climate change,648,2.974276761493602,"UKR
Current"
UKR,Current,climate change,649,3.7771225324454685,"UKR
Current"
UKR,Current,climate change,650,3.8404742645029426,"UKR
Current"
UKR,Current,climate change,651,3.9882825533356554,"UKR
Current"
UKR,Current,climate change,652,3.799223701411472,"UKR
Current"
UKR,Current,climate change,653,3.336199962019013,"UKR
Current"
UKR,Current,climate change,654,2.987627214431317,"UKR
Current"
UKR,Current,climate change,655,3.7068927317351497,"UKR
Current"
UKR,Current,climate change,656,3.2488590894043865,"UKR
Current"
UKR,Current,climate change,657,3.9412748564657436,"UKR
Current"
UKR,Current,climate change,658,3.1663874155775864,"UKR
Current"
UKR,Current,climate change,659,3.2166794527764173,"UKR
Current"
UKR,Current,climate change,660,3.195009308199143,"UKR
Current"
UKR,Current,climate change,661,3.9480904529849696,"UKR
Current"
UKR,Current,climate change,662,3.108442556703861,"UKR
Current"
UKR,Current,climate change,663,3.8982520193628254,"UKR
Current"
UKR,Current,climate change,664,3.991132147400334,"UKR
Current"
UKR,Current,climate change,665,3.307499888908855,"UKR
Current"
UKR,Current,climate change,666,3.9414079335967243,"UKR
Current"
UKR,Current,climate change,667,3.6270927263686374,"UKR
Current"
UKR,Current,climate change,668,3.547478784537096,"UKR
Current"
UKR,Current,climate change,669,3.662454987954138,"UKR
Current"
UKR,Current,climate change,670,3.260267059126723,"UKR
Current"
UKR,Current,climate change,671,3.5177348530942645,"UKR
Current"
UKR,Current,climate change,672,3.327037206135121,"UKR
Current"
UKR,Current,climate change,673,3.6294835880577367,"UKR
Current"
UKR,Current,climate change,674,4.132333331384084,"UKR
Current"
UKR,Current,climate change,675,3.5669192090350554,"UKR
Current"
UKR,Current,climate change,676,3.683018457912771,"UKR
Current"
UKR,Current,climate change,677,3.4282594708970904,"UKR
Current"
UKR,Current,climate change,678,3.5350253393791085,"UKR
Current"
UKR,Current,climate change,679,3.5878731567279423,"UKR
Current"
UKR,Current,climate change,680,3.5572957763325657,"UKR
Current"
UKR,Current,climate change,681,3.7886137045316155,"UKR
Current"
UKR,Current,climate change,682,3.284244122888768,"UKR
Current"
UKR,Current,climate change,683,3.5255676597876686,"UKR
Current"
UKR,Current,climate change,684,3.799301932717378,"UKR
Current"
UKR,Current,climate change,685,3.575780623888405,"UKR
Current"
UKR,Current,climate change,686,3.7415703393517434,"UKR
Current"
UKR,Current,climate change,687,3.6814854775946597,"UKR
Current"
UKR,Current,climate change,688,3.7946933624525916,"UKR
Current"
UKR,Current,climate change,689,3.8260747068842687,"UKR
Current"
UKR,Current,climate change,690,3.8552096834125527,"UKR
Current"
UKR,Current,climate change,691,3.6745583906963994,"UKR
Current"
UKR,Current,climate change,692,3.054271174287346,"UKR
Current"
UKR,Current,climate change,693,3.3216686499508996,"UKR
Current"
UKR,Current,climate change,694,3.1993497909696123,"UKR
Current"
UKR,Current,climate change,695,3.6722308214023385,"UKR
Current"
UKR,Current,climate change,696,3.12763975817652,"UKR
Current"
UKR,Current,climate change,697,3.9404127001068923,"UKR
Current"
UKR,Current,climate change,698,3.333195722039974,"UKR
Current"
UKR,Current,climate change,699,3.4709845465881513,"UKR
Current"
UKR,Current,climate change,700,3.6791298572820432,"UKR
Current"
UKR,Current,climate change,701,3.419560699926604,"UKR
Current"
UKR,Current,climate change,702,3.6119922378482596,"UKR
Current"
UKR,Current,climate change,703,3.226077595603316,"UKR
Current"
UKR,Current,climate change,704,3.63313381766905,"UKR
Current"
UKR,Current,climate change,705,3.5011972830272473,"UKR
Current"
UKR,Current,climate change,706,3.70071954404406,"UKR
Current"
UKR,Current,climate change,707,3.316566991066868,"UKR
Current"
UKR,Current,climate change,708,3.421345778719305,"UKR
Current"
UKR,Current,climate change,709,3.211179257642416,"UKR
Current"
UKR,Current,climate change,710,3.169022905373352,"UKR
Current"
UKR,Current,climate change,711,3.727324905359443,"UKR
Current"
UKR,Current,climate change,712,3.8021603561932826,"UKR
Current"
UKR,Current,climate change,713,3.326271038035679,"UKR
Current"
UKR,Current,climate change,714,3.35729173360636,"UKR
Current"
UKR,Current,climate change,715,3.4976421608896695,"UKR
Current"
UKR,Current,climate change,716,3.1692229072908233,"UKR
Current"
UKR,Current,climate change,717,3.863897119514359,"UKR
Current"
UKR,Current,climate change,718,3.615063172774798,"UKR
Current"
UKR,Current,climate change,719,3.589377346418953,"UKR
Current"
UKR,Current,climate change,720,3.403115954487117,"UKR
Current"
UKR,Current,climate change,721,3.2460539124410137,"UKR
Current"
UKR,Current,climate change,722,4.042099613556897,"UKR
Current"
UKR,Current,climate change,723,3.29220655256249,"UKR
Current"
UKR,Current,climate change,724,3.5823159653278336,"UKR
Current"
UKR,Current,climate change,725,3.4003782617446188,"UKR
Current"
UKR,Current,climate change,726,3.3893727691191837,"UKR
Current"
UKR,Current,climate change,727,3.3434691237455785,"UKR
Current"
UKR,Current,climate change,728,3.135593007800245,"UKR
Current"
UKR,Current,climate change,729,3.4766088683860663,"UKR
Current"
UKR,Current,climate change,730,3.3715134019875768,"UKR
Current"
UKR,Current,climate change,731,3.6154120989403493,"UKR
Current"
UKR,Current,climate change,732,3.7549540902797633,"UKR
Current"
UKR,Current,climate change,733,3.6449647296369525,"UKR
Current"
UKR,Current,climate change,734,3.21263508633081,"UKR
Current"
UKR,Current,climate change,735,3.6929027088162734,"UKR
Current"
UKR,Current,climate change,736,3.4469515087848204,"UKR
Current"
UKR,Current,climate change,737,3.674148403073099,"UKR
Current"
UKR,Current,climate change,738,3.8159124354379244,"UKR
Current"
UKR,Current,climate change,739,3.1961969332872457,"UKR
Current"
UKR,Current,climate change,740,3.253858468739983,"UKR
Current"
UKR,Current,climate change,741,3.134852861835436,"UKR
Current"
UKR,Current,climate change,742,3.4711425827998155,"UKR
Current"
UKR,Current,climate change,743,4.027168423847008,"UKR
Current"
UKR,Current,climate change,744,3.3374611206230673,"UKR
Current"
UKR,Current,climate change,745,3.660259845945598,"UKR
Current"
UKR,Current,climate change,746,3.0273161519953833,"UKR
Current"
UKR,Current,climate change,747,3.3344462314139602,"UKR
Current"
UKR,Current,climate change,748,3.9381030834019235,"UKR
Current"
UKR,Current,climate change,749,3.3847998450773074,"UKR
Current"
UKR,Current,climate change,750,2.8830985251158903,"UKR
Current"
UKR,Current,climate change,751,3.3988064012411896,"UKR
Current"
UKR,Current,climate change,752,3.350962082650798,"UKR
Current"
UKR,Current,climate change,753,3.274726198105399,"UKR
Current"
UKR,Current,climate change,754,3.9093955263239644,"UKR
Current"
UKR,Current,climate change,755,3.5134649029705782,"UKR
Current"
UKR,Current,climate change,756,3.1771220854025004,"UKR
Current"
UKR,Current,climate change,757,3.8488860240507408,"UKR
Current"
UKR,Current,climate change,758,3.7978813935998716,"UKR
Current"
UKR,Current,climate change,759,3.1374582718643778,"UKR
Current"
UKR,Current,climate change,760,3.656166060452412,"UKR
Current"
UKR,Current,climate change,761,3.5746448619909446,"UKR
Current"
UKR,Current,climate change,762,3.2715350248498964,"UKR
Current"
UKR,Current,climate change,763,4.152228029923322,"UKR
Current"
UKR,Current,climate change,764,3.7423257782439343,"UKR
Current"
UKR,Current,climate change,765,3.6242309606191725,"UKR
Current"
UKR,Current,climate change,766,3.3215612176837794,"UKR
Current"
UKR,Current,climate change,767,3.7044061160269965,"UKR
Current"
UKR,Current,climate change,768,3.6486235335274135,"UKR
Current"
UKR,Current,climate change,769,3.546318975851084,"UKR
Current"
UKR,Current,climate change,770,3.742504433206138,"UKR
Current"
UKR,Current,climate change,771,3.367734604126949,"UKR
Current"
UKR,Current,climate change,772,3.5354705681401413,"UKR
Current"
UKR,Current,climate change,773,3.996831744694172,"UKR
Current"
UKR,Current,climate change,774,3.115716615254358,"UKR
Current"
UKR,Current,climate change,775,3.5704678201668907,"UKR
Current"
UKR,Current,climate change,776,3.6109833264381272,"UKR
Current"
UKR,Current,climate change,777,4.0481345228760395,"UKR
Current"
UKR,Current,climate change,778,3.729872452824698,"UKR
Current"
UKR,Current,climate change,779,3.5192629766838173,"UKR
Current"
UKR,Current,climate change,780,3.2116123936883088,"UKR
Current"
UKR,Current,climate change,781,3.7046392696803863,"UKR
Current"
UKR,Current,climate change,782,3.6966864540839177,"UKR
Current"
UKR,Current,climate change,783,3.8558946155456915,"UKR
Current"
UKR,Current,climate change,784,3.7701594153604208,"UKR
Current"
UKR,Current,climate change,785,3.4529017474299204,"UKR
Current"
UKR,Current,climate change,786,3.7304677987801953,"UKR
Current"
UKR,Current,climate change,787,4.100439185607412,"UKR
Current"
UKR,Current,climate change,788,2.907093929298056,"UKR
Current"
UKR,Current,climate change,789,3.391319089606285,"UKR
Current"
UKR,Current,climate change,790,3.282067615182627,"UKR
Current"
UKR,Current,climate change,791,3.815161379993949,"UKR
Current"
UKR,Current,climate change,792,3.7168256452800437,"UKR
Current"
UKR,Current,climate change,793,3.3429282031309646,"UKR
Current"
UKR,Current,climate change,794,3.82782497049319,"UKR
Current"
UKR,Current,climate change,795,3.9482937094815655,"UKR
Current"
UKR,Current,climate change,796,3.0103181354310764,"UKR
Current"
UKR,Current,climate change,797,3.53731242874613,"UKR
Current"
UKR,Current,climate change,798,3.493043364801028,"UKR
Current"
UKR,Current,climate change,799,4.085679771854149,"UKR
Current"
UKR,Current,climate change,800,3.9176558388863185,"UKR
Current"
UKR,Current,climate change,801,3.965389615857233,"UKR
Current"
UKR,Current,climate change,802,3.6905400967816333,"UKR
Current"
UKR,Current,climate change,803,3.402861905998026,"UKR
Current"
UKR,Current,climate change,804,3.6298424138233925,"UKR
Current"
UKR,Current,climate change,805,3.909496743701734,"UKR
Current"
UKR,Current,climate change,806,3.0804475062123324,"UKR
Current"
UKR,Current,climate change,807,3.9036832731443263,"UKR
Current"
UKR,Current,climate change,808,3.8746010047403647,"UKR
Current"
UKR,Current,climate change,809,3.351440574240306,"UKR
Current"
UKR,Current,climate change,810,3.980952612584243,"UKR
Current"
UKR,Current,climate change,811,3.567699136365994,"UKR
Current"
UKR,Current,climate change,812,3.1871338860042577,"UKR
Current"
UKR,Current,climate change,813,3.8667211882024084,"UKR
Current"
UKR,Current,climate change,814,3.5925197241242612,"UKR
Current"
UKR,Current,climate change,815,3.4299995920565123,"UKR
Current"
UKR,Current,climate change,816,3.1835026489502667,"UKR
Current"
UKR,Current,climate change,817,3.9292221792538333,"UKR
Current"
UKR,Current,climate change,818,4.174055385177544,"UKR
Current"
UKR,Current,climate change,819,3.6624515876634143,"UKR
Current"
UKR,Current,climate change,820,3.5051253516750007,"UKR
Current"
UKR,Current,climate change,821,3.7800083038706918,"UKR
Current"
UKR,Current,climate change,822,3.384757682482387,"UKR
Current"
UKR,Current,climate change,823,3.7729124464965644,"UKR
Current"
UKR,Current,climate change,824,3.4152138605574134,"UKR
Current"
UKR,Current,climate change,825,3.7793693551016267,"UKR
Current"
UKR,Current,climate change,826,3.2820218783113546,"UKR
Current"
UKR,Current,climate change,827,3.7907586500412376,"UKR
Current"
UKR,Current,climate change,828,3.6754339054697502,"UKR
Current"
UKR,Current,climate change,829,3.3788418900680313,"UKR
Current"
UKR,Current,climate change,830,3.577643154738593,"UKR
Current"
UKR,Current,climate change,831,4.235959752654588,"UKR
Current"
UKR,Current,climate change,832,3.620346618319259,"UKR
Current"
UKR,Current,climate change,833,3.8397856689160044,"UKR
Current"
UKR,Current,climate change,834,3.972658766850642,"UKR
Current"
UKR,Current,climate change,835,4.070332360775273,"UKR
Current"
UKR,Current,climate change,836,4.381031490023207,"UKR
Current"
UKR,Current,climate change,837,3.3917818131924853,"UKR
Current"
UKR,Current,climate change,838,3.836376968625684,"UKR
Current"
UKR,Current,climate change,839,3.0908682849950173,"UKR
Current"
UKR,Current,climate change,840,3.4077297164940825,"UKR
Current"
UKR,Current,climate change,841,3.39519045634077,"UKR
Current"
UKR,Current,climate change,842,3.5560398990578577,"UKR
Current"
UKR,Current,climate change,843,3.894916432289447,"UKR
Current"
UKR,Current,climate change,844,3.342281470817481,"UKR
Current"
UKR,Current,climate change,845,3.037109061740033,"UKR
Current"
UKR,Current,climate change,846,3.4051526453038137,"UKR
Current"
UKR,Current,climate change,847,3.9421130175155144,"UKR
Current"
UKR,Current,climate change,848,3.259205785707777,"UKR
Current"
UKR,Current,climate change,849,3.881203530638885,"UKR
Current"
UKR,Current,climate change,850,3.087980222569099,"UKR
Current"
UKR,Current,climate change,851,3.5243292071446586,"UKR
Current"
UKR,Current,climate change,852,4.167530121590596,"UKR
Current"
UKR,Current,climate change,853,3.8440220196765704,"UKR
Current"
UKR,Current,climate change,854,3.2059231820194514,"UKR
Current"
UKR,Current,climate change,855,3.2801100394163805,"UKR
Current"
UKR,Current,climate change,856,4.507325113406359,"UKR
Current"
UKR,Current,climate change,857,3.2577985999375554,"UKR
Current"
UKR,Current,climate change,858,4.025852398521134,"UKR
Current"
UKR,Current,climate change,859,3.6570607715330192,"UKR
Current"
UKR,Current,climate change,860,3.2374228439491404,"UKR
Current"
UKR,Current,climate change,861,4.172774494163864,"UKR
Current"
UKR,Current,climate change,862,3.3599287855318005,"UKR
Current"
UKR,Current,climate change,863,3.371514303782598,"UKR
Current"
UKR,Current,climate change,864,3.1724715889753576,"UKR
Current"
UKR,Current,climate change,865,2.7391502808728663,"UKR
Current"
UKR,Current,climate change,866,3.0184221416601447,"UKR
Current"
UKR,Current,climate change,867,4.037037092754716,"UKR
Current"
UKR,Current,climate change,868,3.1419806053728863,"UKR
Current"
UKR,Current,climate change,869,4.094768018117054,"UKR
Current"
UKR,Current,climate change,870,3.174635233712218,"UKR
Current"
UKR,Current,climate change,871,3.6829696624823915,"UKR
Current"
UKR,Current,climate change,872,3.5763182934531397,"UKR
Current"
UKR,Current,climate change,873,3.1102366081137807,"UKR
Current"
UKR,Current,climate change,874,3.9362062074017534,"UKR
Current"
UKR,Current,climate change,875,3.5843344965013744,"UKR
Current"
UKR,Current,climate change,876,3.351181273257886,"UKR
Current"
UKR,Current,climate change,877,3.9853834205899177,"UKR
Current"
UKR,Current,climate change,878,3.3669877232254306,"UKR
Current"
UKR,Current,climate change,879,3.6386159977081145,"UKR
Current"
UKR,Current,climate change,880,3.9053711352304994,"UKR
Current"
UKR,Current,climate change,881,3.7629845448399766,"UKR
Current"
UKR,Current,climate change,882,3.239710443478621,"UKR
Current"
UKR,Current,climate change,883,3.376271667177607,"UKR
Current"
UKR,Current,climate change,884,3.858712542358297,"UKR
Current"
UKR,Current,climate change,885,3.671265142521544,"UKR
Current"
UKR,Current,climate change,886,3.3658809153844356,"UKR
Current"
UKR,Current,climate change,887,3.5777916533843763,"UKR
Current"
UKR,Current,climate change,888,3.6861227956910616,"UKR
Current"
UKR,Current,climate change,889,3.405148342481417,"UKR
Current"
UKR,Current,climate change,890,3.7192606871971847,"UKR
Current"
UKR,Current,climate change,891,3.945349441434172,"UKR
Current"
UKR,Current,climate change,892,3.8468232236242503,"UKR
Current"
UKR,Current,climate change,893,4.39253815085103,"UKR
Current"
UKR,Current,climate change,894,3.67520443971345,"UKR
Current"
UKR,Current,climate change,895,3.308777861431747,"UKR
Current"
UKR,Current,climate change,896,3.236151042980741,"UKR
Current"
UKR,Current,climate change,897,3.2133443027234754,"UKR
Current"
UKR,Current,climate change,898,3.298197152272858,"UKR
Current"
UKR,Current,climate change,899,3.2775183465214637,"UKR
Current"
UKR,Current,climate change,900,3.288212958730774,"UKR
Current"
UKR,Current,climate change,901,3.4829544230571763,"UKR
Current"
UKR,Current,climate change,902,3.8654609652734635,"UKR
Current"
UKR,Current,climate change,903,3.6236489974798802,"UKR
Current"
UKR,Current,climate change,904,3.856753358347434,"UKR
Current"
UKR,Current,climate change,905,3.288504291025175,"UKR
Current"
UKR,Current,climate change,906,3.254544731113549,"UKR
Current"
UKR,Current,climate change,907,3.171786551341597,"UKR
Current"
UKR,Current,climate change,908,3.243106232951051,"UKR
Current"
UKR,Current,climate change,909,3.7429955752071873,"UKR
Current"
UKR,Current,climate change,910,3.246775398858866,"UKR
Current"
UKR,Current,climate change,911,3.6659354024808035,"UKR
Current"
UKR,Current,climate change,912,3.882526483149229,"UKR
Current"
UKR,Current,climate change,913,3.4122106411939823,"UKR
Current"
UKR,Current,climate change,914,3.074121703571022,"UKR
Current"
UKR,Current,climate change,915,4.124613423150435,"UKR
Current"
UKR,Current,climate change,916,3.7523683575059583,"UKR
Current"
UKR,Current,climate change,917,3.4318997541959497,"UKR
Current"
UKR,Current,climate change,918,3.8331466202639106,"UKR
Current"
UKR,Current,climate change,919,3.91298959600486,"UKR
Current"
UKR,Current,climate change,920,3.930212427532336,"UKR
Current"
UKR,Current,climate change,921,3.62436620492062,"UKR
Current"
UKR,Current,climate change,922,3.051759817341033,"UKR
Current"
UKR,Current,climate change,923,3.508882075925796,"UKR
Current"
UKR,Current,climate change,924,3.581086274510603,"UKR
Current"
UKR,Current,climate change,925,3.5500840371247078,"UKR
Current"
UKR,Current,climate change,926,3.46524814297474,"UKR
Current"
UKR,Current,climate change,927,3.2346815800015274,"UKR
Current"
UKR,Current,climate change,928,3.4819588709156046,"UKR
Current"
UKR,Current,climate change,929,4.0409203700570595,"UKR
Current"
UKR,Current,climate change,930,3.4834279142720415,"UKR
Current"
UKR,Current,climate change,931,3.6342441033963735,"UKR
Current"
UKR,Current,climate change,932,3.298849600287047,"UKR
Current"
UKR,Current,climate change,933,3.562431086584628,"UKR
Current"
UKR,Current,climate change,934,3.392185284022375,"UKR
Current"
UKR,Current,climate change,935,3.3297764004798696,"UKR
Current"
UKR,Current,climate change,936,3.752886152447309,"UKR
Current"
UKR,Current,climate change,937,3.5871895238274916,"UKR
Current"
UKR,Current,climate change,938,3.562153226942445,"UKR
Current"
UKR,Current,climate change,939,3.3269275621384624,"UKR
Current"
UKR,Current,climate change,940,3.2412267760565,"UKR
Current"
UKR,Current,climate change,941,3.199167723867151,"UKR
Current"
UKR,Current,climate change,942,3.9301308247849613,"UKR
Current"
UKR,Current,climate change,943,3.4580047927912823,"UKR
Current"
UKR,Current,climate change,944,3.3652067810128505,"UKR
Current"
UKR,Current,climate change,945,3.6180125255083784,"UKR
Current"
UKR,Current,climate change,946,3.211668997925216,"UKR
Current"
UKR,Current,climate change,947,3.6928746082159534,"UKR
Current"
UKR,Current,climate change,948,3.29837858725169,"UKR
Current"
UKR,Current,climate change,949,4.09750526702068,"UKR
Current"
UKR,Current,climate change,950,3.6180762361107424,"UKR
Current"
UKR,Current,climate change,951,3.2687758175374433,"UKR
Current"
UKR,Current,climate change,952,3.500524471269911,"UKR
Current"
UKR,Current,climate change,953,3.9263183742244143,"UKR
Current"
UKR,Current,climate change,954,3.5469422947775717,"UKR
Current"
UKR,Current,climate change,955,3.391138886293701,"UKR
Current"
UKR,Current,climate change,956,3.4895213133128697,"UKR
Current"
UKR,Current,climate change,957,3.417730620252763,"UKR
Current"
UKR,Current,climate change,958,4.066104599598394,"UKR
Current"
UKR,Current,climate change,959,3.520879710396651,"UKR
Current"
UKR,Current,climate change,960,3.391371744031849,"UKR
Current"
UKR,Current,climate change,961,3.7830443247375776,"UKR
Current"
UKR,Current,climate change,962,3.5026287654220543,"UKR
Current"
UKR,Current,climate change,963,3.5850016070826896,"UKR
Current"
UKR,Current,climate change,964,3.664822749893668,"UKR
Current"
UKR,Current,climate change,965,3.65480921240253,"UKR
Current"
UKR,Current,climate change,966,3.855212378573865,"UKR
Current"
UKR,Current,climate change,967,3.0794452223316364,"UKR
Current"
UKR,Current,climate change,968,3.691527853969756,"UKR
Current"
UKR,Current,climate change,969,3.582442534481381,"UKR
Current"
UKR,Current,climate change,970,3.646943968769174,"UKR
Current"
UKR,Current,climate change,971,4.1683851325091,"UKR
Current"
UKR,Current,climate change,972,3.5702411568622687,"UKR
Current"
UKR,Current,climate change,973,3.5724166443150716,"UKR
Current"
UKR,Current,climate change,974,3.3659483447356107,"UKR
Current"
UKR,Current,climate change,975,3.193282843804881,"UKR
Current"
UKR,Current,climate change,976,3.49995282931494,"UKR
Current"
UKR,Current,climate change,977,3.2999127029023083,"UKR
Current"
UKR,Current,climate change,978,3.866906013824312,"UKR
Current"
UKR,Current,climate change,979,3.8499093701039375,"UKR
Current"
UKR,Current,climate change,980,3.9162073603445977,"UKR
Current"
UKR,Current,climate change,981,3.556397532598866,"UKR
Current"
UKR,Current,climate change,982,3.442927404484956,"UKR
Current"
UKR,Current,climate change,983,4.2486530159500475,"UKR
Current"
UKR,Current,climate change,984,4.2878272219798275,"UKR
Current"
UKR,Current,climate change,985,3.287972911528733,"UKR
Current"
UKR,Current,climate change,986,3.9734369330262944,"UKR
Current"
UKR,Current,climate change,987,3.2315922169786337,"UKR
Current"
UKR,Current,climate change,988,4.1200750118195115,"UKR
Current"
UKR,Current,climate change,989,3.3570729094387124,"UKR
Current"
UKR,Current,climate change,990,3.868543592521893,"UKR
Current"
UKR,Current,climate change,991,3.2834923150316166,"UKR
Current"
UKR,Current,climate change,992,3.2467144399889056,"UKR
Current"
UKR,Current,climate change,993,3.3960542922069608,"UKR
Current"
UKR,Current,climate change,994,3.534577792143574,"UKR
Current"
UKR,Current,climate change,995,3.2849073248794345,"UKR
Current"
UKR,Current,climate change,996,3.624193274961218,"UKR
Current"
UKR,Current,climate change,997,3.617097206059272,"UKR
Current"
UKR,Current,climate change,998,3.4306277972246293,"UKR
Current"
UKR,Current,climate change,999,3.3370550674981336,"UKR
Current"
CM HTO,Current,climate change,0,1.0,"CM HTO
Current"
CM HTO,Current,climate change,1,1.0,"CM HTO
Current"
CM HTO,Current,climate change,2,1.0,"CM HTO
Current"
CM HTO,Current,climate change,3,1.0,"CM HTO
Current"
CM HTO,Current,climate change,4,1.0,"CM HTO
Current"
CM HTO,Current,climate change,5,1.0,"CM HTO
Current"
CM HTO,Current,climate change,6,1.0,"CM HTO
Current"
CM HTO,Current,climate change,7,1.0,"CM HTO
Current"
CM HTO,Current,climate change,8,1.0,"CM HTO
Current"
CM HTO,Current,climate change,9,1.0,"CM HTO
Current"
CM HTO,Current,climate change,10,1.0,"CM HTO
Current"
CM HTO,Current,climate change,11,1.0,"CM HTO
Current"
CM HTO,Current,climate change,12,1.0,"CM HTO
Current"
CM HTO,Current,climate change,13,1.0,"CM HTO
Current"
CM HTO,Current,climate change,14,1.0,"CM HTO
Current"
CM HTO,Current,climate change,15,1.0,"CM HTO
Current"
CM HTO,Current,climate change,16,1.0,"CM HTO
Current"
CM HTO,Current,climate change,17,1.0,"CM HTO
Current"
CM HTO,Current,climate change,18,1.0,"CM HTO
Current"
CM HTO,Current,climate change,19,1.0,"CM HTO
Current"
CM HTO,Current,climate change,20,1.0,"CM HTO
Current"
CM HTO,Current,climate change,21,1.0,"CM HTO
Current"
CM HTO,Current,climate change,22,1.0,"CM HTO
Current"
CM HTO,Current,climate change,23,1.0,"CM HTO
Current"
CM HTO,Current,climate change,24,1.0,"CM HTO
Current"
CM HTO,Current,climate change,25,1.0,"CM HTO
Current"
CM HTO,Current,climate change,26,1.0,"CM HTO
Current"
CM HTO,Current,climate change,27,1.0,"CM HTO
Current"
CM HTO,Current,climate change,28,1.0,"CM HTO
Current"
CM HTO,Current,climate change,29,1.0,"CM HTO
Current"
CM HTO,Current,climate change,30,1.0,"CM HTO
Current"
CM HTO,Current,climate change,31,1.0,"CM HTO
Current"
CM HTO,Current,climate change,32,1.0,"CM HTO
Current"
CM HTO,Current,climate change,33,1.0,"CM HTO
Current"
CM HTO,Current,climate change,34,1.0,"CM HTO
Current"
CM HTO,Current,climate change,35,1.0,"CM HTO
Current"
CM HTO,Current,climate change,36,1.0,"CM HTO
Current"
CM HTO,Current,climate change,37,1.0,"CM HTO
Current"
CM HTO,Current,climate change,38,1.0,"CM HTO
Current"
CM HTO,Current,climate change,39,1.0,"CM HTO
Current"
CM HTO,Current,climate change,40,1.0,"CM HTO
Current"
CM HTO,Current,climate change,41,1.0,"CM HTO
Current"
CM HTO,Current,climate change,42,1.0,"CM HTO
Current"
CM HTO,Current,climate change,43,1.0,"CM HTO
Current"
CM HTO,Current,climate change,44,1.0,"CM HTO
Current"
CM HTO,Current,climate change,45,1.0,"CM HTO
Current"
CM HTO,Current,climate change,46,1.0,"CM HTO
Current"
CM HTO,Current,climate change,47,1.0,"CM HTO
Current"
CM HTO,Current,climate change,48,1.0,"CM HTO
Current"
CM HTO,Current,climate change,49,1.0,"CM HTO
Current"
CM HTO,Current,climate change,50,1.0,"CM HTO
Current"
CM HTO,Current,climate change,51,1.0,"CM HTO
Current"
CM HTO,Current,climate change,52,1.0,"CM HTO
Current"
CM HTO,Current,climate change,53,1.0,"CM HTO
Current"
CM HTO,Current,climate change,54,1.0,"CM HTO
Current"
CM HTO,Current,climate change,55,1.0,"CM HTO
Current"
CM HTO,Current,climate change,56,1.0,"CM HTO
Current"
CM HTO,Current,climate change,57,1.0,"CM HTO
Current"
CM HTO,Current,climate change,58,1.0,"CM HTO
Current"
CM HTO,Current,climate change,59,1.0,"CM HTO
Current"
CM HTO,Current,climate change,60,1.0,"CM HTO
Current"
CM HTO,Current,climate change,61,1.0,"CM HTO
Current"
CM HTO,Current,climate change,62,1.0,"CM HTO
Current"
CM HTO,Current,climate change,63,1.0,"CM HTO
Current"
CM HTO,Current,climate change,64,1.0,"CM HTO
Current"
CM HTO,Current,climate change,65,1.0,"CM HTO
Current"
CM HTO,Current,climate change,66,1.0,"CM HTO
Current"
CM HTO,Current,climate change,67,1.0,"CM HTO
Current"
CM HTO,Current,climate change,68,1.0,"CM HTO
Current"
CM HTO,Current,climate change,69,1.0,"CM HTO
Current"
CM HTO,Current,climate change,70,1.0,"CM HTO
Current"
CM HTO,Current,climate change,71,1.0,"CM HTO
Current"
CM HTO,Current,climate change,72,1.0,"CM HTO
Current"
CM HTO,Current,climate change,73,1.0,"CM HTO
Current"
CM HTO,Current,climate change,74,1.0,"CM HTO
Current"
CM HTO,Current,climate change,75,1.0,"CM HTO
Current"
CM HTO,Current,climate change,76,1.0,"CM HTO
Current"
CM HTO,Current,climate change,77,1.0,"CM HTO
Current"
CM HTO,Current,climate change,78,1.0,"CM HTO
Current"
CM HTO,Current,climate change,79,1.0,"CM HTO
Current"
CM HTO,Current,climate change,80,1.0,"CM HTO
Current"
CM HTO,Current,climate change,81,1.0,"CM HTO
Current"
CM HTO,Current,climate change,82,1.0,"CM HTO
Current"
CM HTO,Current,climate change,83,1.0,"CM HTO
Current"
CM HTO,Current,climate change,84,1.0,"CM HTO
Current"
CM HTO,Current,climate change,85,1.0,"CM HTO
Current"
CM HTO,Current,climate change,86,1.0,"CM HTO
Current"
CM HTO,Current,climate change,87,1.0,"CM HTO
Current"
CM HTO,Current,climate change,88,1.0,"CM HTO
Current"
CM HTO,Current,climate change,89,1.0,"CM HTO
Current"
CM HTO,Current,climate change,90,1.0,"CM HTO
Current"
CM HTO,Current,climate change,91,1.0,"CM HTO
Current"
CM HTO,Current,climate change,92,1.0,"CM HTO
Current"
CM HTO,Current,climate change,93,1.0,"CM HTO
Current"
CM HTO,Current,climate change,94,1.0,"CM HTO
Current"
CM HTO,Current,climate change,95,1.0,"CM HTO
Current"
CM HTO,Current,climate change,96,1.0,"CM HTO
Current"
CM HTO,Current,climate change,97,1.0,"CM HTO
Current"
CM HTO,Current,climate change,98,1.0,"CM HTO
Current"
CM HTO,Current,climate change,99,1.0,"CM HTO
Current"
CM HTO,Current,climate change,100,1.0,"CM HTO
Current"
CM HTO,Current,climate change,101,1.0,"CM HTO
Current"
CM HTO,Current,climate change,102,1.0,"CM HTO
Current"
CM HTO,Current,climate change,103,1.0,"CM HTO
Current"
CM HTO,Current,climate change,104,1.0,"CM HTO
Current"
CM HTO,Current,climate change,105,1.0,"CM HTO
Current"
CM HTO,Current,climate change,106,1.0,"CM HTO
Current"
CM HTO,Current,climate change,107,1.0,"CM HTO
Current"
CM HTO,Current,climate change,108,1.0,"CM HTO
Current"
CM HTO,Current,climate change,109,1.0,"CM HTO
Current"
CM HTO,Current,climate change,110,1.0,"CM HTO
Current"
CM HTO,Current,climate change,111,1.0,"CM HTO
Current"
CM HTO,Current,climate change,112,1.0,"CM HTO
Current"
CM HTO,Current,climate change,113,1.0,"CM HTO
Current"
CM HTO,Current,climate change,114,1.0,"CM HTO
Current"
CM HTO,Current,climate change,115,1.0,"CM HTO
Current"
CM HTO,Current,climate change,116,1.0,"CM HTO
Current"
CM HTO,Current,climate change,117,1.0,"CM HTO
Current"
CM HTO,Current,climate change,118,1.0,"CM HTO
Current"
CM HTO,Current,climate change,119,1.0,"CM HTO
Current"
CM HTO,Current,climate change,120,1.0,"CM HTO
Current"
CM HTO,Current,climate change,121,1.0,"CM HTO
Current"
CM HTO,Current,climate change,122,1.0,"CM HTO
Current"
CM HTO,Current,climate change,123,1.0,"CM HTO
Current"
CM HTO,Current,climate change,124,1.0,"CM HTO
Current"
CM HTO,Current,climate change,125,1.0,"CM HTO
Current"
CM HTO,Current,climate change,126,1.0,"CM HTO
Current"
CM HTO,Current,climate change,127,1.0,"CM HTO
Current"
CM HTO,Current,climate change,128,1.0,"CM HTO
Current"
CM HTO,Current,climate change,129,1.0,"CM HTO
Current"
CM HTO,Current,climate change,130,1.0,"CM HTO
Current"
CM HTO,Current,climate change,131,1.0,"CM HTO
Current"
CM HTO,Current,climate change,132,1.0,"CM HTO
Current"
CM HTO,Current,climate change,133,1.0,"CM HTO
Current"
CM HTO,Current,climate change,134,1.0,"CM HTO
Current"
CM HTO,Current,climate change,135,1.0,"CM HTO
Current"
CM HTO,Current,climate change,136,1.0,"CM HTO
Current"
CM HTO,Current,climate change,137,1.0,"CM HTO
Current"
CM HTO,Current,climate change,138,1.0,"CM HTO
Current"
CM HTO,Current,climate change,139,1.0,"CM HTO
Current"
CM HTO,Current,climate change,140,1.0,"CM HTO
Current"
CM HTO,Current,climate change,141,1.0,"CM HTO
Current"
CM HTO,Current,climate change,142,1.0,"CM HTO
Current"
CM HTO,Current,climate change,143,1.0,"CM HTO
Current"
CM HTO,Current,climate change,144,1.0,"CM HTO
Current"
CM HTO,Current,climate change,145,1.0,"CM HTO
Current"
CM HTO,Current,climate change,146,1.0,"CM HTO
Current"
CM HTO,Current,climate change,147,1.0,"CM HTO
Current"
CM HTO,Current,climate change,148,1.0,"CM HTO
Current"
CM HTO,Current,climate change,149,1.0,"CM HTO
Current"
CM HTO,Current,climate change,150,1.0,"CM HTO
Current"
CM HTO,Current,climate change,151,1.0,"CM HTO
Current"
CM HTO,Current,climate change,152,1.0,"CM HTO
Current"
CM HTO,Current,climate change,153,1.0,"CM HTO
Current"
CM HTO,Current,climate change,154,1.0,"CM HTO
Current"
CM HTO,Current,climate change,155,1.0,"CM HTO
Current"
CM HTO,Current,climate change,156,1.0,"CM HTO
Current"
CM HTO,Current,climate change,157,1.0,"CM HTO
Current"
CM HTO,Current,climate change,158,1.0,"CM HTO
Current"
CM HTO,Current,climate change,159,1.0,"CM HTO
Current"
CM HTO,Current,climate change,160,1.0,"CM HTO
Current"
CM HTO,Current,climate change,161,1.0,"CM HTO
Current"
CM HTO,Current,climate change,162,1.0,"CM HTO
Current"
CM HTO,Current,climate change,163,1.0,"CM HTO
Current"
CM HTO,Current,climate change,164,1.0,"CM HTO
Current"
CM HTO,Current,climate change,165,1.0,"CM HTO
Current"
CM HTO,Current,climate change,166,1.0,"CM HTO
Current"
CM HTO,Current,climate change,167,1.0,"CM HTO
Current"
CM HTO,Current,climate change,168,1.0,"CM HTO
Current"
CM HTO,Current,climate change,169,1.0,"CM HTO
Current"
CM HTO,Current,climate change,170,1.0,"CM HTO
Current"
CM HTO,Current,climate change,171,1.0,"CM HTO
Current"
CM HTO,Current,climate change,172,1.0,"CM HTO
Current"
CM HTO,Current,climate change,173,1.0,"CM HTO
Current"
CM HTO,Current,climate change,174,1.0,"CM HTO
Current"
CM HTO,Current,climate change,175,1.0,"CM HTO
Current"
CM HTO,Current,climate change,176,1.0,"CM HTO
Current"
CM HTO,Current,climate change,177,1.0,"CM HTO
Current"
CM HTO,Current,climate change,178,1.0,"CM HTO
Current"
CM HTO,Current,climate change,179,1.0,"CM HTO
Current"
CM HTO,Current,climate change,180,1.0,"CM HTO
Current"
CM HTO,Current,climate change,181,1.0,"CM HTO
Current"
CM HTO,Current,climate change,182,1.0,"CM HTO
Current"
CM HTO,Current,climate change,183,1.0,"CM HTO
Current"
CM HTO,Current,climate change,184,1.0,"CM HTO
Current"
CM HTO,Current,climate change,185,1.0,"CM HTO
Current"
CM HTO,Current,climate change,186,1.0,"CM HTO
Current"
CM HTO,Current,climate change,187,1.0,"CM HTO
Current"
CM HTO,Current,climate change,188,1.0,"CM HTO
Current"
CM HTO,Current,climate change,189,1.0,"CM HTO
Current"
CM HTO,Current,climate change,190,1.0,"CM HTO
Current"
CM HTO,Current,climate change,191,1.0,"CM HTO
Current"
CM HTO,Current,climate change,192,1.0,"CM HTO
Current"
CM HTO,Current,climate change,193,1.0,"CM HTO
Current"
CM HTO,Current,climate change,194,1.0,"CM HTO
Current"
CM HTO,Current,climate change,195,1.0,"CM HTO
Current"
CM HTO,Current,climate change,196,1.0,"CM HTO
Current"
CM HTO,Current,climate change,197,1.0,"CM HTO
Current"
CM HTO,Current,climate change,198,1.0,"CM HTO
Current"
CM HTO,Current,climate change,199,1.0,"CM HTO
Current"
CM HTO,Current,climate change,200,1.0,"CM HTO
Current"
CM HTO,Current,climate change,201,1.0,"CM HTO
Current"
CM HTO,Current,climate change,202,1.0,"CM HTO
Current"
CM HTO,Current,climate change,203,1.0,"CM HTO
Current"
CM HTO,Current,climate change,204,1.0,"CM HTO
Current"
CM HTO,Current,climate change,205,1.0,"CM HTO
Current"
CM HTO,Current,climate change,206,1.0,"CM HTO
Current"
CM HTO,Current,climate change,207,1.0,"CM HTO
Current"
CM HTO,Current,climate change,208,1.0,"CM HTO
Current"
CM HTO,Current,climate change,209,1.0,"CM HTO
Current"
CM HTO,Current,climate change,210,1.0,"CM HTO
Current"
CM HTO,Current,climate change,211,1.0,"CM HTO
Current"
CM HTO,Current,climate change,212,1.0,"CM HTO
Current"
CM HTO,Current,climate change,213,1.0,"CM HTO
Current"
CM HTO,Current,climate change,214,1.0,"CM HTO
Current"
CM HTO,Current,climate change,215,1.0,"CM HTO
Current"
CM HTO,Current,climate change,216,1.0,"CM HTO
Current"
CM HTO,Current,climate change,217,1.0,"CM HTO
Current"
CM HTO,Current,climate change,218,1.0,"CM HTO
Current"
CM HTO,Current,climate change,219,1.0,"CM HTO
Current"
CM HTO,Current,climate change,220,1.0,"CM HTO
Current"
CM HTO,Current,climate change,221,1.0,"CM HTO
Current"
CM HTO,Current,climate change,222,1.0,"CM HTO
Current"
CM HTO,Current,climate change,223,1.0,"CM HTO
Current"
CM HTO,Current,climate change,224,1.0,"CM HTO
Current"
CM HTO,Current,climate change,225,1.0,"CM HTO
Current"
CM HTO,Current,climate change,226,1.0,"CM HTO
Current"
CM HTO,Current,climate change,227,1.0,"CM HTO
Current"
CM HTO,Current,climate change,228,1.0,"CM HTO
Current"
CM HTO,Current,climate change,229,1.0,"CM HTO
Current"
CM HTO,Current,climate change,230,1.0,"CM HTO
Current"
CM HTO,Current,climate change,231,1.0,"CM HTO
Current"
CM HTO,Current,climate change,232,1.0,"CM HTO
Current"
CM HTO,Current,climate change,233,1.0,"CM HTO
Current"
CM HTO,Current,climate change,234,1.0,"CM HTO
Current"
CM HTO,Current,climate change,235,1.0,"CM HTO
Current"
CM HTO,Current,climate change,236,1.0,"CM HTO
Current"
CM HTO,Current,climate change,237,1.0,"CM HTO
Current"
CM HTO,Current,climate change,238,1.0,"CM HTO
Current"
CM HTO,Current,climate change,239,1.0,"CM HTO
Current"
CM HTO,Current,climate change,240,1.0,"CM HTO
Current"
CM HTO,Current,climate change,241,1.0,"CM HTO
Current"
CM HTO,Current,climate change,242,1.0,"CM HTO
Current"
CM HTO,Current,climate change,243,1.0,"CM HTO
Current"
CM HTO,Current,climate change,244,1.0,"CM HTO
Current"
CM HTO,Current,climate change,245,1.0,"CM HTO
Current"
CM HTO,Current,climate change,246,1.0,"CM HTO
Current"
CM HTO,Current,climate change,247,1.0,"CM HTO
Current"
CM HTO,Current,climate change,248,1.0,"CM HTO
Current"
CM HTO,Current,climate change,249,1.0,"CM HTO
Current"
CM HTO,Current,climate change,250,1.0,"CM HTO
Current"
CM HTO,Current,climate change,251,1.0,"CM HTO
Current"
CM HTO,Current,climate change,252,1.0,"CM HTO
Current"
CM HTO,Current,climate change,253,1.0,"CM HTO
Current"
CM HTO,Current,climate change,254,1.0,"CM HTO
Current"
CM HTO,Current,climate change,255,1.0,"CM HTO
Current"
CM HTO,Current,climate change,256,1.0,"CM HTO
Current"
CM HTO,Current,climate change,257,1.0,"CM HTO
Current"
CM HTO,Current,climate change,258,1.0,"CM HTO
Current"
CM HTO,Current,climate change,259,1.0,"CM HTO
Current"
CM HTO,Current,climate change,260,1.0,"CM HTO
Current"
CM HTO,Current,climate change,261,1.0,"CM HTO
Current"
CM HTO,Current,climate change,262,1.0,"CM HTO
Current"
CM HTO,Current,climate change,263,1.0,"CM HTO
Current"
CM HTO,Current,climate change,264,1.0,"CM HTO
Current"
CM HTO,Current,climate change,265,1.0,"CM HTO
Current"
CM HTO,Current,climate change,266,1.0,"CM HTO
Current"
CM HTO,Current,climate change,267,1.0,"CM HTO
Current"
CM HTO,Current,climate change,268,1.0,"CM HTO
Current"
CM HTO,Current,climate change,269,1.0,"CM HTO
Current"
CM HTO,Current,climate change,270,1.0,"CM HTO
Current"
CM HTO,Current,climate change,271,1.0,"CM HTO
Current"
CM HTO,Current,climate change,272,1.0,"CM HTO
Current"
CM HTO,Current,climate change,273,1.0,"CM HTO
Current"
CM HTO,Current,climate change,274,1.0,"CM HTO
Current"
CM HTO,Current,climate change,275,1.0,"CM HTO
Current"
CM HTO,Current,climate change,276,1.0,"CM HTO
Current"
CM HTO,Current,climate change,277,1.0,"CM HTO
Current"
CM HTO,Current,climate change,278,1.0,"CM HTO
Current"
CM HTO,Current,climate change,279,1.0,"CM HTO
Current"
CM HTO,Current,climate change,280,1.0,"CM HTO
Current"
CM HTO,Current,climate change,281,1.0,"CM HTO
Current"
CM HTO,Current,climate change,282,1.0,"CM HTO
Current"
CM HTO,Current,climate change,283,1.0,"CM HTO
Current"
CM HTO,Current,climate change,284,1.0,"CM HTO
Current"
CM HTO,Current,climate change,285,1.0,"CM HTO
Current"
CM HTO,Current,climate change,286,1.0,"CM HTO
Current"
CM HTO,Current,climate change,287,1.0,"CM HTO
Current"
CM HTO,Current,climate change,288,1.0,"CM HTO
Current"
CM HTO,Current,climate change,289,1.0,"CM HTO
Current"
CM HTO,Current,climate change,290,1.0,"CM HTO
Current"
CM HTO,Current,climate change,291,1.0,"CM HTO
Current"
CM HTO,Current,climate change,292,1.0,"CM HTO
Current"
CM HTO,Current,climate change,293,1.0,"CM HTO
Current"
CM HTO,Current,climate change,294,1.0,"CM HTO
Current"
CM HTO,Current,climate change,295,1.0,"CM HTO
Current"
CM HTO,Current,climate change,296,1.0,"CM HTO
Current"
CM HTO,Current,climate change,297,1.0,"CM HTO
Current"
CM HTO,Current,climate change,298,1.0,"CM HTO
Current"
CM HTO,Current,climate change,299,1.0,"CM HTO
Current"
CM HTO,Current,climate change,300,1.0,"CM HTO
Current"
CM HTO,Current,climate change,301,1.0,"CM HTO
Current"
CM HTO,Current,climate change,302,1.0,"CM HTO
Current"
CM HTO,Current,climate change,303,1.0,"CM HTO
Current"
CM HTO,Current,climate change,304,1.0,"CM HTO
Current"
CM HTO,Current,climate change,305,1.0,"CM HTO
Current"
CM HTO,Current,climate change,306,1.0,"CM HTO
Current"
CM HTO,Current,climate change,307,1.0,"CM HTO
Current"
CM HTO,Current,climate change,308,1.0,"CM HTO
Current"
CM HTO,Current,climate change,309,1.0,"CM HTO
Current"
CM HTO,Current,climate change,310,1.0,"CM HTO
Current"
CM HTO,Current,climate change,311,1.0,"CM HTO
Current"
CM HTO,Current,climate change,312,1.0,"CM HTO
Current"
CM HTO,Current,climate change,313,1.0,"CM HTO
Current"
CM HTO,Current,climate change,314,1.0,"CM HTO
Current"
CM HTO,Current,climate change,315,1.0,"CM HTO
Current"
CM HTO,Current,climate change,316,1.0,"CM HTO
Current"
CM HTO,Current,climate change,317,1.0,"CM HTO
Current"
CM HTO,Current,climate change,318,1.0,"CM HTO
Current"
CM HTO,Current,climate change,319,1.0,"CM HTO
Current"
CM HTO,Current,climate change,320,1.0,"CM HTO
Current"
CM HTO,Current,climate change,321,1.0,"CM HTO
Current"
CM HTO,Current,climate change,322,1.0,"CM HTO
Current"
CM HTO,Current,climate change,323,1.0,"CM HTO
Current"
CM HTO,Current,climate change,324,1.0,"CM HTO
Current"
CM HTO,Current,climate change,325,1.0,"CM HTO
Current"
CM HTO,Current,climate change,326,1.0,"CM HTO
Current"
CM HTO,Current,climate change,327,1.0,"CM HTO
Current"
CM HTO,Current,climate change,328,1.0,"CM HTO
Current"
CM HTO,Current,climate change,329,1.0,"CM HTO
Current"
CM HTO,Current,climate change,330,1.0,"CM HTO
Current"
CM HTO,Current,climate change,331,1.0,"CM HTO
Current"
CM HTO,Current,climate change,332,1.0,"CM HTO
Current"
CM HTO,Current,climate change,333,1.0,"CM HTO
Current"
CM HTO,Current,climate change,334,1.0,"CM HTO
Current"
CM HTO,Current,climate change,335,1.0,"CM HTO
Current"
CM HTO,Current,climate change,336,1.0,"CM HTO
Current"
CM HTO,Current,climate change,337,1.0,"CM HTO
Current"
CM HTO,Current,climate change,338,1.0,"CM HTO
Current"
CM HTO,Current,climate change,339,1.0,"CM HTO
Current"
CM HTO,Current,climate change,340,1.0,"CM HTO
Current"
CM HTO,Current,climate change,341,1.0,"CM HTO
Current"
CM HTO,Current,climate change,342,1.0,"CM HTO
Current"
CM HTO,Current,climate change,343,1.0,"CM HTO
Current"
CM HTO,Current,climate change,344,1.0,"CM HTO
Current"
CM HTO,Current,climate change,345,1.0,"CM HTO
Current"
CM HTO,Current,climate change,346,1.0,"CM HTO
Current"
CM HTO,Current,climate change,347,1.0,"CM HTO
Current"
CM HTO,Current,climate change,348,1.0,"CM HTO
Current"
CM HTO,Current,climate change,349,1.0,"CM HTO
Current"
CM HTO,Current,climate change,350,1.0,"CM HTO
Current"
CM HTO,Current,climate change,351,1.0,"CM HTO
Current"
CM HTO,Current,climate change,352,1.0,"CM HTO
Current"
CM HTO,Current,climate change,353,1.0,"CM HTO
Current"
CM HTO,Current,climate change,354,1.0,"CM HTO
Current"
CM HTO,Current,climate change,355,1.0,"CM HTO
Current"
CM HTO,Current,climate change,356,1.0,"CM HTO
Current"
CM HTO,Current,climate change,357,1.0,"CM HTO
Current"
CM HTO,Current,climate change,358,1.0,"CM HTO
Current"
CM HTO,Current,climate change,359,1.0,"CM HTO
Current"
CM HTO,Current,climate change,360,1.0,"CM HTO
Current"
CM HTO,Current,climate change,361,1.0,"CM HTO
Current"
CM HTO,Current,climate change,362,1.0,"CM HTO
Current"
CM HTO,Current,climate change,363,1.0,"CM HTO
Current"
CM HTO,Current,climate change,364,1.0,"CM HTO
Current"
CM HTO,Current,climate change,365,1.0,"CM HTO
Current"
CM HTO,Current,climate change,366,1.0,"CM HTO
Current"
CM HTO,Current,climate change,367,1.0,"CM HTO
Current"
CM HTO,Current,climate change,368,1.0,"CM HTO
Current"
CM HTO,Current,climate change,369,1.0,"CM HTO
Current"
CM HTO,Current,climate change,370,1.0,"CM HTO
Current"
CM HTO,Current,climate change,371,1.0,"CM HTO
Current"
CM HTO,Current,climate change,372,1.0,"CM HTO
Current"
CM HTO,Current,climate change,373,1.0,"CM HTO
Current"
CM HTO,Current,climate change,374,1.0,"CM HTO
Current"
CM HTO,Current,climate change,375,1.0,"CM HTO
Current"
CM HTO,Current,climate change,376,1.0,"CM HTO
Current"
CM HTO,Current,climate change,377,1.0,"CM HTO
Current"
CM HTO,Current,climate change,378,1.0,"CM HTO
Current"
CM HTO,Current,climate change,379,1.0,"CM HTO
Current"
CM HTO,Current,climate change,380,1.0,"CM HTO
Current"
CM HTO,Current,climate change,381,1.0,"CM HTO
Current"
CM HTO,Current,climate change,382,1.0,"CM HTO
Current"
CM HTO,Current,climate change,383,1.0,"CM HTO
Current"
CM HTO,Current,climate change,384,1.0,"CM HTO
Current"
CM HTO,Current,climate change,385,1.0,"CM HTO
Current"
CM HTO,Current,climate change,386,1.0,"CM HTO
Current"
CM HTO,Current,climate change,387,1.0,"CM HTO
Current"
CM HTO,Current,climate change,388,1.0,"CM HTO
Current"
CM HTO,Current,climate change,389,1.0,"CM HTO
Current"
CM HTO,Current,climate change,390,1.0,"CM HTO
Current"
CM HTO,Current,climate change,391,1.0,"CM HTO
Current"
CM HTO,Current,climate change,392,1.0,"CM HTO
Current"
CM HTO,Current,climate change,393,1.0,"CM HTO
Current"
CM HTO,Current,climate change,394,1.0,"CM HTO
Current"
CM HTO,Current,climate change,395,1.0,"CM HTO
Current"
CM HTO,Current,climate change,396,1.0,"CM HTO
Current"
CM HTO,Current,climate change,397,1.0,"CM HTO
Current"
CM HTO,Current,climate change,398,1.0,"CM HTO
Current"
CM HTO,Current,climate change,399,1.0,"CM HTO
Current"
CM HTO,Current,climate change,400,1.0,"CM HTO
Current"
CM HTO,Current,climate change,401,1.0,"CM HTO
Current"
CM HTO,Current,climate change,402,1.0,"CM HTO
Current"
CM HTO,Current,climate change,403,1.0,"CM HTO
Current"
CM HTO,Current,climate change,404,1.0,"CM HTO
Current"
CM HTO,Current,climate change,405,1.0,"CM HTO
Current"
CM HTO,Current,climate change,406,1.0,"CM HTO
Current"
CM HTO,Current,climate change,407,1.0,"CM HTO
Current"
CM HTO,Current,climate change,408,1.0,"CM HTO
Current"
CM HTO,Current,climate change,409,1.0,"CM HTO
Current"
CM HTO,Current,climate change,410,1.0,"CM HTO
Current"
CM HTO,Current,climate change,411,1.0,"CM HTO
Current"
CM HTO,Current,climate change,412,1.0,"CM HTO
Current"
CM HTO,Current,climate change,413,1.0,"CM HTO
Current"
CM HTO,Current,climate change,414,1.0,"CM HTO
Current"
CM HTO,Current,climate change,415,1.0,"CM HTO
Current"
CM HTO,Current,climate change,416,1.0,"CM HTO
Current"
CM HTO,Current,climate change,417,1.0,"CM HTO
Current"
CM HTO,Current,climate change,418,1.0,"CM HTO
Current"
CM HTO,Current,climate change,419,1.0,"CM HTO
Current"
CM HTO,Current,climate change,420,1.0,"CM HTO
Current"
CM HTO,Current,climate change,421,1.0,"CM HTO
Current"
CM HTO,Current,climate change,422,1.0,"CM HTO
Current"
CM HTO,Current,climate change,423,1.0,"CM HTO
Current"
CM HTO,Current,climate change,424,1.0,"CM HTO
Current"
CM HTO,Current,climate change,425,1.0,"CM HTO
Current"
CM HTO,Current,climate change,426,1.0,"CM HTO
Current"
CM HTO,Current,climate change,427,1.0,"CM HTO
Current"
CM HTO,Current,climate change,428,1.0,"CM HTO
Current"
CM HTO,Current,climate change,429,1.0,"CM HTO
Current"
CM HTO,Current,climate change,430,1.0,"CM HTO
Current"
CM HTO,Current,climate change,431,1.0,"CM HTO
Current"
CM HTO,Current,climate change,432,1.0,"CM HTO
Current"
CM HTO,Current,climate change,433,1.0,"CM HTO
Current"
CM HTO,Current,climate change,434,1.0,"CM HTO
Current"
CM HTO,Current,climate change,435,1.0,"CM HTO
Current"
CM HTO,Current,climate change,436,1.0,"CM HTO
Current"
CM HTO,Current,climate change,437,1.0,"CM HTO
Current"
CM HTO,Current,climate change,438,1.0,"CM HTO
Current"
CM HTO,Current,climate change,439,1.0,"CM HTO
Current"
CM HTO,Current,climate change,440,1.0,"CM HTO
Current"
CM HTO,Current,climate change,441,1.0,"CM HTO
Current"
CM HTO,Current,climate change,442,1.0,"CM HTO
Current"
CM HTO,Current,climate change,443,1.0,"CM HTO
Current"
CM HTO,Current,climate change,444,1.0,"CM HTO
Current"
CM HTO,Current,climate change,445,1.0,"CM HTO
Current"
CM HTO,Current,climate change,446,1.0,"CM HTO
Current"
CM HTO,Current,climate change,447,1.0,"CM HTO
Current"
CM HTO,Current,climate change,448,1.0,"CM HTO
Current"
CM HTO,Current,climate change,449,1.0,"CM HTO
Current"
CM HTO,Current,climate change,450,1.0,"CM HTO
Current"
CM HTO,Current,climate change,451,1.0,"CM HTO
Current"
CM HTO,Current,climate change,452,1.0,"CM HTO
Current"
CM HTO,Current,climate change,453,1.0,"CM HTO
Current"
CM HTO,Current,climate change,454,1.0,"CM HTO
Current"
CM HTO,Current,climate change,455,1.0,"CM HTO
Current"
CM HTO,Current,climate change,456,1.0,"CM HTO
Current"
CM HTO,Current,climate change,457,1.0,"CM HTO
Current"
CM HTO,Current,climate change,458,1.0,"CM HTO
Current"
CM HTO,Current,climate change,459,1.0,"CM HTO
Current"
CM HTO,Current,climate change,460,1.0,"CM HTO
Current"
CM HTO,Current,climate change,461,1.0,"CM HTO
Current"
CM HTO,Current,climate change,462,1.0,"CM HTO
Current"
CM HTO,Current,climate change,463,1.0,"CM HTO
Current"
CM HTO,Current,climate change,464,1.0,"CM HTO
Current"
CM HTO,Current,climate change,465,1.0,"CM HTO
Current"
CM HTO,Current,climate change,466,1.0,"CM HTO
Current"
CM HTO,Current,climate change,467,1.0,"CM HTO
Current"
CM HTO,Current,climate change,468,1.0,"CM HTO
Current"
CM HTO,Current,climate change,469,1.0,"CM HTO
Current"
CM HTO,Current,climate change,470,1.0,"CM HTO
Current"
CM HTO,Current,climate change,471,1.0,"CM HTO
Current"
CM HTO,Current,climate change,472,1.0,"CM HTO
Current"
CM HTO,Current,climate change,473,1.0,"CM HTO
Current"
CM HTO,Current,climate change,474,1.0,"CM HTO
Current"
CM HTO,Current,climate change,475,1.0,"CM HTO
Current"
CM HTO,Current,climate change,476,1.0,"CM HTO
Current"
CM HTO,Current,climate change,477,1.0,"CM HTO
Current"
CM HTO,Current,climate change,478,1.0,"CM HTO
Current"
CM HTO,Current,climate change,479,1.0,"CM HTO
Current"
CM HTO,Current,climate change,480,1.0,"CM HTO
Current"
CM HTO,Current,climate change,481,1.0,"CM HTO
Current"
CM HTO,Current,climate change,482,1.0,"CM HTO
Current"
CM HTO,Current,climate change,483,1.0,"CM HTO
Current"
CM HTO,Current,climate change,484,1.0,"CM HTO
Current"
CM HTO,Current,climate change,485,1.0,"CM HTO
Current"
CM HTO,Current,climate change,486,1.0,"CM HTO
Current"
CM HTO,Current,climate change,487,1.0,"CM HTO
Current"
CM HTO,Current,climate change,488,1.0,"CM HTO
Current"
CM HTO,Current,climate change,489,1.0,"CM HTO
Current"
CM HTO,Current,climate change,490,1.0,"CM HTO
Current"
CM HTO,Current,climate change,491,1.0,"CM HTO
Current"
CM HTO,Current,climate change,492,1.0,"CM HTO
Current"
CM HTO,Current,climate change,493,1.0,"CM HTO
Current"
CM HTO,Current,climate change,494,1.0,"CM HTO
Current"
CM HTO,Current,climate change,495,1.0,"CM HTO
Current"
CM HTO,Current,climate change,496,1.0,"CM HTO
Current"
CM HTO,Current,climate change,497,1.0,"CM HTO
Current"
CM HTO,Current,climate change,498,1.0,"CM HTO
Current"
CM HTO,Current,climate change,499,1.0,"CM HTO
Current"
CM HTO,Current,climate change,500,1.0,"CM HTO
Current"
CM HTO,Current,climate change,501,1.0,"CM HTO
Current"
CM HTO,Current,climate change,502,1.0,"CM HTO
Current"
CM HTO,Current,climate change,503,1.0,"CM HTO
Current"
CM HTO,Current,climate change,504,1.0,"CM HTO
Current"
CM HTO,Current,climate change,505,1.0,"CM HTO
Current"
CM HTO,Current,climate change,506,1.0,"CM HTO
Current"
CM HTO,Current,climate change,507,1.0,"CM HTO
Current"
CM HTO,Current,climate change,508,1.0,"CM HTO
Current"
CM HTO,Current,climate change,509,1.0,"CM HTO
Current"
CM HTO,Current,climate change,510,1.0,"CM HTO
Current"
CM HTO,Current,climate change,511,1.0,"CM HTO
Current"
CM HTO,Current,climate change,512,1.0,"CM HTO
Current"
CM HTO,Current,climate change,513,1.0,"CM HTO
Current"
CM HTO,Current,climate change,514,1.0,"CM HTO
Current"
CM HTO,Current,climate change,515,1.0,"CM HTO
Current"
CM HTO,Current,climate change,516,1.0,"CM HTO
Current"
CM HTO,Current,climate change,517,1.0,"CM HTO
Current"
CM HTO,Current,climate change,518,1.0,"CM HTO
Current"
CM HTO,Current,climate change,519,1.0,"CM HTO
Current"
CM HTO,Current,climate change,520,1.0,"CM HTO
Current"
CM HTO,Current,climate change,521,1.0,"CM HTO
Current"
CM HTO,Current,climate change,522,1.0,"CM HTO
Current"
CM HTO,Current,climate change,523,1.0,"CM HTO
Current"
CM HTO,Current,climate change,524,1.0,"CM HTO
Current"
CM HTO,Current,climate change,525,1.0,"CM HTO
Current"
CM HTO,Current,climate change,526,1.0,"CM HTO
Current"
CM HTO,Current,climate change,527,1.0,"CM HTO
Current"
CM HTO,Current,climate change,528,1.0,"CM HTO
Current"
CM HTO,Current,climate change,529,1.0,"CM HTO
Current"
CM HTO,Current,climate change,530,1.0,"CM HTO
Current"
CM HTO,Current,climate change,531,1.0,"CM HTO
Current"
CM HTO,Current,climate change,532,1.0,"CM HTO
Current"
CM HTO,Current,climate change,533,1.0,"CM HTO
Current"
CM HTO,Current,climate change,534,1.0,"CM HTO
Current"
CM HTO,Current,climate change,535,1.0,"CM HTO
Current"
CM HTO,Current,climate change,536,1.0,"CM HTO
Current"
CM HTO,Current,climate change,537,1.0,"CM HTO
Current"
CM HTO,Current,climate change,538,1.0,"CM HTO
Current"
CM HTO,Current,climate change,539,1.0,"CM HTO
Current"
CM HTO,Current,climate change,540,1.0,"CM HTO
Current"
CM HTO,Current,climate change,541,1.0,"CM HTO
Current"
CM HTO,Current,climate change,542,1.0,"CM HTO
Current"
CM HTO,Current,climate change,543,1.0,"CM HTO
Current"
CM HTO,Current,climate change,544,1.0,"CM HTO
Current"
CM HTO,Current,climate change,545,1.0,"CM HTO
Current"
CM HTO,Current,climate change,546,1.0,"CM HTO
Current"
CM HTO,Current,climate change,547,1.0,"CM HTO
Current"
CM HTO,Current,climate change,548,1.0,"CM HTO
Current"
CM HTO,Current,climate change,549,1.0,"CM HTO
Current"
CM HTO,Current,climate change,550,1.0,"CM HTO
Current"
CM HTO,Current,climate change,551,1.0,"CM HTO
Current"
CM HTO,Current,climate change,552,1.0,"CM HTO
Current"
CM HTO,Current,climate change,553,1.0,"CM HTO
Current"
CM HTO,Current,climate change,554,1.0,"CM HTO
Current"
CM HTO,Current,climate change,555,1.0,"CM HTO
Current"
CM HTO,Current,climate change,556,1.0,"CM HTO
Current"
CM HTO,Current,climate change,557,1.0,"CM HTO
Current"
CM HTO,Current,climate change,558,1.0,"CM HTO
Current"
CM HTO,Current,climate change,559,1.0,"CM HTO
Current"
CM HTO,Current,climate change,560,1.0,"CM HTO
Current"
CM HTO,Current,climate change,561,1.0,"CM HTO
Current"
CM HTO,Current,climate change,562,1.0,"CM HTO
Current"
CM HTO,Current,climate change,563,1.0,"CM HTO
Current"
CM HTO,Current,climate change,564,1.0,"CM HTO
Current"
CM HTO,Current,climate change,565,1.0,"CM HTO
Current"
CM HTO,Current,climate change,566,1.0,"CM HTO
Current"
CM HTO,Current,climate change,567,1.0,"CM HTO
Current"
CM HTO,Current,climate change,568,1.0,"CM HTO
Current"
CM HTO,Current,climate change,569,1.0,"CM HTO
Current"
CM HTO,Current,climate change,570,1.0,"CM HTO
Current"
CM HTO,Current,climate change,571,1.0,"CM HTO
Current"
CM HTO,Current,climate change,572,1.0,"CM HTO
Current"
CM HTO,Current,climate change,573,1.0,"CM HTO
Current"
CM HTO,Current,climate change,574,1.0,"CM HTO
Current"
CM HTO,Current,climate change,575,1.0,"CM HTO
Current"
CM HTO,Current,climate change,576,1.0,"CM HTO
Current"
CM HTO,Current,climate change,577,1.0,"CM HTO
Current"
CM HTO,Current,climate change,578,1.0,"CM HTO
Current"
CM HTO,Current,climate change,579,1.0,"CM HTO
Current"
CM HTO,Current,climate change,580,1.0,"CM HTO
Current"
CM HTO,Current,climate change,581,1.0,"CM HTO
Current"
CM HTO,Current,climate change,582,1.0,"CM HTO
Current"
CM HTO,Current,climate change,583,1.0,"CM HTO
Current"
CM HTO,Current,climate change,584,1.0,"CM HTO
Current"
CM HTO,Current,climate change,585,1.0,"CM HTO
Current"
CM HTO,Current,climate change,586,1.0,"CM HTO
Current"
CM HTO,Current,climate change,587,1.0,"CM HTO
Current"
CM HTO,Current,climate change,588,1.0,"CM HTO
Current"
CM HTO,Current,climate change,589,1.0,"CM HTO
Current"
CM HTO,Current,climate change,590,1.0,"CM HTO
Current"
CM HTO,Current,climate change,591,1.0,"CM HTO
Current"
CM HTO,Current,climate change,592,1.0,"CM HTO
Current"
CM HTO,Current,climate change,593,1.0,"CM HTO
Current"
CM HTO,Current,climate change,594,1.0,"CM HTO
Current"
CM HTO,Current,climate change,595,1.0,"CM HTO
Current"
CM HTO,Current,climate change,596,1.0,"CM HTO
Current"
CM HTO,Current,climate change,597,1.0,"CM HTO
Current"
CM HTO,Current,climate change,598,1.0,"CM HTO
Current"
CM HTO,Current,climate change,599,1.0,"CM HTO
Current"
CM HTO,Current,climate change,600,1.0,"CM HTO
Current"
CM HTO,Current,climate change,601,1.0,"CM HTO
Current"
CM HTO,Current,climate change,602,1.0,"CM HTO
Current"
CM HTO,Current,climate change,603,1.0,"CM HTO
Current"
CM HTO,Current,climate change,604,1.0,"CM HTO
Current"
CM HTO,Current,climate change,605,1.0,"CM HTO
Current"
CM HTO,Current,climate change,606,1.0,"CM HTO
Current"
CM HTO,Current,climate change,607,1.0,"CM HTO
Current"
CM HTO,Current,climate change,608,1.0,"CM HTO
Current"
CM HTO,Current,climate change,609,1.0,"CM HTO
Current"
CM HTO,Current,climate change,610,1.0,"CM HTO
Current"
CM HTO,Current,climate change,611,1.0,"CM HTO
Current"
CM HTO,Current,climate change,612,1.0,"CM HTO
Current"
CM HTO,Current,climate change,613,1.0,"CM HTO
Current"
CM HTO,Current,climate change,614,1.0,"CM HTO
Current"
CM HTO,Current,climate change,615,1.0,"CM HTO
Current"
CM HTO,Current,climate change,616,1.0,"CM HTO
Current"
CM HTO,Current,climate change,617,1.0,"CM HTO
Current"
CM HTO,Current,climate change,618,1.0,"CM HTO
Current"
CM HTO,Current,climate change,619,1.0,"CM HTO
Current"
CM HTO,Current,climate change,620,1.0,"CM HTO
Current"
CM HTO,Current,climate change,621,1.0,"CM HTO
Current"
CM HTO,Current,climate change,622,1.0,"CM HTO
Current"
CM HTO,Current,climate change,623,1.0,"CM HTO
Current"
CM HTO,Current,climate change,624,1.0,"CM HTO
Current"
CM HTO,Current,climate change,625,1.0,"CM HTO
Current"
CM HTO,Current,climate change,626,1.0,"CM HTO
Current"
CM HTO,Current,climate change,627,1.0,"CM HTO
Current"
CM HTO,Current,climate change,628,1.0,"CM HTO
Current"
CM HTO,Current,climate change,629,1.0,"CM HTO
Current"
CM HTO,Current,climate change,630,1.0,"CM HTO
Current"
CM HTO,Current,climate change,631,1.0,"CM HTO
Current"
CM HTO,Current,climate change,632,1.0,"CM HTO
Current"
CM HTO,Current,climate change,633,1.0,"CM HTO
Current"
CM HTO,Current,climate change,634,1.0,"CM HTO
Current"
CM HTO,Current,climate change,635,1.0,"CM HTO
Current"
CM HTO,Current,climate change,636,1.0,"CM HTO
Current"
CM HTO,Current,climate change,637,1.0,"CM HTO
Current"
CM HTO,Current,climate change,638,1.0,"CM HTO
Current"
CM HTO,Current,climate change,639,1.0,"CM HTO
Current"
CM HTO,Current,climate change,640,1.0,"CM HTO
Current"
CM HTO,Current,climate change,641,1.0,"CM HTO
Current"
CM HTO,Current,climate change,642,1.0,"CM HTO
Current"
CM HTO,Current,climate change,643,1.0,"CM HTO
Current"
CM HTO,Current,climate change,644,1.0,"CM HTO
Current"
CM HTO,Current,climate change,645,1.0,"CM HTO
Current"
CM HTO,Current,climate change,646,1.0,"CM HTO
Current"
CM HTO,Current,climate change,647,1.0,"CM HTO
Current"
CM HTO,Current,climate change,648,1.0,"CM HTO
Current"
CM HTO,Current,climate change,649,1.0,"CM HTO
Current"
CM HTO,Current,climate change,650,1.0,"CM HTO
Current"
CM HTO,Current,climate change,651,1.0,"CM HTO
Current"
CM HTO,Current,climate change,652,1.0,"CM HTO
Current"
CM HTO,Current,climate change,653,1.0,"CM HTO
Current"
CM HTO,Current,climate change,654,1.0,"CM HTO
Current"
CM HTO,Current,climate change,655,1.0,"CM HTO
Current"
CM HTO,Current,climate change,656,1.0,"CM HTO
Current"
CM HTO,Current,climate change,657,1.0,"CM HTO
Current"
CM HTO,Current,climate change,658,1.0,"CM HTO
Current"
CM HTO,Current,climate change,659,1.0,"CM HTO
Current"
CM HTO,Current,climate change,660,1.0,"CM HTO
Current"
CM HTO,Current,climate change,661,1.0,"CM HTO
Current"
CM HTO,Current,climate change,662,1.0,"CM HTO
Current"
CM HTO,Current,climate change,663,1.0,"CM HTO
Current"
CM HTO,Current,climate change,664,1.0,"CM HTO
Current"
CM HTO,Current,climate change,665,1.0,"CM HTO
Current"
CM HTO,Current,climate change,666,1.0,"CM HTO
Current"
CM HTO,Current,climate change,667,1.0,"CM HTO
Current"
CM HTO,Current,climate change,668,1.0,"CM HTO
Current"
CM HTO,Current,climate change,669,1.0,"CM HTO
Current"
CM HTO,Current,climate change,670,1.0,"CM HTO
Current"
CM HTO,Current,climate change,671,1.0,"CM HTO
Current"
CM HTO,Current,climate change,672,1.0,"CM HTO
Current"
CM HTO,Current,climate change,673,1.0,"CM HTO
Current"
CM HTO,Current,climate change,674,1.0,"CM HTO
Current"
CM HTO,Current,climate change,675,1.0,"CM HTO
Current"
CM HTO,Current,climate change,676,1.0,"CM HTO
Current"
CM HTO,Current,climate change,677,1.0,"CM HTO
Current"
CM HTO,Current,climate change,678,1.0,"CM HTO
Current"
CM HTO,Current,climate change,679,1.0,"CM HTO
Current"
CM HTO,Current,climate change,680,1.0,"CM HTO
Current"
CM HTO,Current,climate change,681,1.0,"CM HTO
Current"
CM HTO,Current,climate change,682,1.0,"CM HTO
Current"
CM HTO,Current,climate change,683,1.0,"CM HTO
Current"
CM HTO,Current,climate change,684,1.0,"CM HTO
Current"
CM HTO,Current,climate change,685,1.0,"CM HTO
Current"
CM HTO,Current,climate change,686,1.0,"CM HTO
Current"
CM HTO,Current,climate change,687,1.0,"CM HTO
Current"
CM HTO,Current,climate change,688,1.0,"CM HTO
Current"
CM HTO,Current,climate change,689,1.0,"CM HTO
Current"
CM HTO,Current,climate change,690,1.0,"CM HTO
Current"
CM HTO,Current,climate change,691,1.0,"CM HTO
Current"
CM HTO,Current,climate change,692,1.0,"CM HTO
Current"
CM HTO,Current,climate change,693,1.0,"CM HTO
Current"
CM HTO,Current,climate change,694,1.0,"CM HTO
Current"
CM HTO,Current,climate change,695,1.0,"CM HTO
Current"
CM HTO,Current,climate change,696,1.0,"CM HTO
Current"
CM HTO,Current,climate change,697,1.0,"CM HTO
Current"
CM HTO,Current,climate change,698,1.0,"CM HTO
Current"
CM HTO,Current,climate change,699,1.0,"CM HTO
Current"
CM HTO,Current,climate change,700,1.0,"CM HTO
Current"
CM HTO,Current,climate change,701,1.0,"CM HTO
Current"
CM HTO,Current,climate change,702,1.0,"CM HTO
Current"
CM HTO,Current,climate change,703,1.0,"CM HTO
Current"
CM HTO,Current,climate change,704,1.0,"CM HTO
Current"
CM HTO,Current,climate change,705,1.0,"CM HTO
Current"
CM HTO,Current,climate change,706,1.0,"CM HTO
Current"
CM HTO,Current,climate change,707,1.0,"CM HTO
Current"
CM HTO,Current,climate change,708,1.0,"CM HTO
Current"
CM HTO,Current,climate change,709,1.0,"CM HTO
Current"
CM HTO,Current,climate change,710,1.0,"CM HTO
Current"
CM HTO,Current,climate change,711,1.0,"CM HTO
Current"
CM HTO,Current,climate change,712,1.0,"CM HTO
Current"
CM HTO,Current,climate change,713,1.0,"CM HTO
Current"
CM HTO,Current,climate change,714,1.0,"CM HTO
Current"
CM HTO,Current,climate change,715,1.0,"CM HTO
Current"
CM HTO,Current,climate change,716,1.0,"CM HTO
Current"
CM HTO,Current,climate change,717,1.0,"CM HTO
Current"
CM HTO,Current,climate change,718,1.0,"CM HTO
Current"
CM HTO,Current,climate change,719,1.0,"CM HTO
Current"
CM HTO,Current,climate change,720,1.0,"CM HTO
Current"
CM HTO,Current,climate change,721,1.0,"CM HTO
Current"
CM HTO,Current,climate change,722,1.0,"CM HTO
Current"
CM HTO,Current,climate change,723,1.0,"CM HTO
Current"
CM HTO,Current,climate change,724,1.0,"CM HTO
Current"
CM HTO,Current,climate change,725,1.0,"CM HTO
Current"
CM HTO,Current,climate change,726,1.0,"CM HTO
Current"
CM HTO,Current,climate change,727,1.0,"CM HTO
Current"
CM HTO,Current,climate change,728,1.0,"CM HTO
Current"
CM HTO,Current,climate change,729,1.0,"CM HTO
Current"
CM HTO,Current,climate change,730,1.0,"CM HTO
Current"
CM HTO,Current,climate change,731,1.0,"CM HTO
Current"
CM HTO,Current,climate change,732,1.0,"CM HTO
Current"
CM HTO,Current,climate change,733,1.0,"CM HTO
Current"
CM HTO,Current,climate change,734,1.0,"CM HTO
Current"
CM HTO,Current,climate change,735,1.0,"CM HTO
Current"
CM HTO,Current,climate change,736,1.0,"CM HTO
Current"
CM HTO,Current,climate change,737,1.0,"CM HTO
Current"
CM HTO,Current,climate change,738,1.0,"CM HTO
Current"
CM HTO,Current,climate change,739,1.0,"CM HTO
Current"
CM HTO,Current,climate change,740,1.0,"CM HTO
Current"
CM HTO,Current,climate change,741,1.0,"CM HTO
Current"
CM HTO,Current,climate change,742,1.0,"CM HTO
Current"
CM HTO,Current,climate change,743,1.0,"CM HTO
Current"
CM HTO,Current,climate change,744,1.0,"CM HTO
Current"
CM HTO,Current,climate change,745,1.0,"CM HTO
Current"
CM HTO,Current,climate change,746,1.0,"CM HTO
Current"
CM HTO,Current,climate change,747,1.0,"CM HTO
Current"
CM HTO,Current,climate change,748,1.0,"CM HTO
Current"
CM HTO,Current,climate change,749,1.0,"CM HTO
Current"
CM HTO,Current,climate change,750,1.0,"CM HTO
Current"
CM HTO,Current,climate change,751,1.0,"CM HTO
Current"
CM HTO,Current,climate change,752,1.0,"CM HTO
Current"
CM HTO,Current,climate change,753,1.0,"CM HTO
Current"
CM HTO,Current,climate change,754,1.0,"CM HTO
Current"
CM HTO,Current,climate change,755,1.0,"CM HTO
Current"
CM HTO,Current,climate change,756,1.0,"CM HTO
Current"
CM HTO,Current,climate change,757,1.0,"CM HTO
Current"
CM HTO,Current,climate change,758,1.0,"CM HTO
Current"
CM HTO,Current,climate change,759,1.0,"CM HTO
Current"
CM HTO,Current,climate change,760,1.0,"CM HTO
Current"
CM HTO,Current,climate change,761,1.0,"CM HTO
Current"
CM HTO,Current,climate change,762,1.0,"CM HTO
Current"
CM HTO,Current,climate change,763,1.0,"CM HTO
Current"
CM HTO,Current,climate change,764,1.0,"CM HTO
Current"
CM HTO,Current,climate change,765,1.0,"CM HTO
Current"
CM HTO,Current,climate change,766,1.0,"CM HTO
Current"
CM HTO,Current,climate change,767,1.0,"CM HTO
Current"
CM HTO,Current,climate change,768,1.0,"CM HTO
Current"
CM HTO,Current,climate change,769,1.0,"CM HTO
Current"
CM HTO,Current,climate change,770,1.0,"CM HTO
Current"
CM HTO,Current,climate change,771,1.0,"CM HTO
Current"
CM HTO,Current,climate change,772,1.0,"CM HTO
Current"
CM HTO,Current,climate change,773,1.0,"CM HTO
Current"
CM HTO,Current,climate change,774,1.0,"CM HTO
Current"
CM HTO,Current,climate change,775,1.0,"CM HTO
Current"
CM HTO,Current,climate change,776,1.0,"CM HTO
Current"
CM HTO,Current,climate change,777,1.0,"CM HTO
Current"
CM HTO,Current,climate change,778,1.0,"CM HTO
Current"
CM HTO,Current,climate change,779,1.0,"CM HTO
Current"
CM HTO,Current,climate change,780,1.0,"CM HTO
Current"
CM HTO,Current,climate change,781,1.0,"CM HTO
Current"
CM HTO,Current,climate change,782,1.0,"CM HTO
Current"
CM HTO,Current,climate change,783,1.0,"CM HTO
Current"
CM HTO,Current,climate change,784,1.0,"CM HTO
Current"
CM HTO,Current,climate change,785,1.0,"CM HTO
Current"
CM HTO,Current,climate change,786,1.0,"CM HTO
Current"
CM HTO,Current,climate change,787,1.0,"CM HTO
Current"
CM HTO,Current,climate change,788,1.0,"CM HTO
Current"
CM HTO,Current,climate change,789,1.0,"CM HTO
Current"
CM HTO,Current,climate change,790,1.0,"CM HTO
Current"
CM HTO,Current,climate change,791,1.0,"CM HTO
Current"
CM HTO,Current,climate change,792,1.0,"CM HTO
Current"
CM HTO,Current,climate change,793,1.0,"CM HTO
Current"
CM HTO,Current,climate change,794,1.0,"CM HTO
Current"
CM HTO,Current,climate change,795,1.0,"CM HTO
Current"
CM HTO,Current,climate change,796,1.0,"CM HTO
Current"
CM HTO,Current,climate change,797,1.0,"CM HTO
Current"
CM HTO,Current,climate change,798,1.0,"CM HTO
Current"
CM HTO,Current,climate change,799,1.0,"CM HTO
Current"
CM HTO,Current,climate change,800,1.0,"CM HTO
Current"
CM HTO,Current,climate change,801,1.0,"CM HTO
Current"
CM HTO,Current,climate change,802,1.0,"CM HTO
Current"
CM HTO,Current,climate change,803,1.0,"CM HTO
Current"
CM HTO,Current,climate change,804,1.0,"CM HTO
Current"
CM HTO,Current,climate change,805,1.0,"CM HTO
Current"
CM HTO,Current,climate change,806,1.0,"CM HTO
Current"
CM HTO,Current,climate change,807,1.0,"CM HTO
Current"
CM HTO,Current,climate change,808,1.0,"CM HTO
Current"
CM HTO,Current,climate change,809,1.0,"CM HTO
Current"
CM HTO,Current,climate change,810,1.0,"CM HTO
Current"
CM HTO,Current,climate change,811,1.0,"CM HTO
Current"
CM HTO,Current,climate change,812,1.0,"CM HTO
Current"
CM HTO,Current,climate change,813,1.0,"CM HTO
Current"
CM HTO,Current,climate change,814,1.0,"CM HTO
Current"
CM HTO,Current,climate change,815,1.0,"CM HTO
Current"
CM HTO,Current,climate change,816,1.0,"CM HTO
Current"
CM HTO,Current,climate change,817,1.0,"CM HTO
Current"
CM HTO,Current,climate change,818,1.0,"CM HTO
Current"
CM HTO,Current,climate change,819,1.0,"CM HTO
Current"
CM HTO,Current,climate change,820,1.0,"CM HTO
Current"
CM HTO,Current,climate change,821,1.0,"CM HTO
Current"
CM HTO,Current,climate change,822,1.0,"CM HTO
Current"
CM HTO,Current,climate change,823,1.0,"CM HTO
Current"
CM HTO,Current,climate change,824,1.0,"CM HTO
Current"
CM HTO,Current,climate change,825,1.0,"CM HTO
Current"
CM HTO,Current,climate change,826,1.0,"CM HTO
Current"
CM HTO,Current,climate change,827,1.0,"CM HTO
Current"
CM HTO,Current,climate change,828,1.0,"CM HTO
Current"
CM HTO,Current,climate change,829,1.0,"CM HTO
Current"
CM HTO,Current,climate change,830,1.0,"CM HTO
Current"
CM HTO,Current,climate change,831,1.0,"CM HTO
Current"
CM HTO,Current,climate change,832,1.0,"CM HTO
Current"
CM HTO,Current,climate change,833,1.0,"CM HTO
Current"
CM HTO,Current,climate change,834,1.0,"CM HTO
Current"
CM HTO,Current,climate change,835,1.0,"CM HTO
Current"
CM HTO,Current,climate change,836,1.0,"CM HTO
Current"
CM HTO,Current,climate change,837,1.0,"CM HTO
Current"
CM HTO,Current,climate change,838,1.0,"CM HTO
Current"
CM HTO,Current,climate change,839,1.0,"CM HTO
Current"
CM HTO,Current,climate change,840,1.0,"CM HTO
Current"
CM HTO,Current,climate change,841,1.0,"CM HTO
Current"
CM HTO,Current,climate change,842,1.0,"CM HTO
Current"
CM HTO,Current,climate change,843,1.0,"CM HTO
Current"
CM HTO,Current,climate change,844,1.0,"CM HTO
Current"
CM HTO,Current,climate change,845,1.0,"CM HTO
Current"
CM HTO,Current,climate change,846,1.0,"CM HTO
Current"
CM HTO,Current,climate change,847,1.0,"CM HTO
Current"
CM HTO,Current,climate change,848,1.0,"CM HTO
Current"
CM HTO,Current,climate change,849,1.0,"CM HTO
Current"
CM HTO,Current,climate change,850,1.0,"CM HTO
Current"
CM HTO,Current,climate change,851,1.0,"CM HTO
Current"
CM HTO,Current,climate change,852,1.0,"CM HTO
Current"
CM HTO,Current,climate change,853,1.0,"CM HTO
Current"
CM HTO,Current,climate change,854,1.0,"CM HTO
Current"
CM HTO,Current,climate change,855,1.0,"CM HTO
Current"
CM HTO,Current,climate change,856,1.0,"CM HTO
Current"
CM HTO,Current,climate change,857,1.0,"CM HTO
Current"
CM HTO,Current,climate change,858,1.0,"CM HTO
Current"
CM HTO,Current,climate change,859,1.0,"CM HTO
Current"
CM HTO,Current,climate change,860,1.0,"CM HTO
Current"
CM HTO,Current,climate change,861,1.0,"CM HTO
Current"
CM HTO,Current,climate change,862,1.0,"CM HTO
Current"
CM HTO,Current,climate change,863,1.0,"CM HTO
Current"
CM HTO,Current,climate change,864,1.0,"CM HTO
Current"
CM HTO,Current,climate change,865,1.0,"CM HTO
Current"
CM HTO,Current,climate change,866,1.0,"CM HTO
Current"
CM HTO,Current,climate change,867,1.0,"CM HTO
Current"
CM HTO,Current,climate change,868,1.0,"CM HTO
Current"
CM HTO,Current,climate change,869,1.0,"CM HTO
Current"
CM HTO,Current,climate change,870,1.0,"CM HTO
Current"
CM HTO,Current,climate change,871,1.0,"CM HTO
Current"
CM HTO,Current,climate change,872,1.0,"CM HTO
Current"
CM HTO,Current,climate change,873,1.0,"CM HTO
Current"
CM HTO,Current,climate change,874,1.0,"CM HTO
Current"
CM HTO,Current,climate change,875,1.0,"CM HTO
Current"
CM HTO,Current,climate change,876,1.0,"CM HTO
Current"
CM HTO,Current,climate change,877,1.0,"CM HTO
Current"
CM HTO,Current,climate change,878,1.0,"CM HTO
Current"
CM HTO,Current,climate change,879,1.0,"CM HTO
Current"
CM HTO,Current,climate change,880,1.0,"CM HTO
Current"
CM HTO,Current,climate change,881,1.0,"CM HTO
Current"
CM HTO,Current,climate change,882,1.0,"CM HTO
Current"
CM HTO,Current,climate change,883,1.0,"CM HTO
Current"
CM HTO,Current,climate change,884,1.0,"CM HTO
Current"
CM HTO,Current,climate change,885,1.0,"CM HTO
Current"
CM HTO,Current,climate change,886,1.0,"CM HTO
Current"
CM HTO,Current,climate change,887,1.0,"CM HTO
Current"
CM HTO,Current,climate change,888,1.0,"CM HTO
Current"
CM HTO,Current,climate change,889,1.0,"CM HTO
Current"
CM HTO,Current,climate change,890,1.0,"CM HTO
Current"
CM HTO,Current,climate change,891,1.0,"CM HTO
Current"
CM HTO,Current,climate change,892,1.0,"CM HTO
Current"
CM HTO,Current,climate change,893,1.0,"CM HTO
Current"
CM HTO,Current,climate change,894,1.0,"CM HTO
Current"
CM HTO,Current,climate change,895,1.0,"CM HTO
Current"
CM HTO,Current,climate change,896,1.0,"CM HTO
Current"
CM HTO,Current,climate change,897,1.0,"CM HTO
Current"
CM HTO,Current,climate change,898,1.0,"CM HTO
Current"
CM HTO,Current,climate change,899,1.0,"CM HTO
Current"
CM HTO,Current,climate change,900,1.0,"CM HTO
Current"
CM HTO,Current,climate change,901,1.0,"CM HTO
Current"
CM HTO,Current,climate change,902,1.0,"CM HTO
Current"
CM HTO,Current,climate change,903,1.0,"CM HTO
Current"
CM HTO,Current,climate change,904,1.0,"CM HTO
Current"
CM HTO,Current,climate change,905,1.0,"CM HTO
Current"
CM HTO,Current,climate change,906,1.0,"CM HTO
Current"
CM HTO,Current,climate change,907,1.0,"CM HTO
Current"
CM HTO,Current,climate change,908,1.0,"CM HTO
Current"
CM HTO,Current,climate change,909,1.0,"CM HTO
Current"
CM HTO,Current,climate change,910,1.0,"CM HTO
Current"
CM HTO,Current,climate change,911,1.0,"CM HTO
Current"
CM HTO,Current,climate change,912,1.0,"CM HTO
Current"
CM HTO,Current,climate change,913,1.0,"CM HTO
Current"
CM HTO,Current,climate change,914,1.0,"CM HTO
Current"
CM HTO,Current,climate change,915,1.0,"CM HTO
Current"
CM HTO,Current,climate change,916,1.0,"CM HTO
Current"
CM HTO,Current,climate change,917,1.0,"CM HTO
Current"
CM HTO,Current,climate change,918,1.0,"CM HTO
Current"
CM HTO,Current,climate change,919,1.0,"CM HTO
Current"
CM HTO,Current,climate change,920,1.0,"CM HTO
Current"
CM HTO,Current,climate change,921,1.0,"CM HTO
Current"
CM HTO,Current,climate change,922,1.0,"CM HTO
Current"
CM HTO,Current,climate change,923,1.0,"CM HTO
Current"
CM HTO,Current,climate change,924,1.0,"CM HTO
Current"
CM HTO,Current,climate change,925,1.0,"CM HTO
Current"
CM HTO,Current,climate change,926,1.0,"CM HTO
Current"
CM HTO,Current,climate change,927,1.0,"CM HTO
Current"
CM HTO,Current,climate change,928,1.0,"CM HTO
Current"
CM HTO,Current,climate change,929,1.0,"CM HTO
Current"
CM HTO,Current,climate change,930,1.0,"CM HTO
Current"
CM HTO,Current,climate change,931,1.0,"CM HTO
Current"
CM HTO,Current,climate change,932,1.0,"CM HTO
Current"
CM HTO,Current,climate change,933,1.0,"CM HTO
Current"
CM HTO,Current,climate change,934,1.0,"CM HTO
Current"
CM HTO,Current,climate change,935,1.0,"CM HTO
Current"
CM HTO,Current,climate change,936,1.0,"CM HTO
Current"
CM HTO,Current,climate change,937,1.0,"CM HTO
Current"
CM HTO,Current,climate change,938,1.0,"CM HTO
Current"
CM HTO,Current,climate change,939,1.0,"CM HTO
Current"
CM HTO,Current,climate change,940,1.0,"CM HTO
Current"
CM HTO,Current,climate change,941,1.0,"CM HTO
Current"
CM HTO,Current,climate change,942,1.0,"CM HTO
Current"
CM HTO,Current,climate change,943,1.0,"CM HTO
Current"
CM HTO,Current,climate change,944,1.0,"CM HTO
Current"
CM HTO,Current,climate change,945,1.0,"CM HTO
Current"
CM HTO,Current,climate change,946,1.0,"CM HTO
Current"
CM HTO,Current,climate change,947,1.0,"CM HTO
Current"
CM HTO,Current,climate change,948,1.0,"CM HTO
Current"
CM HTO,Current,climate change,949,1.0,"CM HTO
Current"
CM HTO,Current,climate change,950,1.0,"CM HTO
Current"
CM HTO,Current,climate change,951,1.0,"CM HTO
Current"
CM HTO,Current,climate change,952,1.0,"CM HTO
Current"
CM HTO,Current,climate change,953,1.0,"CM HTO
Current"
CM HTO,Current,climate change,954,1.0,"CM HTO
Current"
CM HTO,Current,climate change,955,1.0,"CM HTO
Current"
CM HTO,Current,climate change,956,1.0,"CM HTO
Current"
CM HTO,Current,climate change,957,1.0,"CM HTO
Current"
CM HTO,Current,climate change,958,1.0,"CM HTO
Current"
CM HTO,Current,climate change,959,1.0,"CM HTO
Current"
CM HTO,Current,climate change,960,1.0,"CM HTO
Current"
CM HTO,Current,climate change,961,1.0,"CM HTO
Current"
CM HTO,Current,climate change,962,1.0,"CM HTO
Current"
CM HTO,Current,climate change,963,1.0,"CM HTO
Current"
CM HTO,Current,climate change,964,1.0,"CM HTO
Current"
CM HTO,Current,climate change,965,1.0,"CM HTO
Current"
CM HTO,Current,climate change,966,1.0,"CM HTO
Current"
CM HTO,Current,climate change,967,1.0,"CM HTO
Current"
CM HTO,Current,climate change,968,1.0,"CM HTO
Current"
CM HTO,Current,climate change,969,1.0,"CM HTO
Current"
CM HTO,Current,climate change,970,1.0,"CM HTO
Current"
CM HTO,Current,climate change,971,1.0,"CM HTO
Current"
CM HTO,Current,climate change,972,1.0,"CM HTO
Current"
CM HTO,Current,climate change,973,1.0,"CM HTO
Current"
CM HTO,Current,climate change,974,1.0,"CM HTO
Current"
CM HTO,Current,climate change,975,1.0,"CM HTO
Current"
CM HTO,Current,climate change,976,1.0,"CM HTO
Current"
CM HTO,Current,climate change,977,1.0,"CM HTO
Current"
CM HTO,Current,climate change,978,1.0,"CM HTO
Current"
CM HTO,Current,climate change,979,1.0,"CM HTO
Current"
CM HTO,Current,climate change,980,1.0,"CM HTO
Current"
CM HTO,Current,climate change,981,1.0,"CM HTO
Current"
CM HTO,Current,climate change,982,1.0,"CM HTO
Current"
CM HTO,Current,climate change,983,1.0,"CM HTO
Current"
CM HTO,Current,climate change,984,1.0,"CM HTO
Current"
CM HTO,Current,climate change,985,1.0,"CM HTO
Current"
CM HTO,Current,climate change,986,1.0,"CM HTO
Current"
CM HTO,Current,climate change,987,1.0,"CM HTO
Current"
CM HTO,Current,climate change,988,1.0,"CM HTO
Current"
CM HTO,Current,climate change,989,1.0,"CM HTO
Current"
CM HTO,Current,climate change,990,1.0,"CM HTO
Current"
CM HTO,Current,climate change,991,1.0,"CM HTO
Current"
CM HTO,Current,climate change,992,1.0,"CM HTO
Current"
CM HTO,Current,climate change,993,1.0,"CM HTO
Current"
CM HTO,Current,climate change,994,1.0,"CM HTO
Current"
CM HTO,Current,climate change,995,1.0,"CM HTO
Current"
CM HTO,Current,climate change,996,1.0,"CM HTO
Current"
CM HTO,Current,climate change,997,1.0,"CM HTO
Current"
CM HTO,Current,climate change,998,1.0,"CM HTO
Current"
CM HTO,Current,climate change,999,1.0,"CM HTO
Current"
AM HTO,Current,climate change,0,1.4091686167680353,"AM HTO
Current"
AM HTO,Current,climate change,1,1.226556541922669,"AM HTO
Current"
AM HTO,Current,climate change,2,1.4648140639978822,"AM HTO
Current"
AM HTO,Current,climate change,3,1.3449858355943545,"AM HTO
Current"
AM HTO,Current,climate change,4,1.160767193912472,"AM HTO
Current"
AM HTO,Current,climate change,5,1.2371416827737187,"AM HTO
Current"
AM HTO,Current,climate change,6,1.3176266058805441,"AM HTO
Current"
AM HTO,Current,climate change,7,1.3020154588836155,"AM HTO
Current"
AM HTO,Current,climate change,8,1.2641616387388035,"AM HTO
Current"
AM HTO,Current,climate change,9,1.2297959427023533,"AM HTO
Current"
AM HTO,Current,climate change,10,1.3166650356818637,"AM HTO
Current"
AM HTO,Current,climate change,11,1.224494344933376,"AM HTO
Current"
AM HTO,Current,climate change,12,1.1670563766358408,"AM HTO
Current"
AM HTO,Current,climate change,13,1.0933171885126427,"AM HTO
Current"
AM HTO,Current,climate change,14,1.2877242982505692,"AM HTO
Current"
AM HTO,Current,climate change,15,1.2604984330230027,"AM HTO
Current"
AM HTO,Current,climate change,16,1.3523479834700167,"AM HTO
Current"
AM HTO,Current,climate change,17,1.1394584397321013,"AM HTO
Current"
AM HTO,Current,climate change,18,1.3710278901156072,"AM HTO
Current"
AM HTO,Current,climate change,19,1.1947619952853443,"AM HTO
Current"
AM HTO,Current,climate change,20,1.1674807399826161,"AM HTO
Current"
AM HTO,Current,climate change,21,1.0528303497823375,"AM HTO
Current"
AM HTO,Current,climate change,22,1.2622838603822208,"AM HTO
Current"
AM HTO,Current,climate change,23,1.2204591740884743,"AM HTO
Current"
AM HTO,Current,climate change,24,1.1332532707803609,"AM HTO
Current"
AM HTO,Current,climate change,25,1.1906531165600744,"AM HTO
Current"
AM HTO,Current,climate change,26,1.353784887855906,"AM HTO
Current"
AM HTO,Current,climate change,27,1.286552629000578,"AM HTO
Current"
AM HTO,Current,climate change,28,1.1725743149824248,"AM HTO
Current"
AM HTO,Current,climate change,29,1.116387032232405,"AM HTO
Current"
AM HTO,Current,climate change,30,1.4469970216310715,"AM HTO
Current"
AM HTO,Current,climate change,31,1.1772391271427824,"AM HTO
Current"
AM HTO,Current,climate change,32,1.3814967200860209,"AM HTO
Current"
AM HTO,Current,climate change,33,1.1832228056136234,"AM HTO
Current"
AM HTO,Current,climate change,34,1.1793728045801886,"AM HTO
Current"
AM HTO,Current,climate change,35,1.3282004380861892,"AM HTO
Current"
AM HTO,Current,climate change,36,1.125681487140658,"AM HTO
Current"
AM HTO,Current,climate change,37,1.423808086411438,"AM HTO
Current"
AM HTO,Current,climate change,38,1.0425993824801678,"AM HTO
Current"
AM HTO,Current,climate change,39,1.0594076026958925,"AM HTO
Current"
AM HTO,Current,climate change,40,1.3972967050688063,"AM HTO
Current"
AM HTO,Current,climate change,41,1.2068200072096753,"AM HTO
Current"
AM HTO,Current,climate change,42,1.4216391426099628,"AM HTO
Current"
AM HTO,Current,climate change,43,1.1714991681842168,"AM HTO
Current"
AM HTO,Current,climate change,44,1.3219609486365949,"AM HTO
Current"
AM HTO,Current,climate change,45,1.4685005651189929,"AM HTO
Current"
AM HTO,Current,climate change,46,1.2712881476973112,"AM HTO
Current"
AM HTO,Current,climate change,47,1.3555208458113466,"AM HTO
Current"
AM HTO,Current,climate change,48,1.1992426533432907,"AM HTO
Current"
AM HTO,Current,climate change,49,1.4440664921926265,"AM HTO
Current"
AM HTO,Current,climate change,50,1.3586651643719472,"AM HTO
Current"
AM HTO,Current,climate change,51,1.306333596149937,"AM HTO
Current"
AM HTO,Current,climate change,52,1.282513412134756,"AM HTO
Current"
AM HTO,Current,climate change,53,1.2708337489463546,"AM HTO
Current"
AM HTO,Current,climate change,54,1.561180364914306,"AM HTO
Current"
AM HTO,Current,climate change,55,1.0924355834967492,"AM HTO
Current"
AM HTO,Current,climate change,56,1.3682293405736308,"AM HTO
Current"
AM HTO,Current,climate change,57,0.9568788216622324,"AM HTO
Current"
AM HTO,Current,climate change,58,1.1364763109793579,"AM HTO
Current"
AM HTO,Current,climate change,59,1.1270621586825762,"AM HTO
Current"
AM HTO,Current,climate change,60,1.4633179970227612,"AM HTO
Current"
AM HTO,Current,climate change,61,1.1164311880924025,"AM HTO
Current"
AM HTO,Current,climate change,62,1.3319651865717155,"AM HTO
Current"
AM HTO,Current,climate change,63,1.462279351275318,"AM HTO
Current"
AM HTO,Current,climate change,64,1.2133186972107763,"AM HTO
Current"
AM HTO,Current,climate change,65,1.4002379730948669,"AM HTO
Current"
AM HTO,Current,climate change,66,1.4091548672368222,"AM HTO
Current"
AM HTO,Current,climate change,67,1.0519705708324112,"AM HTO
Current"
AM HTO,Current,climate change,68,1.3999622282100785,"AM HTO
Current"
AM HTO,Current,climate change,69,1.4408885902265203,"AM HTO
Current"
AM HTO,Current,climate change,70,1.2553494472315923,"AM HTO
Current"
AM HTO,Current,climate change,71,1.345053973720865,"AM HTO
Current"
AM HTO,Current,climate change,72,1.355719594603891,"AM HTO
Current"
AM HTO,Current,climate change,73,1.1651082909112087,"AM HTO
Current"
AM HTO,Current,climate change,74,1.1641603433913137,"AM HTO
Current"
AM HTO,Current,climate change,75,1.2307972228433282,"AM HTO
Current"
AM HTO,Current,climate change,76,1.1980892355572506,"AM HTO
Current"
AM HTO,Current,climate change,77,1.2159776217893568,"AM HTO
Current"
AM HTO,Current,climate change,78,1.3353474928482143,"AM HTO
Current"
AM HTO,Current,climate change,79,1.3415076444752156,"AM HTO
Current"
AM HTO,Current,climate change,80,1.403483745128227,"AM HTO
Current"
AM HTO,Current,climate change,81,1.42536718772878,"AM HTO
Current"
AM HTO,Current,climate change,82,1.1380208223636097,"AM HTO
Current"
AM HTO,Current,climate change,83,1.4361941678465457,"AM HTO
Current"
AM HTO,Current,climate change,84,1.2410194199631335,"AM HTO
Current"
AM HTO,Current,climate change,85,1.169026710422889,"AM HTO
Current"
AM HTO,Current,climate change,86,1.1539494869775768,"AM HTO
Current"
AM HTO,Current,climate change,87,1.3508602041768705,"AM HTO
Current"
AM HTO,Current,climate change,88,1.1901918971666474,"AM HTO
Current"
AM HTO,Current,climate change,89,1.3393115791693608,"AM HTO
Current"
AM HTO,Current,climate change,90,1.4973857558915935,"AM HTO
Current"
AM HTO,Current,climate change,91,1.0900831789035201,"AM HTO
Current"
AM HTO,Current,climate change,92,1.1416402470657523,"AM HTO
Current"
AM HTO,Current,climate change,93,1.3483096212096197,"AM HTO
Current"
AM HTO,Current,climate change,94,1.3280250273354022,"AM HTO
Current"
AM HTO,Current,climate change,95,1.362038046848753,"AM HTO
Current"
AM HTO,Current,climate change,96,1.2082138277740744,"AM HTO
Current"
AM HTO,Current,climate change,97,1.1767064151080477,"AM HTO
Current"
AM HTO,Current,climate change,98,1.3563951247889996,"AM HTO
Current"
AM HTO,Current,climate change,99,1.0677503706078362,"AM HTO
Current"
AM HTO,Current,climate change,100,1.0986332805716983,"AM HTO
Current"
AM HTO,Current,climate change,101,1.3374211140486918,"AM HTO
Current"
AM HTO,Current,climate change,102,1.174960574125103,"AM HTO
Current"
AM HTO,Current,climate change,103,1.3189856122393684,"AM HTO
Current"
AM HTO,Current,climate change,104,1.3763508197743997,"AM HTO
Current"
AM HTO,Current,climate change,105,1.3320757406297452,"AM HTO
Current"
AM HTO,Current,climate change,106,1.1414062857434941,"AM HTO
Current"
AM HTO,Current,climate change,107,1.3226254825108086,"AM HTO
Current"
AM HTO,Current,climate change,108,1.028461569228113,"AM HTO
Current"
AM HTO,Current,climate change,109,1.1946690002151579,"AM HTO
Current"
AM HTO,Current,climate change,110,1.1914895430768702,"AM HTO
Current"
AM HTO,Current,climate change,111,1.1487356880312092,"AM HTO
Current"
AM HTO,Current,climate change,112,1.1321326871953208,"AM HTO
Current"
AM HTO,Current,climate change,113,1.202652427278641,"AM HTO
Current"
AM HTO,Current,climate change,114,1.1597155946555777,"AM HTO
Current"
AM HTO,Current,climate change,115,1.2793254156171268,"AM HTO
Current"
AM HTO,Current,climate change,116,1.4780365457079592,"AM HTO
Current"
AM HTO,Current,climate change,117,1.1550850755829492,"AM HTO
Current"
AM HTO,Current,climate change,118,1.3636103020941672,"AM HTO
Current"
AM HTO,Current,climate change,119,1.277774937860115,"AM HTO
Current"
AM HTO,Current,climate change,120,1.5005686255860053,"AM HTO
Current"
AM HTO,Current,climate change,121,1.1313171422114234,"AM HTO
Current"
AM HTO,Current,climate change,122,1.3017356066959131,"AM HTO
Current"
AM HTO,Current,climate change,123,1.2171782897073424,"AM HTO
Current"
AM HTO,Current,climate change,124,1.2656810159699192,"AM HTO
Current"
AM HTO,Current,climate change,125,1.2439192384879745,"AM HTO
Current"
AM HTO,Current,climate change,126,1.064523053242831,"AM HTO
Current"
AM HTO,Current,climate change,127,1.2650345149666051,"AM HTO
Current"
AM HTO,Current,climate change,128,1.3322758387305322,"AM HTO
Current"
AM HTO,Current,climate change,129,1.1871895047741552,"AM HTO
Current"
AM HTO,Current,climate change,130,1.0515349300401309,"AM HTO
Current"
AM HTO,Current,climate change,131,1.2066510582238463,"AM HTO
Current"
AM HTO,Current,climate change,132,1.146995006736197,"AM HTO
Current"
AM HTO,Current,climate change,133,1.4185169183480772,"AM HTO
Current"
AM HTO,Current,climate change,134,1.3193422248365692,"AM HTO
Current"
AM HTO,Current,climate change,135,1.2163604454026842,"AM HTO
Current"
AM HTO,Current,climate change,136,1.2303738765237802,"AM HTO
Current"
AM HTO,Current,climate change,137,1.2326074209590867,"AM HTO
Current"
AM HTO,Current,climate change,138,1.1419597024604917,"AM HTO
Current"
AM HTO,Current,climate change,139,1.1137035581486847,"AM HTO
Current"
AM HTO,Current,climate change,140,1.0056822875270528,"AM HTO
Current"
AM HTO,Current,climate change,141,1.1760311503413,"AM HTO
Current"
AM HTO,Current,climate change,142,1.3033416357580834,"AM HTO
Current"
AM HTO,Current,climate change,143,1.114455796778576,"AM HTO
Current"
AM HTO,Current,climate change,144,1.3769827750229446,"AM HTO
Current"
AM HTO,Current,climate change,145,1.4152710357093818,"AM HTO
Current"
AM HTO,Current,climate change,146,1.0513923611977867,"AM HTO
Current"
AM HTO,Current,climate change,147,1.0772592071023848,"AM HTO
Current"
AM HTO,Current,climate change,148,1.1273770184956222,"AM HTO
Current"
AM HTO,Current,climate change,149,1.302916978666483,"AM HTO
Current"
AM HTO,Current,climate change,150,1.1738735338226651,"AM HTO
Current"
AM HTO,Current,climate change,151,1.158483599858469,"AM HTO
Current"
AM HTO,Current,climate change,152,1.4751841580581528,"AM HTO
Current"
AM HTO,Current,climate change,153,1.1375579168482564,"AM HTO
Current"
AM HTO,Current,climate change,154,1.2187782792209987,"AM HTO
Current"
AM HTO,Current,climate change,155,1.1557535415725062,"AM HTO
Current"
AM HTO,Current,climate change,156,1.3403371441716958,"AM HTO
Current"
AM HTO,Current,climate change,157,1.1047808552321492,"AM HTO
Current"
AM HTO,Current,climate change,158,1.2171020277765194,"AM HTO
Current"
AM HTO,Current,climate change,159,1.3573512289567875,"AM HTO
Current"
AM HTO,Current,climate change,160,1.300153916748401,"AM HTO
Current"
AM HTO,Current,climate change,161,1.3160376345051128,"AM HTO
Current"
AM HTO,Current,climate change,162,1.1608860597778996,"AM HTO
Current"
AM HTO,Current,climate change,163,1.1651854657331462,"AM HTO
Current"
AM HTO,Current,climate change,164,1.1605063309109103,"AM HTO
Current"
AM HTO,Current,climate change,165,1.289727953003965,"AM HTO
Current"
AM HTO,Current,climate change,166,1.2758921457314605,"AM HTO
Current"
AM HTO,Current,climate change,167,1.095349304227774,"AM HTO
Current"
AM HTO,Current,climate change,168,1.1928535681994579,"AM HTO
Current"
AM HTO,Current,climate change,169,1.2777142205416179,"AM HTO
Current"
AM HTO,Current,climate change,170,1.252431625001686,"AM HTO
Current"
AM HTO,Current,climate change,171,1.2548915475249653,"AM HTO
Current"
AM HTO,Current,climate change,172,1.3118436711407642,"AM HTO
Current"
AM HTO,Current,climate change,173,1.2245997463644833,"AM HTO
Current"
AM HTO,Current,climate change,174,1.094324942925202,"AM HTO
Current"
AM HTO,Current,climate change,175,1.3504731599644613,"AM HTO
Current"
AM HTO,Current,climate change,176,1.1617459531537377,"AM HTO
Current"
AM HTO,Current,climate change,177,1.1439043368619708,"AM HTO
Current"
AM HTO,Current,climate change,178,1.3212383915661583,"AM HTO
Current"
AM HTO,Current,climate change,179,1.0507024449171651,"AM HTO
Current"
AM HTO,Current,climate change,180,1.2941339626686699,"AM HTO
Current"
AM HTO,Current,climate change,181,1.107331068860179,"AM HTO
Current"
AM HTO,Current,climate change,182,1.480683892608683,"AM HTO
Current"
AM HTO,Current,climate change,183,1.1557041323250523,"AM HTO
Current"
AM HTO,Current,climate change,184,1.2302782951219786,"AM HTO
Current"
AM HTO,Current,climate change,185,1.2915298288505384,"AM HTO
Current"
AM HTO,Current,climate change,186,1.2262496592803218,"AM HTO
Current"
AM HTO,Current,climate change,187,1.328926540217155,"AM HTO
Current"
AM HTO,Current,climate change,188,1.202681027843733,"AM HTO
Current"
AM HTO,Current,climate change,189,1.4771921831273813,"AM HTO
Current"
AM HTO,Current,climate change,190,1.2894268044241228,"AM HTO
Current"
AM HTO,Current,climate change,191,1.4295042793286177,"AM HTO
Current"
AM HTO,Current,climate change,192,1.0458561922458425,"AM HTO
Current"
AM HTO,Current,climate change,193,1.2530401095281811,"AM HTO
Current"
AM HTO,Current,climate change,194,1.1383861928440906,"AM HTO
Current"
AM HTO,Current,climate change,195,1.2860881015006602,"AM HTO
Current"
AM HTO,Current,climate change,196,1.2037560366042375,"AM HTO
Current"
AM HTO,Current,climate change,197,1.377803621782662,"AM HTO
Current"
AM HTO,Current,climate change,198,1.2957156860467447,"AM HTO
Current"
AM HTO,Current,climate change,199,1.2456376380826515,"AM HTO
Current"
AM HTO,Current,climate change,200,1.2784192307027193,"AM HTO
Current"
AM HTO,Current,climate change,201,1.1726471578188944,"AM HTO
Current"
AM HTO,Current,climate change,202,1.1930665312634223,"AM HTO
Current"
AM HTO,Current,climate change,203,1.1707529255818534,"AM HTO
Current"
AM HTO,Current,climate change,204,1.1443057161618881,"AM HTO
Current"
AM HTO,Current,climate change,205,1.2325199019120887,"AM HTO
Current"
AM HTO,Current,climate change,206,1.4727443067026194,"AM HTO
Current"
AM HTO,Current,climate change,207,1.3091709143684742,"AM HTO
Current"
AM HTO,Current,climate change,208,1.1337168302446046,"AM HTO
Current"
AM HTO,Current,climate change,209,1.2897612487424088,"AM HTO
Current"
AM HTO,Current,climate change,210,1.2674563332189028,"AM HTO
Current"
AM HTO,Current,climate change,211,1.2229153652846239,"AM HTO
Current"
AM HTO,Current,climate change,212,1.3291936958971005,"AM HTO
Current"
AM HTO,Current,climate change,213,1.3267382785516633,"AM HTO
Current"
AM HTO,Current,climate change,214,1.0870455740089147,"AM HTO
Current"
AM HTO,Current,climate change,215,1.3774444085006168,"AM HTO
Current"
AM HTO,Current,climate change,216,1.2305935875817033,"AM HTO
Current"
AM HTO,Current,climate change,217,1.384107968297646,"AM HTO
Current"
AM HTO,Current,climate change,218,1.4477168249026258,"AM HTO
Current"
AM HTO,Current,climate change,219,1.2755327797071747,"AM HTO
Current"
AM HTO,Current,climate change,220,1.0675437407890123,"AM HTO
Current"
AM HTO,Current,climate change,221,1.2905007004996756,"AM HTO
Current"
AM HTO,Current,climate change,222,1.2949990938557414,"AM HTO
Current"
AM HTO,Current,climate change,223,1.2612246771331963,"AM HTO
Current"
AM HTO,Current,climate change,224,1.3048009105752407,"AM HTO
Current"
AM HTO,Current,climate change,225,1.1653956030827313,"AM HTO
Current"
AM HTO,Current,climate change,226,1.172020663161004,"AM HTO
Current"
AM HTO,Current,climate change,227,1.1268218659372995,"AM HTO
Current"
AM HTO,Current,climate change,228,1.2237313426322,"AM HTO
Current"
AM HTO,Current,climate change,229,1.2732113620706902,"AM HTO
Current"
AM HTO,Current,climate change,230,1.3710363594049395,"AM HTO
Current"
AM HTO,Current,climate change,231,1.3727402754397844,"AM HTO
Current"
AM HTO,Current,climate change,232,1.0915818679682867,"AM HTO
Current"
AM HTO,Current,climate change,233,1.3908949411866536,"AM HTO
Current"
AM HTO,Current,climate change,234,1.4887906250353724,"AM HTO
Current"
AM HTO,Current,climate change,235,1.2857437294675784,"AM HTO
Current"
AM HTO,Current,climate change,236,1.207420855793383,"AM HTO
Current"
AM HTO,Current,climate change,237,1.15470546793369,"AM HTO
Current"
AM HTO,Current,climate change,238,1.3961365783429507,"AM HTO
Current"
AM HTO,Current,climate change,239,1.1271934230088199,"AM HTO
Current"
AM HTO,Current,climate change,240,1.1551510003862733,"AM HTO
Current"
AM HTO,Current,climate change,241,1.3011882633079406,"AM HTO
Current"
AM HTO,Current,climate change,242,1.3789486498697434,"AM HTO
Current"
AM HTO,Current,climate change,243,1.4315651659532285,"AM HTO
Current"
AM HTO,Current,climate change,244,1.385367349513615,"AM HTO
Current"
AM HTO,Current,climate change,245,1.3214353694062249,"AM HTO
Current"
AM HTO,Current,climate change,246,1.1782229578833054,"AM HTO
Current"
AM HTO,Current,climate change,247,1.1167228662761748,"AM HTO
Current"
AM HTO,Current,climate change,248,1.0906579234817357,"AM HTO
Current"
AM HTO,Current,climate change,249,1.4878823790097828,"AM HTO
Current"
AM HTO,Current,climate change,250,1.3035902479919255,"AM HTO
Current"
AM HTO,Current,climate change,251,1.1547168804636476,"AM HTO
Current"
AM HTO,Current,climate change,252,1.3814756278708398,"AM HTO
Current"
AM HTO,Current,climate change,253,1.52479261863679,"AM HTO
Current"
AM HTO,Current,climate change,254,1.3444151108935694,"AM HTO
Current"
AM HTO,Current,climate change,255,1.2848880130382907,"AM HTO
Current"
AM HTO,Current,climate change,256,1.0932836395306027,"AM HTO
Current"
AM HTO,Current,climate change,257,1.2840252841198307,"AM HTO
Current"
AM HTO,Current,climate change,258,1.2342267835931096,"AM HTO
Current"
AM HTO,Current,climate change,259,1.1488388138906287,"AM HTO
Current"
AM HTO,Current,climate change,260,1.0960455155532016,"AM HTO
Current"
AM HTO,Current,climate change,261,1.313644942917829,"AM HTO
Current"
AM HTO,Current,climate change,262,1.1605038320702377,"AM HTO
Current"
AM HTO,Current,climate change,263,1.385839795669671,"AM HTO
Current"
AM HTO,Current,climate change,264,1.1751098179890624,"AM HTO
Current"
AM HTO,Current,climate change,265,1.255581095817802,"AM HTO
Current"
AM HTO,Current,climate change,266,1.2801951004403493,"AM HTO
Current"
AM HTO,Current,climate change,267,1.2061501904973415,"AM HTO
Current"
AM HTO,Current,climate change,268,1.156495270175537,"AM HTO
Current"
AM HTO,Current,climate change,269,1.4432384709411836,"AM HTO
Current"
AM HTO,Current,climate change,270,1.2651274789661573,"AM HTO
Current"
AM HTO,Current,climate change,271,1.2083480261328343,"AM HTO
Current"
AM HTO,Current,climate change,272,1.247793385209031,"AM HTO
Current"
AM HTO,Current,climate change,273,1.2244773536475897,"AM HTO
Current"
AM HTO,Current,climate change,274,1.281003623747687,"AM HTO
Current"
AM HTO,Current,climate change,275,1.3872977818581698,"AM HTO
Current"
AM HTO,Current,climate change,276,1.031864514318455,"AM HTO
Current"
AM HTO,Current,climate change,277,1.2366299511927696,"AM HTO
Current"
AM HTO,Current,climate change,278,1.4791794258318012,"AM HTO
Current"
AM HTO,Current,climate change,279,1.3963066278557457,"AM HTO
Current"
AM HTO,Current,climate change,280,1.2608096187792288,"AM HTO
Current"
AM HTO,Current,climate change,281,1.3559404835145956,"AM HTO
Current"
AM HTO,Current,climate change,282,1.0198879119788424,"AM HTO
Current"
AM HTO,Current,climate change,283,1.2759924987487292,"AM HTO
Current"
AM HTO,Current,climate change,284,1.3420060224011223,"AM HTO
Current"
AM HTO,Current,climate change,285,1.3525587457297557,"AM HTO
Current"
AM HTO,Current,climate change,286,1.3653849819301096,"AM HTO
Current"
AM HTO,Current,climate change,287,1.1261794202894784,"AM HTO
Current"
AM HTO,Current,climate change,288,1.3043092367249707,"AM HTO
Current"
AM HTO,Current,climate change,289,1.4634546871800702,"AM HTO
Current"
AM HTO,Current,climate change,290,1.1787482954128177,"AM HTO
Current"
AM HTO,Current,climate change,291,1.1851358101475868,"AM HTO
Current"
AM HTO,Current,climate change,292,1.2178974040626005,"AM HTO
Current"
AM HTO,Current,climate change,293,1.3222569077843023,"AM HTO
Current"
AM HTO,Current,climate change,294,1.4897678928593354,"AM HTO
Current"
AM HTO,Current,climate change,295,1.6432022369961623,"AM HTO
Current"
AM HTO,Current,climate change,296,1.1126343311382414,"AM HTO
Current"
AM HTO,Current,climate change,297,1.3356516453731555,"AM HTO
Current"
AM HTO,Current,climate change,298,1.2652092557593926,"AM HTO
Current"
AM HTO,Current,climate change,299,1.1993388486730503,"AM HTO
Current"
AM HTO,Current,climate change,300,1.3643773529463983,"AM HTO
Current"
AM HTO,Current,climate change,301,1.2273548232858704,"AM HTO
Current"
AM HTO,Current,climate change,302,1.2641723248149712,"AM HTO
Current"
AM HTO,Current,climate change,303,1.2716394479480324,"AM HTO
Current"
AM HTO,Current,climate change,304,1.3287060570551232,"AM HTO
Current"
AM HTO,Current,climate change,305,1.2797755148447854,"AM HTO
Current"
AM HTO,Current,climate change,306,1.4018708830820104,"AM HTO
Current"
AM HTO,Current,climate change,307,1.1413581817127312,"AM HTO
Current"
AM HTO,Current,climate change,308,1.406959500489325,"AM HTO
Current"
AM HTO,Current,climate change,309,1.1082506088968074,"AM HTO
Current"
AM HTO,Current,climate change,310,1.2662534889997565,"AM HTO
Current"
AM HTO,Current,climate change,311,1.3787087931758335,"AM HTO
Current"
AM HTO,Current,climate change,312,1.3107003997273683,"AM HTO
Current"
AM HTO,Current,climate change,313,1.3715974750315525,"AM HTO
Current"
AM HTO,Current,climate change,314,1.13999491532159,"AM HTO
Current"
AM HTO,Current,climate change,315,1.4183012320528545,"AM HTO
Current"
AM HTO,Current,climate change,316,1.474334698754674,"AM HTO
Current"
AM HTO,Current,climate change,317,1.2350639035531659,"AM HTO
Current"
AM HTO,Current,climate change,318,1.3220441209871538,"AM HTO
Current"
AM HTO,Current,climate change,319,1.135783771125423,"AM HTO
Current"
AM HTO,Current,climate change,320,1.3076063135874634,"AM HTO
Current"
AM HTO,Current,climate change,321,1.2388226935460351,"AM HTO
Current"
AM HTO,Current,climate change,322,1.46257800999342,"AM HTO
Current"
AM HTO,Current,climate change,323,1.1153725242428907,"AM HTO
Current"
AM HTO,Current,climate change,324,1.1271268598490205,"AM HTO
Current"
AM HTO,Current,climate change,325,1.3880962725200692,"AM HTO
Current"
AM HTO,Current,climate change,326,1.2980599101035877,"AM HTO
Current"
AM HTO,Current,climate change,327,1.2650436167908197,"AM HTO
Current"
AM HTO,Current,climate change,328,1.259576797622445,"AM HTO
Current"
AM HTO,Current,climate change,329,1.18759647589142,"AM HTO
Current"
AM HTO,Current,climate change,330,1.2579499246092432,"AM HTO
Current"
AM HTO,Current,climate change,331,1.2392033483256875,"AM HTO
Current"
AM HTO,Current,climate change,332,1.399378297414102,"AM HTO
Current"
AM HTO,Current,climate change,333,1.2430351432144013,"AM HTO
Current"
AM HTO,Current,climate change,334,1.2744541255688147,"AM HTO
Current"
AM HTO,Current,climate change,335,1.351385579526733,"AM HTO
Current"
AM HTO,Current,climate change,336,1.1192467065588703,"AM HTO
Current"
AM HTO,Current,climate change,337,1.2966524149402934,"AM HTO
Current"
AM HTO,Current,climate change,338,1.298386089306079,"AM HTO
Current"
AM HTO,Current,climate change,339,1.2807673866259188,"AM HTO
Current"
AM HTO,Current,climate change,340,1.1253649722968013,"AM HTO
Current"
AM HTO,Current,climate change,341,1.2058915424581658,"AM HTO
Current"
AM HTO,Current,climate change,342,1.3676491955219685,"AM HTO
Current"
AM HTO,Current,climate change,343,1.0888320959577236,"AM HTO
Current"
AM HTO,Current,climate change,344,1.1112611142629423,"AM HTO
Current"
AM HTO,Current,climate change,345,1.2593745663450329,"AM HTO
Current"
AM HTO,Current,climate change,346,1.4803418839348967,"AM HTO
Current"
AM HTO,Current,climate change,347,1.3777070631602322,"AM HTO
Current"
AM HTO,Current,climate change,348,1.3481066990016377,"AM HTO
Current"
AM HTO,Current,climate change,349,1.2475734510073744,"AM HTO
Current"
AM HTO,Current,climate change,350,1.0975980879528282,"AM HTO
Current"
AM HTO,Current,climate change,351,1.1415488012260007,"AM HTO
Current"
AM HTO,Current,climate change,352,1.1855064181849098,"AM HTO
Current"
AM HTO,Current,climate change,353,1.4063209891958417,"AM HTO
Current"
AM HTO,Current,climate change,354,1.250373535846298,"AM HTO
Current"
AM HTO,Current,climate change,355,1.270804575091815,"AM HTO
Current"
AM HTO,Current,climate change,356,1.2903328868197268,"AM HTO
Current"
AM HTO,Current,climate change,357,1.3743236106343653,"AM HTO
Current"
AM HTO,Current,climate change,358,1.2080395914656188,"AM HTO
Current"
AM HTO,Current,climate change,359,1.0883334897089862,"AM HTO
Current"
AM HTO,Current,climate change,360,1.101989244678673,"AM HTO
Current"
AM HTO,Current,climate change,361,1.2711789784803529,"AM HTO
Current"
AM HTO,Current,climate change,362,1.093415729716968,"AM HTO
Current"
AM HTO,Current,climate change,363,1.3151487371722506,"AM HTO
Current"
AM HTO,Current,climate change,364,1.2502038828367057,"AM HTO
Current"
AM HTO,Current,climate change,365,1.1689331512622931,"AM HTO
Current"
AM HTO,Current,climate change,366,1.1363864402287525,"AM HTO
Current"
AM HTO,Current,climate change,367,1.2989441976525955,"AM HTO
Current"
AM HTO,Current,climate change,368,1.2248673616562753,"AM HTO
Current"
AM HTO,Current,climate change,369,1.2814006296844993,"AM HTO
Current"
AM HTO,Current,climate change,370,1.4148791598789159,"AM HTO
Current"
AM HTO,Current,climate change,371,1.2007659253968976,"AM HTO
Current"
AM HTO,Current,climate change,372,1.1346955118328326,"AM HTO
Current"
AM HTO,Current,climate change,373,1.3041131115823847,"AM HTO
Current"
AM HTO,Current,climate change,374,1.2068531784817498,"AM HTO
Current"
AM HTO,Current,climate change,375,1.2996489424016109,"AM HTO
Current"
AM HTO,Current,climate change,376,1.5944786310442454,"AM HTO
Current"
AM HTO,Current,climate change,377,1.082875365572211,"AM HTO
Current"
AM HTO,Current,climate change,378,1.2667689899166055,"AM HTO
Current"
AM HTO,Current,climate change,379,1.1163630190547396,"AM HTO
Current"
AM HTO,Current,climate change,380,1.5029049131890033,"AM HTO
Current"
AM HTO,Current,climate change,381,1.4921866407095852,"AM HTO
Current"
AM HTO,Current,climate change,382,1.216587140147985,"AM HTO
Current"
AM HTO,Current,climate change,383,0.999002465023074,"AM HTO
Current"
AM HTO,Current,climate change,384,1.4003302746154362,"AM HTO
Current"
AM HTO,Current,climate change,385,1.2373162759804934,"AM HTO
Current"
AM HTO,Current,climate change,386,1.1430490648352587,"AM HTO
Current"
AM HTO,Current,climate change,387,1.3301756579626336,"AM HTO
Current"
AM HTO,Current,climate change,388,1.2908234622055357,"AM HTO
Current"
AM HTO,Current,climate change,389,1.0928762008528663,"AM HTO
Current"
AM HTO,Current,climate change,390,1.107852811020464,"AM HTO
Current"
AM HTO,Current,climate change,391,1.3325992720190472,"AM HTO
Current"
AM HTO,Current,climate change,392,1.189338411115741,"AM HTO
Current"
AM HTO,Current,climate change,393,1.251386570192051,"AM HTO
Current"
AM HTO,Current,climate change,394,1.237314121901629,"AM HTO
Current"
AM HTO,Current,climate change,395,1.25503222247162,"AM HTO
Current"
AM HTO,Current,climate change,396,1.3879887378301308,"AM HTO
Current"
AM HTO,Current,climate change,397,1.1396270559997532,"AM HTO
Current"
AM HTO,Current,climate change,398,1.4100740817068977,"AM HTO
Current"
AM HTO,Current,climate change,399,1.155243828281805,"AM HTO
Current"
AM HTO,Current,climate change,400,1.1720982965684008,"AM HTO
Current"
AM HTO,Current,climate change,401,1.1474525069755195,"AM HTO
Current"
AM HTO,Current,climate change,402,1.2100801354189192,"AM HTO
Current"
AM HTO,Current,climate change,403,1.4340938095558133,"AM HTO
Current"
AM HTO,Current,climate change,404,1.2694577382955468,"AM HTO
Current"
AM HTO,Current,climate change,405,1.4755821589495173,"AM HTO
Current"
AM HTO,Current,climate change,406,1.249955367828595,"AM HTO
Current"
AM HTO,Current,climate change,407,1.2984914999679862,"AM HTO
Current"
AM HTO,Current,climate change,408,1.2250960010044627,"AM HTO
Current"
AM HTO,Current,climate change,409,1.3358211815586318,"AM HTO
Current"
AM HTO,Current,climate change,410,1.2566493801963456,"AM HTO
Current"
AM HTO,Current,climate change,411,1.1600462990885965,"AM HTO
Current"
AM HTO,Current,climate change,412,1.305741760317664,"AM HTO
Current"
AM HTO,Current,climate change,413,1.1807236268385055,"AM HTO
Current"
AM HTO,Current,climate change,414,1.2720855880444626,"AM HTO
Current"
AM HTO,Current,climate change,415,1.2659647036715183,"AM HTO
Current"
AM HTO,Current,climate change,416,1.1073909709137648,"AM HTO
Current"
AM HTO,Current,climate change,417,1.24658340406792,"AM HTO
Current"
AM HTO,Current,climate change,418,1.3920001050117365,"AM HTO
Current"
AM HTO,Current,climate change,419,1.280360057619454,"AM HTO
Current"
AM HTO,Current,climate change,420,1.1822120435013934,"AM HTO
Current"
AM HTO,Current,climate change,421,1.2341913026642664,"AM HTO
Current"
AM HTO,Current,climate change,422,1.3974558632222485,"AM HTO
Current"
AM HTO,Current,climate change,423,1.2014645303336875,"AM HTO
Current"
AM HTO,Current,climate change,424,1.4190545200095144,"AM HTO
Current"
AM HTO,Current,climate change,425,1.411975536169356,"AM HTO
Current"
AM HTO,Current,climate change,426,1.3574058672457439,"AM HTO
Current"
AM HTO,Current,climate change,427,1.2861190723510445,"AM HTO
Current"
AM HTO,Current,climate change,428,1.488318103407967,"AM HTO
Current"
AM HTO,Current,climate change,429,1.2261359453232612,"AM HTO
Current"
AM HTO,Current,climate change,430,1.3471258875347756,"AM HTO
Current"
AM HTO,Current,climate change,431,1.1035598038472891,"AM HTO
Current"
AM HTO,Current,climate change,432,1.0664831375672579,"AM HTO
Current"
AM HTO,Current,climate change,433,1.0686136727672602,"AM HTO
Current"
AM HTO,Current,climate change,434,1.1682291425083577,"AM HTO
Current"
AM HTO,Current,climate change,435,1.1438727030615528,"AM HTO
Current"
AM HTO,Current,climate change,436,1.0615649086572294,"AM HTO
Current"
AM HTO,Current,climate change,437,1.2650093153225335,"AM HTO
Current"
AM HTO,Current,climate change,438,1.2413923266606781,"AM HTO
Current"
AM HTO,Current,climate change,439,1.1634897587636857,"AM HTO
Current"
AM HTO,Current,climate change,440,1.290553470726157,"AM HTO
Current"
AM HTO,Current,climate change,441,1.1712159696020452,"AM HTO
Current"
AM HTO,Current,climate change,442,1.1228303236169568,"AM HTO
Current"
AM HTO,Current,climate change,443,1.1029320479378544,"AM HTO
Current"
AM HTO,Current,climate change,444,1.5000668599547038,"AM HTO
Current"
AM HTO,Current,climate change,445,1.2896873236513497,"AM HTO
Current"
AM HTO,Current,climate change,446,1.2460225036802284,"AM HTO
Current"
AM HTO,Current,climate change,447,1.2172763752840565,"AM HTO
Current"
AM HTO,Current,climate change,448,1.1272466091901838,"AM HTO
Current"
AM HTO,Current,climate change,449,1.2719037468647019,"AM HTO
Current"
AM HTO,Current,climate change,450,1.0726946486907196,"AM HTO
Current"
AM HTO,Current,climate change,451,1.2129326808287781,"AM HTO
Current"
AM HTO,Current,climate change,452,1.1926250559398244,"AM HTO
Current"
AM HTO,Current,climate change,453,1.2381716620979561,"AM HTO
Current"
AM HTO,Current,climate change,454,1.3229088590609295,"AM HTO
Current"
AM HTO,Current,climate change,455,1.294270445494325,"AM HTO
Current"
AM HTO,Current,climate change,456,1.3007503956678972,"AM HTO
Current"
AM HTO,Current,climate change,457,1.3126787733527758,"AM HTO
Current"
AM HTO,Current,climate change,458,1.4947599948652492,"AM HTO
Current"
AM HTO,Current,climate change,459,1.421564546059309,"AM HTO
Current"
AM HTO,Current,climate change,460,1.3436874752222798,"AM HTO
Current"
AM HTO,Current,climate change,461,1.0758517093330544,"AM HTO
Current"
AM HTO,Current,climate change,462,1.2353670710786595,"AM HTO
Current"
AM HTO,Current,climate change,463,1.460344074777523,"AM HTO
Current"
AM HTO,Current,climate change,464,1.328394382799267,"AM HTO
Current"
AM HTO,Current,climate change,465,1.1097215446894546,"AM HTO
Current"
AM HTO,Current,climate change,466,1.4422761141663247,"AM HTO
Current"
AM HTO,Current,climate change,467,1.4634508378312354,"AM HTO
Current"
AM HTO,Current,climate change,468,1.3023465153525424,"AM HTO
Current"
AM HTO,Current,climate change,469,1.3030488896093524,"AM HTO
Current"
AM HTO,Current,climate change,470,1.3155546843377461,"AM HTO
Current"
AM HTO,Current,climate change,471,1.216540207566169,"AM HTO
Current"
AM HTO,Current,climate change,472,1.1529174323537903,"AM HTO
Current"
AM HTO,Current,climate change,473,1.2292754193401338,"AM HTO
Current"
AM HTO,Current,climate change,474,1.351037730499477,"AM HTO
Current"
AM HTO,Current,climate change,475,1.1263268521447427,"AM HTO
Current"
AM HTO,Current,climate change,476,1.2920332642195664,"AM HTO
Current"
AM HTO,Current,climate change,477,1.0892663910241898,"AM HTO
Current"
AM HTO,Current,climate change,478,1.2640761562842926,"AM HTO
Current"
AM HTO,Current,climate change,479,1.340659026247114,"AM HTO
Current"
AM HTO,Current,climate change,480,1.4825733410649176,"AM HTO
Current"
AM HTO,Current,climate change,481,1.35325644404356,"AM HTO
Current"
AM HTO,Current,climate change,482,1.1815171539327092,"AM HTO
Current"
AM HTO,Current,climate change,483,1.3471780454457294,"AM HTO
Current"
AM HTO,Current,climate change,484,1.2595074327728704,"AM HTO
Current"
AM HTO,Current,climate change,485,1.1900608752001953,"AM HTO
Current"
AM HTO,Current,climate change,486,1.1721356749587908,"AM HTO
Current"
AM HTO,Current,climate change,487,1.196881653441956,"AM HTO
Current"
AM HTO,Current,climate change,488,1.1298612118839428,"AM HTO
Current"
AM HTO,Current,climate change,489,1.0988093863751907,"AM HTO
Current"
AM HTO,Current,climate change,490,1.2350864965249053,"AM HTO
Current"
AM HTO,Current,climate change,491,1.2814075642615466,"AM HTO
Current"
AM HTO,Current,climate change,492,1.2945816652240427,"AM HTO
Current"
AM HTO,Current,climate change,493,1.2736852163633354,"AM HTO
Current"
AM HTO,Current,climate change,494,1.30496368950186,"AM HTO
Current"
AM HTO,Current,climate change,495,1.2260325913865489,"AM HTO
Current"
AM HTO,Current,climate change,496,1.3311014033009412,"AM HTO
Current"
AM HTO,Current,climate change,497,1.0586674842857906,"AM HTO
Current"
AM HTO,Current,climate change,498,1.415015545726563,"AM HTO
Current"
AM HTO,Current,climate change,499,1.2598532997636938,"AM HTO
Current"
AM HTO,Current,climate change,500,1.1974046499659095,"AM HTO
Current"
AM HTO,Current,climate change,501,1.2945812902165674,"AM HTO
Current"
AM HTO,Current,climate change,502,1.2311835623320264,"AM HTO
Current"
AM HTO,Current,climate change,503,1.209530644896877,"AM HTO
Current"
AM HTO,Current,climate change,504,1.3506630293942676,"AM HTO
Current"
AM HTO,Current,climate change,505,1.1123488051588115,"AM HTO
Current"
AM HTO,Current,climate change,506,1.2313024845898806,"AM HTO
Current"
AM HTO,Current,climate change,507,1.3036515526165064,"AM HTO
Current"
AM HTO,Current,climate change,508,1.2670847912361736,"AM HTO
Current"
AM HTO,Current,climate change,509,1.2819367752706572,"AM HTO
Current"
AM HTO,Current,climate change,510,1.0938616691308334,"AM HTO
Current"
AM HTO,Current,climate change,511,1.3717460516065356,"AM HTO
Current"
AM HTO,Current,climate change,512,1.3925757968896715,"AM HTO
Current"
AM HTO,Current,climate change,513,1.0957486601072053,"AM HTO
Current"
AM HTO,Current,climate change,514,1.4877962549806458,"AM HTO
Current"
AM HTO,Current,climate change,515,1.1893598227125977,"AM HTO
Current"
AM HTO,Current,climate change,516,1.3052047576409858,"AM HTO
Current"
AM HTO,Current,climate change,517,1.1858901241322335,"AM HTO
Current"
AM HTO,Current,climate change,518,1.1953348156060164,"AM HTO
Current"
AM HTO,Current,climate change,519,1.3087707719741737,"AM HTO
Current"
AM HTO,Current,climate change,520,1.2846098137188735,"AM HTO
Current"
AM HTO,Current,climate change,521,1.376400941135761,"AM HTO
Current"
AM HTO,Current,climate change,522,1.1464673538623946,"AM HTO
Current"
AM HTO,Current,climate change,523,1.330511174595373,"AM HTO
Current"
AM HTO,Current,climate change,524,1.232820612077784,"AM HTO
Current"
AM HTO,Current,climate change,525,1.2492712717068575,"AM HTO
Current"
AM HTO,Current,climate change,526,1.09200129054333,"AM HTO
Current"
AM HTO,Current,climate change,527,1.1773477732300053,"AM HTO
Current"
AM HTO,Current,climate change,528,1.2730195366765988,"AM HTO
Current"
AM HTO,Current,climate change,529,1.1873410089185372,"AM HTO
Current"
AM HTO,Current,climate change,530,1.328603980630739,"AM HTO
Current"
AM HTO,Current,climate change,531,1.1925180151689498,"AM HTO
Current"
AM HTO,Current,climate change,532,1.1783224891892627,"AM HTO
Current"
AM HTO,Current,climate change,533,1.139514032459643,"AM HTO
Current"
AM HTO,Current,climate change,534,1.1320643360423523,"AM HTO
Current"
AM HTO,Current,climate change,535,1.216867963408934,"AM HTO
Current"
AM HTO,Current,climate change,536,1.0911664680872943,"AM HTO
Current"
AM HTO,Current,climate change,537,1.2344348639410259,"AM HTO
Current"
AM HTO,Current,climate change,538,1.3983999539586112,"AM HTO
Current"
AM HTO,Current,climate change,539,1.4078900207066094,"AM HTO
Current"
AM HTO,Current,climate change,540,1.3177278229471563,"AM HTO
Current"
AM HTO,Current,climate change,541,1.2625689146630572,"AM HTO
Current"
AM HTO,Current,climate change,542,1.4259055382191783,"AM HTO
Current"
AM HTO,Current,climate change,543,1.2431352870989292,"AM HTO
Current"
AM HTO,Current,climate change,544,1.3599494661030527,"AM HTO
Current"
AM HTO,Current,climate change,545,1.3014369256760097,"AM HTO
Current"
AM HTO,Current,climate change,546,1.1078580121193344,"AM HTO
Current"
AM HTO,Current,climate change,547,1.2152555557086713,"AM HTO
Current"
AM HTO,Current,climate change,548,1.2200881007498674,"AM HTO
Current"
AM HTO,Current,climate change,549,1.2465980987044625,"AM HTO
Current"
AM HTO,Current,climate change,550,1.0314509902220055,"AM HTO
Current"
AM HTO,Current,climate change,551,1.5210624257664132,"AM HTO
Current"
AM HTO,Current,climate change,552,1.2145314224456996,"AM HTO
Current"
AM HTO,Current,climate change,553,1.407611807473631,"AM HTO
Current"
AM HTO,Current,climate change,554,1.4438987279258109,"AM HTO
Current"
AM HTO,Current,climate change,555,1.2411428009226773,"AM HTO
Current"
AM HTO,Current,climate change,556,1.3192158968626302,"AM HTO
Current"
AM HTO,Current,climate change,557,1.1384275749753388,"AM HTO
Current"
AM HTO,Current,climate change,558,1.5038507532778798,"AM HTO
Current"
AM HTO,Current,climate change,559,1.2566394999842183,"AM HTO
Current"
AM HTO,Current,climate change,560,1.1818810984616364,"AM HTO
Current"
AM HTO,Current,climate change,561,1.1223632052895487,"AM HTO
Current"
AM HTO,Current,climate change,562,1.0589348564806234,"AM HTO
Current"
AM HTO,Current,climate change,563,1.094755269738334,"AM HTO
Current"
AM HTO,Current,climate change,564,1.4118694333924549,"AM HTO
Current"
AM HTO,Current,climate change,565,1.218214044546924,"AM HTO
Current"
AM HTO,Current,climate change,566,1.2613101474382746,"AM HTO
Current"
AM HTO,Current,climate change,567,1.2269701057793,"AM HTO
Current"
AM HTO,Current,climate change,568,1.0559064583177185,"AM HTO
Current"
AM HTO,Current,climate change,569,1.1221245985888375,"AM HTO
Current"
AM HTO,Current,climate change,570,1.1122319599028707,"AM HTO
Current"
AM HTO,Current,climate change,571,1.458086802932956,"AM HTO
Current"
AM HTO,Current,climate change,572,1.185819654721563,"AM HTO
Current"
AM HTO,Current,climate change,573,1.2296390149460457,"AM HTO
Current"
AM HTO,Current,climate change,574,1.3602714789811852,"AM HTO
Current"
AM HTO,Current,climate change,575,1.1931142956783678,"AM HTO
Current"
AM HTO,Current,climate change,576,1.1448168852314127,"AM HTO
Current"
AM HTO,Current,climate change,577,1.3663550090568806,"AM HTO
Current"
AM HTO,Current,climate change,578,1.28659506984703,"AM HTO
Current"
AM HTO,Current,climate change,579,1.1658706736964415,"AM HTO
Current"
AM HTO,Current,climate change,580,1.1669374175890503,"AM HTO
Current"
AM HTO,Current,climate change,581,1.0694978510512025,"AM HTO
Current"
AM HTO,Current,climate change,582,1.1946218907434707,"AM HTO
Current"
AM HTO,Current,climate change,583,1.5854912954139326,"AM HTO
Current"
AM HTO,Current,climate change,584,1.3021114853303333,"AM HTO
Current"
AM HTO,Current,climate change,585,1.3271419061954042,"AM HTO
Current"
AM HTO,Current,climate change,586,1.3721293905484433,"AM HTO
Current"
AM HTO,Current,climate change,587,1.347942654835822,"AM HTO
Current"
AM HTO,Current,climate change,588,1.2010658784647923,"AM HTO
Current"
AM HTO,Current,climate change,589,1.3237685083378272,"AM HTO
Current"
AM HTO,Current,climate change,590,1.2795370392701064,"AM HTO
Current"
AM HTO,Current,climate change,591,1.112226243507444,"AM HTO
Current"
AM HTO,Current,climate change,592,1.481772929701882,"AM HTO
Current"
AM HTO,Current,climate change,593,1.2375143236968695,"AM HTO
Current"
AM HTO,Current,climate change,594,1.1503731154517285,"AM HTO
Current"
AM HTO,Current,climate change,595,1.3273140720685987,"AM HTO
Current"
AM HTO,Current,climate change,596,1.3113421552542137,"AM HTO
Current"
AM HTO,Current,climate change,597,1.295577878378971,"AM HTO
Current"
AM HTO,Current,climate change,598,1.2767417651738977,"AM HTO
Current"
AM HTO,Current,climate change,599,1.2449093517301884,"AM HTO
Current"
AM HTO,Current,climate change,600,1.1466780520825723,"AM HTO
Current"
AM HTO,Current,climate change,601,1.3138617178039895,"AM HTO
Current"
AM HTO,Current,climate change,602,1.1277293516679074,"AM HTO
Current"
AM HTO,Current,climate change,603,1.1026784435371753,"AM HTO
Current"
AM HTO,Current,climate change,604,1.1860135790810693,"AM HTO
Current"
AM HTO,Current,climate change,605,1.2022328948386165,"AM HTO
Current"
AM HTO,Current,climate change,606,1.227087886738183,"AM HTO
Current"
AM HTO,Current,climate change,607,1.3291882275401745,"AM HTO
Current"
AM HTO,Current,climate change,608,1.2089073107250463,"AM HTO
Current"
AM HTO,Current,climate change,609,1.2986248042951436,"AM HTO
Current"
AM HTO,Current,climate change,610,1.1601283441064885,"AM HTO
Current"
AM HTO,Current,climate change,611,1.2407751427183018,"AM HTO
Current"
AM HTO,Current,climate change,612,1.3985873442473615,"AM HTO
Current"
AM HTO,Current,climate change,613,1.100472174288813,"AM HTO
Current"
AM HTO,Current,climate change,614,1.1687539359041188,"AM HTO
Current"
AM HTO,Current,climate change,615,1.4558654441907595,"AM HTO
Current"
AM HTO,Current,climate change,616,1.5223374516028905,"AM HTO
Current"
AM HTO,Current,climate change,617,1.138688085809708,"AM HTO
Current"
AM HTO,Current,climate change,618,1.3265605733408454,"AM HTO
Current"
AM HTO,Current,climate change,619,1.436137183545196,"AM HTO
Current"
AM HTO,Current,climate change,620,1.290399198933665,"AM HTO
Current"
AM HTO,Current,climate change,621,1.1809497884673599,"AM HTO
Current"
AM HTO,Current,climate change,622,1.2059692314301964,"AM HTO
Current"
AM HTO,Current,climate change,623,1.3892473398005498,"AM HTO
Current"
AM HTO,Current,climate change,624,1.4380575725230602,"AM HTO
Current"
AM HTO,Current,climate change,625,1.3973394491275672,"AM HTO
Current"
AM HTO,Current,climate change,626,1.4328470684532106,"AM HTO
Current"
AM HTO,Current,climate change,627,1.3106393906461449,"AM HTO
Current"
AM HTO,Current,climate change,628,1.387240846069776,"AM HTO
Current"
AM HTO,Current,climate change,629,1.1133892959942833,"AM HTO
Current"
AM HTO,Current,climate change,630,1.2387101499439144,"AM HTO
Current"
AM HTO,Current,climate change,631,1.3136276881853355,"AM HTO
Current"
AM HTO,Current,climate change,632,1.069197338501145,"AM HTO
Current"
AM HTO,Current,climate change,633,1.4913539702030965,"AM HTO
Current"
AM HTO,Current,climate change,634,1.109622557059983,"AM HTO
Current"
AM HTO,Current,climate change,635,1.3335274467911575,"AM HTO
Current"
AM HTO,Current,climate change,636,1.359930679353007,"AM HTO
Current"
AM HTO,Current,climate change,637,1.2193321463123714,"AM HTO
Current"
AM HTO,Current,climate change,638,1.2913141919010171,"AM HTO
Current"
AM HTO,Current,climate change,639,1.187257056574196,"AM HTO
Current"
AM HTO,Current,climate change,640,1.2361505370418797,"AM HTO
Current"
AM HTO,Current,climate change,641,1.223136335403755,"AM HTO
Current"
AM HTO,Current,climate change,642,1.1620062901129216,"AM HTO
Current"
AM HTO,Current,climate change,643,1.3161986252526947,"AM HTO
Current"
AM HTO,Current,climate change,644,1.233886204963069,"AM HTO
Current"
AM HTO,Current,climate change,645,1.4020350683091534,"AM HTO
Current"
AM HTO,Current,climate change,646,1.2187272627805104,"AM HTO
Current"
AM HTO,Current,climate change,647,1.1723031138326758,"AM HTO
Current"
AM HTO,Current,climate change,648,1.1018950176687554,"AM HTO
Current"
AM HTO,Current,climate change,649,1.4678840497754,"AM HTO
Current"
AM HTO,Current,climate change,650,1.3386936654894146,"AM HTO
Current"
AM HTO,Current,climate change,651,1.355742258495449,"AM HTO
Current"
AM HTO,Current,climate change,652,1.3637549483214102,"AM HTO
Current"
AM HTO,Current,climate change,653,1.0478581747750035,"AM HTO
Current"
AM HTO,Current,climate change,654,1.0243110007460001,"AM HTO
Current"
AM HTO,Current,climate change,655,1.1455758878650049,"AM HTO
Current"
AM HTO,Current,climate change,656,1.1857570001264963,"AM HTO
Current"
AM HTO,Current,climate change,657,1.3802411557611531,"AM HTO
Current"
AM HTO,Current,climate change,658,1.183747059345758,"AM HTO
Current"
AM HTO,Current,climate change,659,1.1141124678922534,"AM HTO
Current"
AM HTO,Current,climate change,660,1.1677371520867805,"AM HTO
Current"
AM HTO,Current,climate change,661,1.435852140939348,"AM HTO
Current"
AM HTO,Current,climate change,662,1.1484440245848395,"AM HTO
Current"
AM HTO,Current,climate change,663,1.3466972039301308,"AM HTO
Current"
AM HTO,Current,climate change,664,1.3435570487355264,"AM HTO
Current"
AM HTO,Current,climate change,665,1.1680783273115283,"AM HTO
Current"
AM HTO,Current,climate change,666,1.397021080439524,"AM HTO
Current"
AM HTO,Current,climate change,667,1.378697313330112,"AM HTO
Current"
AM HTO,Current,climate change,668,1.2706810033537854,"AM HTO
Current"
AM HTO,Current,climate change,669,1.4519263877234427,"AM HTO
Current"
AM HTO,Current,climate change,670,1.1474502460357663,"AM HTO
Current"
AM HTO,Current,climate change,671,1.1170706181993635,"AM HTO
Current"
AM HTO,Current,climate change,672,1.1372214027155672,"AM HTO
Current"
AM HTO,Current,climate change,673,1.3563887409402735,"AM HTO
Current"
AM HTO,Current,climate change,674,1.395323082387877,"AM HTO
Current"
AM HTO,Current,climate change,675,1.2598589089933818,"AM HTO
Current"
AM HTO,Current,climate change,676,1.3057707550073547,"AM HTO
Current"
AM HTO,Current,climate change,677,1.200189172173308,"AM HTO
Current"
AM HTO,Current,climate change,678,1.245132587086675,"AM HTO
Current"
AM HTO,Current,climate change,679,1.2616155189307046,"AM HTO
Current"
AM HTO,Current,climate change,680,1.250139545121107,"AM HTO
Current"
AM HTO,Current,climate change,681,1.369954128694422,"AM HTO
Current"
AM HTO,Current,climate change,682,1.252007485771469,"AM HTO
Current"
AM HTO,Current,climate change,683,1.2121533868298076,"AM HTO
Current"
AM HTO,Current,climate change,684,1.4118050039565575,"AM HTO
Current"
AM HTO,Current,climate change,685,1.3107961745034362,"AM HTO
Current"
AM HTO,Current,climate change,686,1.215479069837536,"AM HTO
Current"
AM HTO,Current,climate change,687,1.4086189673655114,"AM HTO
Current"
AM HTO,Current,climate change,688,1.4369944375331407,"AM HTO
Current"
AM HTO,Current,climate change,689,1.3134431696821127,"AM HTO
Current"
AM HTO,Current,climate change,690,1.3143601875958482,"AM HTO
Current"
AM HTO,Current,climate change,691,1.2959088388696653,"AM HTO
Current"
AM HTO,Current,climate change,692,1.1426742575598305,"AM HTO
Current"
AM HTO,Current,climate change,693,1.18469890297409,"AM HTO
Current"
AM HTO,Current,climate change,694,1.1760012021428723,"AM HTO
Current"
AM HTO,Current,climate change,695,1.2534304807404166,"AM HTO
Current"
AM HTO,Current,climate change,696,1.1089045879234425,"AM HTO
Current"
AM HTO,Current,climate change,697,1.4233136189021607,"AM HTO
Current"
AM HTO,Current,climate change,698,1.1350885836770528,"AM HTO
Current"
AM HTO,Current,climate change,699,1.1731486685844044,"AM HTO
Current"
AM HTO,Current,climate change,700,1.2826851325365705,"AM HTO
Current"
AM HTO,Current,climate change,701,1.3227720634136715,"AM HTO
Current"
AM HTO,Current,climate change,702,1.2177336409118702,"AM HTO
Current"
AM HTO,Current,climate change,703,1.2142632997970222,"AM HTO
Current"
AM HTO,Current,climate change,704,1.2012534870957372,"AM HTO
Current"
AM HTO,Current,climate change,705,1.2606627056238082,"AM HTO
Current"
AM HTO,Current,climate change,706,1.2312435760210168,"AM HTO
Current"
AM HTO,Current,climate change,707,1.1473135021740704,"AM HTO
Current"
AM HTO,Current,climate change,708,1.1806019188588286,"AM HTO
Current"
AM HTO,Current,climate change,709,1.191594229382615,"AM HTO
Current"
AM HTO,Current,climate change,710,1.0843113455473463,"AM HTO
Current"
AM HTO,Current,climate change,711,1.3298442473595922,"AM HTO
Current"
AM HTO,Current,climate change,712,1.2926743982632933,"AM HTO
Current"
AM HTO,Current,climate change,713,1.1571971875269955,"AM HTO
Current"
AM HTO,Current,climate change,714,1.2663112461313186,"AM HTO
Current"
AM HTO,Current,climate change,715,1.2164657300624817,"AM HTO
Current"
AM HTO,Current,climate change,716,1.1060170123275015,"AM HTO
Current"
AM HTO,Current,climate change,717,1.3248072296963194,"AM HTO
Current"
AM HTO,Current,climate change,718,1.3235730921479516,"AM HTO
Current"
AM HTO,Current,climate change,719,1.3341057423351539,"AM HTO
Current"
AM HTO,Current,climate change,720,1.1587644625919005,"AM HTO
Current"
AM HTO,Current,climate change,721,1.1424661285416833,"AM HTO
Current"
AM HTO,Current,climate change,722,1.5018672416851229,"AM HTO
Current"
AM HTO,Current,climate change,723,1.2184658577229275,"AM HTO
Current"
AM HTO,Current,climate change,724,1.3180175362373734,"AM HTO
Current"
AM HTO,Current,climate change,725,1.2110137284238478,"AM HTO
Current"
AM HTO,Current,climate change,726,1.2468878992131138,"AM HTO
Current"
AM HTO,Current,climate change,727,1.2527520598731998,"AM HTO
Current"
AM HTO,Current,climate change,728,1.1429304011401098,"AM HTO
Current"
AM HTO,Current,climate change,729,1.361495673199954,"AM HTO
Current"
AM HTO,Current,climate change,730,1.2897408692001797,"AM HTO
Current"
AM HTO,Current,climate change,731,1.311747726039126,"AM HTO
Current"
AM HTO,Current,climate change,732,1.230373874980052,"AM HTO
Current"
AM HTO,Current,climate change,733,1.377488923343425,"AM HTO
Current"
AM HTO,Current,climate change,734,1.1079517923017097,"AM HTO
Current"
AM HTO,Current,climate change,735,1.3055589730603543,"AM HTO
Current"
AM HTO,Current,climate change,736,1.336244314443095,"AM HTO
Current"
AM HTO,Current,climate change,737,1.2021088418252803,"AM HTO
Current"
AM HTO,Current,climate change,738,1.3369043028432857,"AM HTO
Current"
AM HTO,Current,climate change,739,1.0914712337406391,"AM HTO
Current"
AM HTO,Current,climate change,740,1.0856716555217965,"AM HTO
Current"
AM HTO,Current,climate change,741,1.1499687835346475,"AM HTO
Current"
AM HTO,Current,climate change,742,1.2627400403172897,"AM HTO
Current"
AM HTO,Current,climate change,743,1.4809683968334497,"AM HTO
Current"
AM HTO,Current,climate change,744,1.095229810528374,"AM HTO
Current"
AM HTO,Current,climate change,745,1.1643676611495017,"AM HTO
Current"
AM HTO,Current,climate change,746,1.0739632949243585,"AM HTO
Current"
AM HTO,Current,climate change,747,1.0978224292630223,"AM HTO
Current"
AM HTO,Current,climate change,748,1.405527429157396,"AM HTO
Current"
AM HTO,Current,climate change,749,1.1691064614950883,"AM HTO
Current"
AM HTO,Current,climate change,750,1.0665478820845455,"AM HTO
Current"
AM HTO,Current,climate change,751,1.1830786613875945,"AM HTO
Current"
AM HTO,Current,climate change,752,1.116815706694719,"AM HTO
Current"
AM HTO,Current,climate change,753,1.2531754804804236,"AM HTO
Current"
AM HTO,Current,climate change,754,1.442174117333327,"AM HTO
Current"
AM HTO,Current,climate change,755,1.2978889589793248,"AM HTO
Current"
AM HTO,Current,climate change,756,1.101659473589134,"AM HTO
Current"
AM HTO,Current,climate change,757,1.3430772773000523,"AM HTO
Current"
AM HTO,Current,climate change,758,1.3727972868015013,"AM HTO
Current"
AM HTO,Current,climate change,759,1.1973445213532887,"AM HTO
Current"
AM HTO,Current,climate change,760,1.4319771900917782,"AM HTO
Current"
AM HTO,Current,climate change,761,1.2931116268667546,"AM HTO
Current"
AM HTO,Current,climate change,762,1.1558043497666433,"AM HTO
Current"
AM HTO,Current,climate change,763,1.4682041057254918,"AM HTO
Current"
AM HTO,Current,climate change,764,1.3390245649169887,"AM HTO
Current"
AM HTO,Current,climate change,765,1.2559664684553988,"AM HTO
Current"
AM HTO,Current,climate change,766,1.1448423199783313,"AM HTO
Current"
AM HTO,Current,climate change,767,1.3402642077865505,"AM HTO
Current"
AM HTO,Current,climate change,768,1.3266538397395584,"AM HTO
Current"
AM HTO,Current,climate change,769,1.1918374771154128,"AM HTO
Current"
AM HTO,Current,climate change,770,1.2379004533162519,"AM HTO
Current"
AM HTO,Current,climate change,771,1.1651686445023872,"AM HTO
Current"
AM HTO,Current,climate change,772,1.2154712186284424,"AM HTO
Current"
AM HTO,Current,climate change,773,1.3017290758792224,"AM HTO
Current"
AM HTO,Current,climate change,774,1.2809551796314742,"AM HTO
Current"
AM HTO,Current,climate change,775,1.2656441012999238,"AM HTO
Current"
AM HTO,Current,climate change,776,1.2151504055435418,"AM HTO
Current"
AM HTO,Current,climate change,777,1.4310387719981963,"AM HTO
Current"
AM HTO,Current,climate change,778,1.2836296698721963,"AM HTO
Current"
AM HTO,Current,climate change,779,1.296875558266752,"AM HTO
Current"
AM HTO,Current,climate change,780,1.134731871023216,"AM HTO
Current"
AM HTO,Current,climate change,781,1.2219566594994107,"AM HTO
Current"
AM HTO,Current,climate change,782,1.285031044561928,"AM HTO
Current"
AM HTO,Current,climate change,783,1.3591637972332693,"AM HTO
Current"
AM HTO,Current,climate change,784,1.3237444437498964,"AM HTO
Current"
AM HTO,Current,climate change,785,1.187679275234908,"AM HTO
Current"
AM HTO,Current,climate change,786,1.4060715406796307,"AM HTO
Current"
AM HTO,Current,climate change,787,1.3645292295491158,"AM HTO
Current"
AM HTO,Current,climate change,788,0.9888048855553898,"AM HTO
Current"
AM HTO,Current,climate change,789,1.1878354456077589,"AM HTO
Current"
AM HTO,Current,climate change,790,1.0696153259618797,"AM HTO
Current"
AM HTO,Current,climate change,791,1.2741702708887337,"AM HTO
Current"
AM HTO,Current,climate change,792,1.2256770582984382,"AM HTO
Current"
AM HTO,Current,climate change,793,1.1635741884390283,"AM HTO
Current"
AM HTO,Current,climate change,794,1.4641138393894744,"AM HTO
Current"
AM HTO,Current,climate change,795,1.4298294155205693,"AM HTO
Current"
AM HTO,Current,climate change,796,1.0982293758390553,"AM HTO
Current"
AM HTO,Current,climate change,797,1.2850443106690461,"AM HTO
Current"
AM HTO,Current,climate change,798,1.1488417940188485,"AM HTO
Current"
AM HTO,Current,climate change,799,1.415370234108075,"AM HTO
Current"
AM HTO,Current,climate change,800,1.337180047071008,"AM HTO
Current"
AM HTO,Current,climate change,801,1.4566166088994568,"AM HTO
Current"
AM HTO,Current,climate change,802,1.325789403062413,"AM HTO
Current"
AM HTO,Current,climate change,803,1.1867945847674046,"AM HTO
Current"
AM HTO,Current,climate change,804,1.3126778266798504,"AM HTO
Current"
AM HTO,Current,climate change,805,1.2883803453965317,"AM HTO
Current"
AM HTO,Current,climate change,806,1.075994925834449,"AM HTO
Current"
AM HTO,Current,climate change,807,1.3974079646082744,"AM HTO
Current"
AM HTO,Current,climate change,808,1.3509105020591947,"AM HTO
Current"
AM HTO,Current,climate change,809,1.1210957034063875,"AM HTO
Current"
AM HTO,Current,climate change,810,1.4433165253828462,"AM HTO
Current"
AM HTO,Current,climate change,811,1.2450904003013543,"AM HTO
Current"
AM HTO,Current,climate change,812,1.041935408226338,"AM HTO
Current"
AM HTO,Current,climate change,813,1.34841785500479,"AM HTO
Current"
AM HTO,Current,climate change,814,1.1673937342936742,"AM HTO
Current"
AM HTO,Current,climate change,815,1.1836360680087659,"AM HTO
Current"
AM HTO,Current,climate change,816,1.140609563628557,"AM HTO
Current"
AM HTO,Current,climate change,817,1.2324535935224714,"AM HTO
Current"
AM HTO,Current,climate change,818,1.4780867987846658,"AM HTO
Current"
AM HTO,Current,climate change,819,1.2894459556463396,"AM HTO
Current"
AM HTO,Current,climate change,820,1.2546780374789963,"AM HTO
Current"
AM HTO,Current,climate change,821,1.3901897228238655,"AM HTO
Current"
AM HTO,Current,climate change,822,1.2105987843253816,"AM HTO
Current"
AM HTO,Current,climate change,823,1.4215310664691498,"AM HTO
Current"
AM HTO,Current,climate change,824,1.1639460710637473,"AM HTO
Current"
AM HTO,Current,climate change,825,1.3744569471125216,"AM HTO
Current"
AM HTO,Current,climate change,826,1.1273202185410662,"AM HTO
Current"
AM HTO,Current,climate change,827,1.2812526067898644,"AM HTO
Current"
AM HTO,Current,climate change,828,1.3549539468710123,"AM HTO
Current"
AM HTO,Current,climate change,829,1.2195329187377573,"AM HTO
Current"
AM HTO,Current,climate change,830,1.2944874466887444,"AM HTO
Current"
AM HTO,Current,climate change,831,1.5674574939199324,"AM HTO
Current"
AM HTO,Current,climate change,832,1.3415420250497752,"AM HTO
Current"
AM HTO,Current,climate change,833,1.448995013151162,"AM HTO
Current"
AM HTO,Current,climate change,834,1.2608285950052351,"AM HTO
Current"
AM HTO,Current,climate change,835,1.4493398703349876,"AM HTO
Current"
AM HTO,Current,climate change,836,1.5758755791035859,"AM HTO
Current"
AM HTO,Current,climate change,837,1.1931918252554936,"AM HTO
Current"
AM HTO,Current,climate change,838,1.322942005622238,"AM HTO
Current"
AM HTO,Current,climate change,839,1.17277150948421,"AM HTO
Current"
AM HTO,Current,climate change,840,1.0863065447794682,"AM HTO
Current"
AM HTO,Current,climate change,841,1.2412347195161726,"AM HTO
Current"
AM HTO,Current,climate change,842,1.2521865557641312,"AM HTO
Current"
AM HTO,Current,climate change,843,1.3793934066903373,"AM HTO
Current"
AM HTO,Current,climate change,844,1.3040252570820652,"AM HTO
Current"
AM HTO,Current,climate change,845,1.0511520946928565,"AM HTO
Current"
AM HTO,Current,climate change,846,1.1876319150383814,"AM HTO
Current"
AM HTO,Current,climate change,847,1.3297519527655852,"AM HTO
Current"
AM HTO,Current,climate change,848,1.20290225801694,"AM HTO
Current"
AM HTO,Current,climate change,849,1.3069926420436606,"AM HTO
Current"
AM HTO,Current,climate change,850,1.1802309016046235,"AM HTO
Current"
AM HTO,Current,climate change,851,1.1895314221921678,"AM HTO
Current"
AM HTO,Current,climate change,852,1.5715304995195738,"AM HTO
Current"
AM HTO,Current,climate change,853,1.376862121442254,"AM HTO
Current"
AM HTO,Current,climate change,854,1.1192779068035068,"AM HTO
Current"
AM HTO,Current,climate change,855,1.1018517632435914,"AM HTO
Current"
AM HTO,Current,climate change,856,1.4589162650221563,"AM HTO
Current"
AM HTO,Current,climate change,857,1.1931224453013893,"AM HTO
Current"
AM HTO,Current,climate change,858,1.4821990632627688,"AM HTO
Current"
AM HTO,Current,climate change,859,1.2280470481581256,"AM HTO
Current"
AM HTO,Current,climate change,860,1.1712783668894433,"AM HTO
Current"
AM HTO,Current,climate change,861,1.43994183849424,"AM HTO
Current"
AM HTO,Current,climate change,862,1.2058255709327006,"AM HTO
Current"
AM HTO,Current,climate change,863,1.267863182170478,"AM HTO
Current"
AM HTO,Current,climate change,864,1.0910573683836,"AM HTO
Current"
AM HTO,Current,climate change,865,1.2785083668419948,"AM HTO
Current"
AM HTO,Current,climate change,866,1.166338957006564,"AM HTO
Current"
AM HTO,Current,climate change,867,1.3973454791597888,"AM HTO
Current"
AM HTO,Current,climate change,868,1.0878749651275004,"AM HTO
Current"
AM HTO,Current,climate change,869,1.4847677635599403,"AM HTO
Current"
AM HTO,Current,climate change,870,1.1626939385203814,"AM HTO
Current"
AM HTO,Current,climate change,871,1.291496813606296,"AM HTO
Current"
AM HTO,Current,climate change,872,1.1124907753942659,"AM HTO
Current"
AM HTO,Current,climate change,873,1.0942915579045582,"AM HTO
Current"
AM HTO,Current,climate change,874,1.4174382699409729,"AM HTO
Current"
AM HTO,Current,climate change,875,1.2319992337704408,"AM HTO
Current"
AM HTO,Current,climate change,876,1.2214974384764428,"AM HTO
Current"
AM HTO,Current,climate change,877,1.5459294338213512,"AM HTO
Current"
AM HTO,Current,climate change,878,1.1999483770581927,"AM HTO
Current"
AM HTO,Current,climate change,879,1.2057171083880598,"AM HTO
Current"
AM HTO,Current,climate change,880,1.3598206945344238,"AM HTO
Current"
AM HTO,Current,climate change,881,1.2990017956481428,"AM HTO
Current"
AM HTO,Current,climate change,882,1.1218934512918932,"AM HTO
Current"
AM HTO,Current,climate change,883,1.2468097409870205,"AM HTO
Current"
AM HTO,Current,climate change,884,1.3372201455622243,"AM HTO
Current"
AM HTO,Current,climate change,885,1.3055750494572242,"AM HTO
Current"
AM HTO,Current,climate change,886,1.1419609792064163,"AM HTO
Current"
AM HTO,Current,climate change,887,1.2461691583160899,"AM HTO
Current"
AM HTO,Current,climate change,888,1.27131484942801,"AM HTO
Current"
AM HTO,Current,climate change,889,1.1221179684338007,"AM HTO
Current"
AM HTO,Current,climate change,890,1.364178484975838,"AM HTO
Current"
AM HTO,Current,climate change,891,1.3763056669031135,"AM HTO
Current"
AM HTO,Current,climate change,892,1.357675884382211,"AM HTO
Current"
AM HTO,Current,climate change,893,1.5336107287034484,"AM HTO
Current"
AM HTO,Current,climate change,894,1.2342897471264724,"AM HTO
Current"
AM HTO,Current,climate change,895,1.0541702931217773,"AM HTO
Current"
AM HTO,Current,climate change,896,1.135507070385237,"AM HTO
Current"
AM HTO,Current,climate change,897,1.0803532552259765,"AM HTO
Current"
AM HTO,Current,climate change,898,1.2392175552505045,"AM HTO
Current"
AM HTO,Current,climate change,899,1.1672094423929689,"AM HTO
Current"
AM HTO,Current,climate change,900,1.1322709954967511,"AM HTO
Current"
AM HTO,Current,climate change,901,1.2641437929348522,"AM HTO
Current"
AM HTO,Current,climate change,902,1.4128361017220128,"AM HTO
Current"
AM HTO,Current,climate change,903,1.245828616660145,"AM HTO
Current"
AM HTO,Current,climate change,904,1.447154294301611,"AM HTO
Current"
AM HTO,Current,climate change,905,1.104976609033792,"AM HTO
Current"
AM HTO,Current,climate change,906,1.1012670487754461,"AM HTO
Current"
AM HTO,Current,climate change,907,1.2197037346810429,"AM HTO
Current"
AM HTO,Current,climate change,908,1.2229649982451356,"AM HTO
Current"
AM HTO,Current,climate change,909,1.4024917354676545,"AM HTO
Current"
AM HTO,Current,climate change,910,1.1631248429297172,"AM HTO
Current"
AM HTO,Current,climate change,911,1.3255070388890855,"AM HTO
Current"
AM HTO,Current,climate change,912,1.2549589717614447,"AM HTO
Current"
AM HTO,Current,climate change,913,1.2120467530004237,"AM HTO
Current"
AM HTO,Current,climate change,914,1.0962286507255252,"AM HTO
Current"
AM HTO,Current,climate change,915,1.5475987130649889,"AM HTO
Current"
AM HTO,Current,climate change,916,1.4399478760596154,"AM HTO
Current"
AM HTO,Current,climate change,917,1.1760306061845123,"AM HTO
Current"
AM HTO,Current,climate change,918,1.2623868829985214,"AM HTO
Current"
AM HTO,Current,climate change,919,1.4037550836386585,"AM HTO
Current"
AM HTO,Current,climate change,920,1.350690750443765,"AM HTO
Current"
AM HTO,Current,climate change,921,1.223571600454454,"AM HTO
Current"
AM HTO,Current,climate change,922,1.075160739350951,"AM HTO
Current"
AM HTO,Current,climate change,923,1.2103624965738076,"AM HTO
Current"
AM HTO,Current,climate change,924,1.209981269726142,"AM HTO
Current"
AM HTO,Current,climate change,925,1.2962882586091455,"AM HTO
Current"
AM HTO,Current,climate change,926,1.2054676346208435,"AM HTO
Current"
AM HTO,Current,climate change,927,1.1992100144442253,"AM HTO
Current"
AM HTO,Current,climate change,928,1.1649561441741672,"AM HTO
Current"
AM HTO,Current,climate change,929,1.384533306494333,"AM HTO
Current"
AM HTO,Current,climate change,930,1.1426180882476362,"AM HTO
Current"
AM HTO,Current,climate change,931,1.3168297468175139,"AM HTO
Current"
AM HTO,Current,climate change,932,1.157617583103413,"AM HTO
Current"
AM HTO,Current,climate change,933,1.2205995836169679,"AM HTO
Current"
AM HTO,Current,climate change,934,1.1554246375298656,"AM HTO
Current"
AM HTO,Current,climate change,935,1.211084156549935,"AM HTO
Current"
AM HTO,Current,climate change,936,1.3713100380136298,"AM HTO
Current"
AM HTO,Current,climate change,937,1.305225637735043,"AM HTO
Current"
AM HTO,Current,climate change,938,1.3081869506072847,"AM HTO
Current"
AM HTO,Current,climate change,939,1.2501460248988352,"AM HTO
Current"
AM HTO,Current,climate change,940,1.0407837932037354,"AM HTO
Current"
AM HTO,Current,climate change,941,1.1413861545894404,"AM HTO
Current"
AM HTO,Current,climate change,942,1.290592620097259,"AM HTO
Current"
AM HTO,Current,climate change,943,1.2513070484348496,"AM HTO
Current"
AM HTO,Current,climate change,944,1.1656086317783947,"AM HTO
Current"
AM HTO,Current,climate change,945,1.3065493735173002,"AM HTO
Current"
AM HTO,Current,climate change,946,1.152408995264897,"AM HTO
Current"
AM HTO,Current,climate change,947,1.3276570102854524,"AM HTO
Current"
AM HTO,Current,climate change,948,1.1420148366034037,"AM HTO
Current"
AM HTO,Current,climate change,949,1.3736163194950588,"AM HTO
Current"
AM HTO,Current,climate change,950,1.3419053901340732,"AM HTO
Current"
AM HTO,Current,climate change,951,1.1250673725989393,"AM HTO
Current"
AM HTO,Current,climate change,952,1.273399411715737,"AM HTO
Current"
AM HTO,Current,climate change,953,1.401472974779603,"AM HTO
Current"
AM HTO,Current,climate change,954,1.2600998085655375,"AM HTO
Current"
AM HTO,Current,climate change,955,1.1344633630224208,"AM HTO
Current"
AM HTO,Current,climate change,956,1.1668147744946769,"AM HTO
Current"
AM HTO,Current,climate change,957,1.2519302184773433,"AM HTO
Current"
AM HTO,Current,climate change,958,1.4458577462710287,"AM HTO
Current"
AM HTO,Current,climate change,959,1.2539614560032886,"AM HTO
Current"
AM HTO,Current,climate change,960,1.1893264983528269,"AM HTO
Current"
AM HTO,Current,climate change,961,1.2433178448263642,"AM HTO
Current"
AM HTO,Current,climate change,962,1.205370568132263,"AM HTO
Current"
AM HTO,Current,climate change,963,1.281619965962484,"AM HTO
Current"
AM HTO,Current,climate change,964,1.329099203960691,"AM HTO
Current"
AM HTO,Current,climate change,965,1.3588154284270815,"AM HTO
Current"
AM HTO,Current,climate change,966,1.2867385399888693,"AM HTO
Current"
AM HTO,Current,climate change,967,1.0561156320385774,"AM HTO
Current"
AM HTO,Current,climate change,968,1.3346202963331144,"AM HTO
Current"
AM HTO,Current,climate change,969,1.3012111951677883,"AM HTO
Current"
AM HTO,Current,climate change,970,1.2502927619276105,"AM HTO
Current"
AM HTO,Current,climate change,971,1.416263926651981,"AM HTO
Current"
AM HTO,Current,climate change,972,1.2725823851015092,"AM HTO
Current"
AM HTO,Current,climate change,973,1.274938843335439,"AM HTO
Current"
AM HTO,Current,climate change,974,1.2117369738771357,"AM HTO
Current"
AM HTO,Current,climate change,975,1.1407184634144674,"AM HTO
Current"
AM HTO,Current,climate change,976,1.2136143592331785,"AM HTO
Current"
AM HTO,Current,climate change,977,1.138476092308435,"AM HTO
Current"
AM HTO,Current,climate change,978,1.4276050390636406,"AM HTO
Current"
AM HTO,Current,climate change,979,1.3432361092570444,"AM HTO
Current"
AM HTO,Current,climate change,980,1.349160706697657,"AM HTO
Current"
AM HTO,Current,climate change,981,1.2783840499163126,"AM HTO
Current"
AM HTO,Current,climate change,982,1.230014086472781,"AM HTO
Current"
AM HTO,Current,climate change,983,1.4621668376196828,"AM HTO
Current"
AM HTO,Current,climate change,984,1.6031922583694753,"AM HTO
Current"
AM HTO,Current,climate change,985,1.12781899585047,"AM HTO
Current"
AM HTO,Current,climate change,986,1.4483995139783168,"AM HTO
Current"
AM HTO,Current,climate change,987,1.140603147582658,"AM HTO
Current"
AM HTO,Current,climate change,988,1.440829387871552,"AM HTO
Current"
AM HTO,Current,climate change,989,1.1941838857050886,"AM HTO
Current"
AM HTO,Current,climate change,990,1.3649579402625611,"AM HTO
Current"
AM HTO,Current,climate change,991,1.2105648445777584,"AM HTO
Current"
AM HTO,Current,climate change,992,1.2333721942852014,"AM HTO
Current"
AM HTO,Current,climate change,993,1.1366692320346545,"AM HTO
Current"
AM HTO,Current,climate change,994,1.2194960354169107,"AM HTO
Current"
AM HTO,Current,climate change,995,1.1956114591981268,"AM HTO
Current"
AM HTO,Current,climate change,996,1.2881588440879317,"AM HTO
Current"
AM HTO,Current,climate change,997,1.2369513311350004,"AM HTO
Current"
AM HTO,Current,climate change,998,1.185064503401475,"AM HTO
Current"
AM HTO,Current,climate change,999,1.242210029236012,"AM HTO
Current"
AM HTO,Greener,climate change,0,1.0588157790680048,"AM HTO
Greener"
AM HTO,Greener,climate change,1,0.9885851658859222,"AM HTO
Greener"
AM HTO,Greener,climate change,2,1.0818527997722627,"AM HTO
Greener"
AM HTO,Greener,climate change,3,1.0347305362079808,"AM HTO
Greener"
AM HTO,Greener,climate change,4,0.9251210069861807,"AM HTO
Greener"
AM HTO,Greener,climate change,5,1.1272117061832712,"AM HTO
Greener"
AM HTO,Greener,climate change,6,0.9778088124466577,"AM HTO
Greener"
AM HTO,Greener,climate change,7,1.218379330763201,"AM HTO
Greener"
AM HTO,Greener,climate change,8,1.0030482285645033,"AM HTO
Greener"
AM HTO,Greener,climate change,9,1.0264473112918981,"AM HTO
Greener"
AM HTO,Greener,climate change,10,1.1524918949972915,"AM HTO
Greener"
AM HTO,Greener,climate change,11,0.9373695628297767,"AM HTO
Greener"
AM HTO,Greener,climate change,12,0.9264525214390275,"AM HTO
Greener"
AM HTO,Greener,climate change,13,0.9319959655531047,"AM HTO
Greener"
AM HTO,Greener,climate change,14,1.0622102936632623,"AM HTO
Greener"
AM HTO,Greener,climate change,15,0.9763821726943054,"AM HTO
Greener"
AM HTO,Greener,climate change,16,1.066451553035673,"AM HTO
Greener"
AM HTO,Greener,climate change,17,0.7904592364594725,"AM HTO
Greener"
AM HTO,Greener,climate change,18,1.0954945015928794,"AM HTO
Greener"
AM HTO,Greener,climate change,19,1.0262393349709067,"AM HTO
Greener"
AM HTO,Greener,climate change,20,1.0003478354207584,"AM HTO
Greener"
AM HTO,Greener,climate change,21,0.7574180816187288,"AM HTO
Greener"
AM HTO,Greener,climate change,22,1.0460251470972,"AM HTO
Greener"
AM HTO,Greener,climate change,23,0.952407222832239,"AM HTO
Greener"
AM HTO,Greener,climate change,24,0.8867845644566204,"AM HTO
Greener"
AM HTO,Greener,climate change,25,0.9577175182951291,"AM HTO
Greener"
AM HTO,Greener,climate change,26,1.1576705354254244,"AM HTO
Greener"
AM HTO,Greener,climate change,27,0.9242350335022944,"AM HTO
Greener"
AM HTO,Greener,climate change,28,0.9414252964043662,"AM HTO
Greener"
AM HTO,Greener,climate change,29,0.7888871728126985,"AM HTO
Greener"
AM HTO,Greener,climate change,30,1.153509163096427,"AM HTO
Greener"
AM HTO,Greener,climate change,31,0.9698614669439362,"AM HTO
Greener"
AM HTO,Greener,climate change,32,1.2279723982265238,"AM HTO
Greener"
AM HTO,Greener,climate change,33,0.9417823769645272,"AM HTO
Greener"
AM HTO,Greener,climate change,34,0.9298265585949129,"AM HTO
Greener"
AM HTO,Greener,climate change,35,0.9901819304792252,"AM HTO
Greener"
AM HTO,Greener,climate change,36,0.8779181242962737,"AM HTO
Greener"
AM HTO,Greener,climate change,37,1.0426213641171653,"AM HTO
Greener"
AM HTO,Greener,climate change,38,0.8282367284100173,"AM HTO
Greener"
AM HTO,Greener,climate change,39,0.8352690136083216,"AM HTO
Greener"
AM HTO,Greener,climate change,40,1.0349106386744615,"AM HTO
Greener"
AM HTO,Greener,climate change,41,0.9613710721747614,"AM HTO
Greener"
AM HTO,Greener,climate change,42,1.0960196179541575,"AM HTO
Greener"
AM HTO,Greener,climate change,43,0.9572568247519191,"AM HTO
Greener"
AM HTO,Greener,climate change,44,1.1382824785254455,"AM HTO
Greener"
AM HTO,Greener,climate change,45,1.1261880126448711,"AM HTO
Greener"
AM HTO,Greener,climate change,46,1.047487871317885,"AM HTO
Greener"
AM HTO,Greener,climate change,47,1.020561604784952,"AM HTO
Greener"
AM HTO,Greener,climate change,48,1.0507032008951211,"AM HTO
Greener"
AM HTO,Greener,climate change,49,1.1153620984081831,"AM HTO
Greener"
AM HTO,Greener,climate change,50,0.9409934805999614,"AM HTO
Greener"
AM HTO,Greener,climate change,51,1.017732776020429,"AM HTO
Greener"
AM HTO,Greener,climate change,52,0.958419535335636,"AM HTO
Greener"
AM HTO,Greener,climate change,53,0.9953957632448549,"AM HTO
Greener"
AM HTO,Greener,climate change,54,1.2030178424444078,"AM HTO
Greener"
AM HTO,Greener,climate change,55,0.7592132159484297,"AM HTO
Greener"
AM HTO,Greener,climate change,56,1.1052256931422826,"AM HTO
Greener"
AM HTO,Greener,climate change,57,0.8061873159746196,"AM HTO
Greener"
AM HTO,Greener,climate change,58,0.8747322825070803,"AM HTO
Greener"
AM HTO,Greener,climate change,59,0.9543855920233857,"AM HTO
Greener"
AM HTO,Greener,climate change,60,1.1729753049360292,"AM HTO
Greener"
AM HTO,Greener,climate change,61,0.7985910906504738,"AM HTO
Greener"
AM HTO,Greener,climate change,62,1.0579087796489337,"AM HTO
Greener"
AM HTO,Greener,climate change,63,1.2094159129211361,"AM HTO
Greener"
AM HTO,Greener,climate change,64,0.9478982380014014,"AM HTO
Greener"
AM HTO,Greener,climate change,65,1.0858448076370382,"AM HTO
Greener"
AM HTO,Greener,climate change,66,1.0718966254177549,"AM HTO
Greener"
AM HTO,Greener,climate change,67,0.8676350557951326,"AM HTO
Greener"
AM HTO,Greener,climate change,68,0.9925230692105643,"AM HTO
Greener"
AM HTO,Greener,climate change,69,1.1653818092310408,"AM HTO
Greener"
AM HTO,Greener,climate change,70,0.9942376097409902,"AM HTO
Greener"
AM HTO,Greener,climate change,71,1.1186955257183486,"AM HTO
Greener"
AM HTO,Greener,climate change,72,1.0757762214574813,"AM HTO
Greener"
AM HTO,Greener,climate change,73,0.8821051038347673,"AM HTO
Greener"
AM HTO,Greener,climate change,74,0.9493757246674326,"AM HTO
Greener"
AM HTO,Greener,climate change,75,0.9003827039753324,"AM HTO
Greener"
AM HTO,Greener,climate change,76,0.950710784985076,"AM HTO
Greener"
AM HTO,Greener,climate change,77,0.9697818151706546,"AM HTO
Greener"
AM HTO,Greener,climate change,78,1.009245031460669,"AM HTO
Greener"
AM HTO,Greener,climate change,79,1.0317251850943139,"AM HTO
Greener"
AM HTO,Greener,climate change,80,1.068706698151342,"AM HTO
Greener"
AM HTO,Greener,climate change,81,1.2762365919246261,"AM HTO
Greener"
AM HTO,Greener,climate change,82,0.8874852250308087,"AM HTO
Greener"
AM HTO,Greener,climate change,83,1.1694155993698847,"AM HTO
Greener"
AM HTO,Greener,climate change,84,0.9644796923300917,"AM HTO
Greener"
AM HTO,Greener,climate change,85,0.9070368478672525,"AM HTO
Greener"
AM HTO,Greener,climate change,86,0.9308369603195648,"AM HTO
Greener"
AM HTO,Greener,climate change,87,1.0113687100998672,"AM HTO
Greener"
AM HTO,Greener,climate change,88,0.9606784917348454,"AM HTO
Greener"
AM HTO,Greener,climate change,89,1.045671166167889,"AM HTO
Greener"
AM HTO,Greener,climate change,90,1.2102292082643311,"AM HTO
Greener"
AM HTO,Greener,climate change,91,0.9316031278371641,"AM HTO
Greener"
AM HTO,Greener,climate change,92,0.899779961430907,"AM HTO
Greener"
AM HTO,Greener,climate change,93,1.172525641597639,"AM HTO
Greener"
AM HTO,Greener,climate change,94,1.0016772028112808,"AM HTO
Greener"
AM HTO,Greener,climate change,95,1.130182365754855,"AM HTO
Greener"
AM HTO,Greener,climate change,96,1.0344856029202318,"AM HTO
Greener"
AM HTO,Greener,climate change,97,0.91402895779842,"AM HTO
Greener"
AM HTO,Greener,climate change,98,0.9484648068016716,"AM HTO
Greener"
AM HTO,Greener,climate change,99,0.9516144697471446,"AM HTO
Greener"
AM HTO,Greener,climate change,100,0.8629398993168056,"AM HTO
Greener"
AM HTO,Greener,climate change,101,1.0545200995257424,"AM HTO
Greener"
AM HTO,Greener,climate change,102,1.0236776208155556,"AM HTO
Greener"
AM HTO,Greener,climate change,103,1.0038194186394445,"AM HTO
Greener"
AM HTO,Greener,climate change,104,1.1540595318084887,"AM HTO
Greener"
AM HTO,Greener,climate change,105,1.0155937915530449,"AM HTO
Greener"
AM HTO,Greener,climate change,106,0.8886641684975872,"AM HTO
Greener"
AM HTO,Greener,climate change,107,1.0449101046923344,"AM HTO
Greener"
AM HTO,Greener,climate change,108,0.7647747043168931,"AM HTO
Greener"
AM HTO,Greener,climate change,109,0.9174983833321196,"AM HTO
Greener"
AM HTO,Greener,climate change,110,1.023586152251129,"AM HTO
Greener"
AM HTO,Greener,climate change,111,0.851672928552874,"AM HTO
Greener"
AM HTO,Greener,climate change,112,0.9312647972953532,"AM HTO
Greener"
AM HTO,Greener,climate change,113,1.020949279152822,"AM HTO
Greener"
AM HTO,Greener,climate change,114,0.918287762755055,"AM HTO
Greener"
AM HTO,Greener,climate change,115,0.9144066900897675,"AM HTO
Greener"
AM HTO,Greener,climate change,116,1.2564654304932101,"AM HTO
Greener"
AM HTO,Greener,climate change,117,0.8289763781520024,"AM HTO
Greener"
AM HTO,Greener,climate change,118,1.0793021363871211,"AM HTO
Greener"
AM HTO,Greener,climate change,119,0.9270798112790005,"AM HTO
Greener"
AM HTO,Greener,climate change,120,1.2145674144921774,"AM HTO
Greener"
AM HTO,Greener,climate change,121,0.8518946428486777,"AM HTO
Greener"
AM HTO,Greener,climate change,122,0.9129263881466793,"AM HTO
Greener"
AM HTO,Greener,climate change,123,0.9618688002392685,"AM HTO
Greener"
AM HTO,Greener,climate change,124,0.9143606244730865,"AM HTO
Greener"
AM HTO,Greener,climate change,125,0.9729074629501564,"AM HTO
Greener"
AM HTO,Greener,climate change,126,0.8609862337188356,"AM HTO
Greener"
AM HTO,Greener,climate change,127,0.9732199232304897,"AM HTO
Greener"
AM HTO,Greener,climate change,128,1.0685888822374494,"AM HTO
Greener"
AM HTO,Greener,climate change,129,0.8745597928768454,"AM HTO
Greener"
AM HTO,Greener,climate change,130,0.8711400472447001,"AM HTO
Greener"
AM HTO,Greener,climate change,131,0.8567575606170136,"AM HTO
Greener"
AM HTO,Greener,climate change,132,0.865885249480777,"AM HTO
Greener"
AM HTO,Greener,climate change,133,1.144107725245191,"AM HTO
Greener"
AM HTO,Greener,climate change,134,0.9824123649023822,"AM HTO
Greener"
AM HTO,Greener,climate change,135,0.9476599963981945,"AM HTO
Greener"
AM HTO,Greener,climate change,136,1.0791278438403455,"AM HTO
Greener"
AM HTO,Greener,climate change,137,0.8551660938254383,"AM HTO
Greener"
AM HTO,Greener,climate change,138,0.8017485113845269,"AM HTO
Greener"
AM HTO,Greener,climate change,139,0.8146409814822978,"AM HTO
Greener"
AM HTO,Greener,climate change,140,0.8057784695638553,"AM HTO
Greener"
AM HTO,Greener,climate change,141,0.8582471892898484,"AM HTO
Greener"
AM HTO,Greener,climate change,142,1.0817720068070706,"AM HTO
Greener"
AM HTO,Greener,climate change,143,0.9266639494206806,"AM HTO
Greener"
AM HTO,Greener,climate change,144,1.0527869584248863,"AM HTO
Greener"
AM HTO,Greener,climate change,145,1.0352422694681946,"AM HTO
Greener"
AM HTO,Greener,climate change,146,0.8440949260042199,"AM HTO
Greener"
AM HTO,Greener,climate change,147,0.9218518036250903,"AM HTO
Greener"
AM HTO,Greener,climate change,148,0.8558061394858845,"AM HTO
Greener"
AM HTO,Greener,climate change,149,1.0713011414359896,"AM HTO
Greener"
AM HTO,Greener,climate change,150,0.9537791269428861,"AM HTO
Greener"
AM HTO,Greener,climate change,151,0.9350775864396054,"AM HTO
Greener"
AM HTO,Greener,climate change,152,1.2611302853891488,"AM HTO
Greener"
AM HTO,Greener,climate change,153,0.8948245746580251,"AM HTO
Greener"
AM HTO,Greener,climate change,154,0.9229021559241248,"AM HTO
Greener"
AM HTO,Greener,climate change,155,0.9029023149329044,"AM HTO
Greener"
AM HTO,Greener,climate change,156,1.03869964856782,"AM HTO
Greener"
AM HTO,Greener,climate change,157,0.858149857093136,"AM HTO
Greener"
AM HTO,Greener,climate change,158,0.9821558244474254,"AM HTO
Greener"
AM HTO,Greener,climate change,159,1.0522865569140056,"AM HTO
Greener"
AM HTO,Greener,climate change,160,0.9777156002865249,"AM HTO
Greener"
AM HTO,Greener,climate change,161,1.0288494444336198,"AM HTO
Greener"
AM HTO,Greener,climate change,162,0.9332048921562063,"AM HTO
Greener"
AM HTO,Greener,climate change,163,0.9667178404912161,"AM HTO
Greener"
AM HTO,Greener,climate change,164,0.9368859840518066,"AM HTO
Greener"
AM HTO,Greener,climate change,165,1.0179249658710354,"AM HTO
Greener"
AM HTO,Greener,climate change,166,1.0567039466409043,"AM HTO
Greener"
AM HTO,Greener,climate change,167,0.9324201773258565,"AM HTO
Greener"
AM HTO,Greener,climate change,168,0.9497967076065444,"AM HTO
Greener"
AM HTO,Greener,climate change,169,1.0696365600864441,"AM HTO
Greener"
AM HTO,Greener,climate change,170,0.9434459547906988,"AM HTO
Greener"
AM HTO,Greener,climate change,171,0.9905169665839384,"AM HTO
Greener"
AM HTO,Greener,climate change,172,1.1679898088287801,"AM HTO
Greener"
AM HTO,Greener,climate change,173,0.9437281035143199,"AM HTO
Greener"
AM HTO,Greener,climate change,174,0.805154996349846,"AM HTO
Greener"
AM HTO,Greener,climate change,175,1.1324682409518145,"AM HTO
Greener"
AM HTO,Greener,climate change,176,1.0120287927046634,"AM HTO
Greener"
AM HTO,Greener,climate change,177,0.9238344486679887,"AM HTO
Greener"
AM HTO,Greener,climate change,178,0.8927719418046198,"AM HTO
Greener"
AM HTO,Greener,climate change,179,0.8141050907936014,"AM HTO
Greener"
AM HTO,Greener,climate change,180,1.0185585261085126,"AM HTO
Greener"
AM HTO,Greener,climate change,181,0.8511635805810772,"AM HTO
Greener"
AM HTO,Greener,climate change,182,1.1733659447031524,"AM HTO
Greener"
AM HTO,Greener,climate change,183,0.9242536397505493,"AM HTO
Greener"
AM HTO,Greener,climate change,184,1.032463159296892,"AM HTO
Greener"
AM HTO,Greener,climate change,185,1.0236324859582953,"AM HTO
Greener"
AM HTO,Greener,climate change,186,0.9669190199306691,"AM HTO
Greener"
AM HTO,Greener,climate change,187,1.1435687334271831,"AM HTO
Greener"
AM HTO,Greener,climate change,188,0.9428091851886763,"AM HTO
Greener"
AM HTO,Greener,climate change,189,1.1234277490560198,"AM HTO
Greener"
AM HTO,Greener,climate change,190,1.0908194256544235,"AM HTO
Greener"
AM HTO,Greener,climate change,191,1.1744159582235727,"AM HTO
Greener"
AM HTO,Greener,climate change,192,0.7870347222633431,"AM HTO
Greener"
AM HTO,Greener,climate change,193,0.9631893450202015,"AM HTO
Greener"
AM HTO,Greener,climate change,194,0.8958657658494351,"AM HTO
Greener"
AM HTO,Greener,climate change,195,1.0236626147719279,"AM HTO
Greener"
AM HTO,Greener,climate change,196,0.8860333405097537,"AM HTO
Greener"
AM HTO,Greener,climate change,197,1.010656149675912,"AM HTO
Greener"
AM HTO,Greener,climate change,198,1.016801004647408,"AM HTO
Greener"
AM HTO,Greener,climate change,199,0.9221379501951393,"AM HTO
Greener"
AM HTO,Greener,climate change,200,0.9601757046866928,"AM HTO
Greener"
AM HTO,Greener,climate change,201,0.9326883961135938,"AM HTO
Greener"
AM HTO,Greener,climate change,202,0.9684107615854692,"AM HTO
Greener"
AM HTO,Greener,climate change,203,0.8510337915555102,"AM HTO
Greener"
AM HTO,Greener,climate change,204,0.9034176418669729,"AM HTO
Greener"
AM HTO,Greener,climate change,205,0.8667952022214871,"AM HTO
Greener"
AM HTO,Greener,climate change,206,1.166611843329455,"AM HTO
Greener"
AM HTO,Greener,climate change,207,1.0106099340316763,"AM HTO
Greener"
AM HTO,Greener,climate change,208,0.882926959133441,"AM HTO
Greener"
AM HTO,Greener,climate change,209,1.0178015400257185,"AM HTO
Greener"
AM HTO,Greener,climate change,210,1.020445478592517,"AM HTO
Greener"
AM HTO,Greener,climate change,211,0.934385260281881,"AM HTO
Greener"
AM HTO,Greener,climate change,212,0.9715831355253107,"AM HTO
Greener"
AM HTO,Greener,climate change,213,1.0270833746096444,"AM HTO
Greener"
AM HTO,Greener,climate change,214,0.7903915596493352,"AM HTO
Greener"
AM HTO,Greener,climate change,215,1.0119114116981809,"AM HTO
Greener"
AM HTO,Greener,climate change,216,0.8668979432340734,"AM HTO
Greener"
AM HTO,Greener,climate change,217,1.2032959284759006,"AM HTO
Greener"
AM HTO,Greener,climate change,218,1.1938823715064224,"AM HTO
Greener"
AM HTO,Greener,climate change,219,1.045024071951817,"AM HTO
Greener"
AM HTO,Greener,climate change,220,0.7955019407856467,"AM HTO
Greener"
AM HTO,Greener,climate change,221,0.9914104200989824,"AM HTO
Greener"
AM HTO,Greener,climate change,222,1.0657457175120733,"AM HTO
Greener"
AM HTO,Greener,climate change,223,0.97012765230055,"AM HTO
Greener"
AM HTO,Greener,climate change,224,0.9945717013293257,"AM HTO
Greener"
AM HTO,Greener,climate change,225,1.0369548299822708,"AM HTO
Greener"
AM HTO,Greener,climate change,226,0.9091474544105234,"AM HTO
Greener"
AM HTO,Greener,climate change,227,0.9000906546659088,"AM HTO
Greener"
AM HTO,Greener,climate change,228,0.8682876679013994,"AM HTO
Greener"
AM HTO,Greener,climate change,229,0.9907028331681162,"AM HTO
Greener"
AM HTO,Greener,climate change,230,1.0068919816448716,"AM HTO
Greener"
AM HTO,Greener,climate change,231,1.1042500890180282,"AM HTO
Greener"
AM HTO,Greener,climate change,232,0.7936338210600037,"AM HTO
Greener"
AM HTO,Greener,climate change,233,0.956235896999252,"AM HTO
Greener"
AM HTO,Greener,climate change,234,1.1233405843981097,"AM HTO
Greener"
AM HTO,Greener,climate change,235,1.0507956741460591,"AM HTO
Greener"
AM HTO,Greener,climate change,236,1.0110737504729603,"AM HTO
Greener"
AM HTO,Greener,climate change,237,0.9354343133158632,"AM HTO
Greener"
AM HTO,Greener,climate change,238,1.0392674612825141,"AM HTO
Greener"
AM HTO,Greener,climate change,239,0.9424815940282663,"AM HTO
Greener"
AM HTO,Greener,climate change,240,0.8586174255090879,"AM HTO
Greener"
AM HTO,Greener,climate change,241,1.028580211238831,"AM HTO
Greener"
AM HTO,Greener,climate change,242,1.0270251832869233,"AM HTO
Greener"
AM HTO,Greener,climate change,243,1.1421818323604784,"AM HTO
Greener"
AM HTO,Greener,climate change,244,1.0035559936605074,"AM HTO
Greener"
AM HTO,Greener,climate change,245,1.0259166293884372,"AM HTO
Greener"
AM HTO,Greener,climate change,246,0.8666493630895062,"AM HTO
Greener"
AM HTO,Greener,climate change,247,0.803852590553144,"AM HTO
Greener"
AM HTO,Greener,climate change,248,0.9190771290729763,"AM HTO
Greener"
AM HTO,Greener,climate change,249,1.2173738401852228,"AM HTO
Greener"
AM HTO,Greener,climate change,250,0.9726388235840464,"AM HTO
Greener"
AM HTO,Greener,climate change,251,0.8843905557473906,"AM HTO
Greener"
AM HTO,Greener,climate change,252,1.0348786037563633,"AM HTO
Greener"
AM HTO,Greener,climate change,253,1.1796739027855605,"AM HTO
Greener"
AM HTO,Greener,climate change,254,1.0901466267537827,"AM HTO
Greener"
AM HTO,Greener,climate change,255,1.0194547627549193,"AM HTO
Greener"
AM HTO,Greener,climate change,256,0.8571934895736902,"AM HTO
Greener"
AM HTO,Greener,climate change,257,1.0152037734536201,"AM HTO
Greener"
AM HTO,Greener,climate change,258,0.9443046255928743,"AM HTO
Greener"
AM HTO,Greener,climate change,259,0.8402336094344511,"AM HTO
Greener"
AM HTO,Greener,climate change,260,0.9683779191094873,"AM HTO
Greener"
AM HTO,Greener,climate change,261,1.0070690634339488,"AM HTO
Greener"
AM HTO,Greener,climate change,262,0.991931149547848,"AM HTO
Greener"
AM HTO,Greener,climate change,263,1.0838469002870963,"AM HTO
Greener"
AM HTO,Greener,climate change,264,0.9503451237276469,"AM HTO
Greener"
AM HTO,Greener,climate change,265,0.9692132714630937,"AM HTO
Greener"
AM HTO,Greener,climate change,266,1.0393149407844309,"AM HTO
Greener"
AM HTO,Greener,climate change,267,1.0068309265912867,"AM HTO
Greener"
AM HTO,Greener,climate change,268,0.9465616457350728,"AM HTO
Greener"
AM HTO,Greener,climate change,269,1.1157719660497973,"AM HTO
Greener"
AM HTO,Greener,climate change,270,1.0130778158439717,"AM HTO
Greener"
AM HTO,Greener,climate change,271,0.9017091871406169,"AM HTO
Greener"
AM HTO,Greener,climate change,272,0.9355012568473668,"AM HTO
Greener"
AM HTO,Greener,climate change,273,0.9675030509228882,"AM HTO
Greener"
AM HTO,Greener,climate change,274,1.0785045549344638,"AM HTO
Greener"
AM HTO,Greener,climate change,275,1.1145809722169517,"AM HTO
Greener"
AM HTO,Greener,climate change,276,0.7750580943270179,"AM HTO
Greener"
AM HTO,Greener,climate change,277,0.8174616389433514,"AM HTO
Greener"
AM HTO,Greener,climate change,278,1.1751415919770631,"AM HTO
Greener"
AM HTO,Greener,climate change,279,1.0273592658053716,"AM HTO
Greener"
AM HTO,Greener,climate change,280,1.0050791987471297,"AM HTO
Greener"
AM HTO,Greener,climate change,281,1.171399749879589,"AM HTO
Greener"
AM HTO,Greener,climate change,282,0.7739116533158455,"AM HTO
Greener"
AM HTO,Greener,climate change,283,0.986087739212362,"AM HTO
Greener"
AM HTO,Greener,climate change,284,1.1097277487699135,"AM HTO
Greener"
AM HTO,Greener,climate change,285,1.0793324939451845,"AM HTO
Greener"
AM HTO,Greener,climate change,286,1.0034507856562225,"AM HTO
Greener"
AM HTO,Greener,climate change,287,0.989499082392285,"AM HTO
Greener"
AM HTO,Greener,climate change,288,1.0407002729065,"AM HTO
Greener"
AM HTO,Greener,climate change,289,1.0414597298281592,"AM HTO
Greener"
AM HTO,Greener,climate change,290,0.9002644619610537,"AM HTO
Greener"
AM HTO,Greener,climate change,291,0.9307703318154784,"AM HTO
Greener"
AM HTO,Greener,climate change,292,1.0045299383837374,"AM HTO
Greener"
AM HTO,Greener,climate change,293,1.1196262035431739,"AM HTO
Greener"
AM HTO,Greener,climate change,294,1.1819640486849496,"AM HTO
Greener"
AM HTO,Greener,climate change,295,1.3005050859486502,"AM HTO
Greener"
AM HTO,Greener,climate change,296,0.8859373746144678,"AM HTO
Greener"
AM HTO,Greener,climate change,297,1.0009469692722224,"AM HTO
Greener"
AM HTO,Greener,climate change,298,0.9745191335642877,"AM HTO
Greener"
AM HTO,Greener,climate change,299,0.8505059293510583,"AM HTO
Greener"
AM HTO,Greener,climate change,300,1.1869427781684874,"AM HTO
Greener"
AM HTO,Greener,climate change,301,0.9381844624336501,"AM HTO
Greener"
AM HTO,Greener,climate change,302,1.0398606810750612,"AM HTO
Greener"
AM HTO,Greener,climate change,303,0.9266578573555045,"AM HTO
Greener"
AM HTO,Greener,climate change,304,1.0557152502395717,"AM HTO
Greener"
AM HTO,Greener,climate change,305,1.008561734860073,"AM HTO
Greener"
AM HTO,Greener,climate change,306,1.0607500689366272,"AM HTO
Greener"
AM HTO,Greener,climate change,307,0.9576055936311922,"AM HTO
Greener"
AM HTO,Greener,climate change,308,1.092446908277504,"AM HTO
Greener"
AM HTO,Greener,climate change,309,0.9043185406309878,"AM HTO
Greener"
AM HTO,Greener,climate change,310,1.0125814453448503,"AM HTO
Greener"
AM HTO,Greener,climate change,311,1.0375449132568355,"AM HTO
Greener"
AM HTO,Greener,climate change,312,1.0534483473705505,"AM HTO
Greener"
AM HTO,Greener,climate change,313,1.092006295425918,"AM HTO
Greener"
AM HTO,Greener,climate change,314,0.8563792583598281,"AM HTO
Greener"
AM HTO,Greener,climate change,315,1.1152319477646915,"AM HTO
Greener"
AM HTO,Greener,climate change,316,1.1553976669312787,"AM HTO
Greener"
AM HTO,Greener,climate change,317,0.99800297438891,"AM HTO
Greener"
AM HTO,Greener,climate change,318,0.9985545698029649,"AM HTO
Greener"
AM HTO,Greener,climate change,319,0.8875944703426554,"AM HTO
Greener"
AM HTO,Greener,climate change,320,1.0868263426457958,"AM HTO
Greener"
AM HTO,Greener,climate change,321,0.8666556825895126,"AM HTO
Greener"
AM HTO,Greener,climate change,322,1.1589646614207834,"AM HTO
Greener"
AM HTO,Greener,climate change,323,0.9550595475811934,"AM HTO
Greener"
AM HTO,Greener,climate change,324,0.8578226251898241,"AM HTO
Greener"
AM HTO,Greener,climate change,325,1.1666462000543554,"AM HTO
Greener"
AM HTO,Greener,climate change,326,1.0792852908912922,"AM HTO
Greener"
AM HTO,Greener,climate change,327,1.0486645566580126,"AM HTO
Greener"
AM HTO,Greener,climate change,328,0.8668599516833602,"AM HTO
Greener"
AM HTO,Greener,climate change,329,0.9047313647743908,"AM HTO
Greener"
AM HTO,Greener,climate change,330,1.064495245721459,"AM HTO
Greener"
AM HTO,Greener,climate change,331,0.973199324574921,"AM HTO
Greener"
AM HTO,Greener,climate change,332,1.1171904017579393,"AM HTO
Greener"
AM HTO,Greener,climate change,333,0.9060313115650999,"AM HTO
Greener"
AM HTO,Greener,climate change,334,1.0169142127083175,"AM HTO
Greener"
AM HTO,Greener,climate change,335,1.1507096768995944,"AM HTO
Greener"
AM HTO,Greener,climate change,336,0.8261410633043446,"AM HTO
Greener"
AM HTO,Greener,climate change,337,0.9520435743935426,"AM HTO
Greener"
AM HTO,Greener,climate change,338,1.0276912868270442,"AM HTO
Greener"
AM HTO,Greener,climate change,339,0.9593157260056998,"AM HTO
Greener"
AM HTO,Greener,climate change,340,0.8832564220370073,"AM HTO
Greener"
AM HTO,Greener,climate change,341,0.8726843757309837,"AM HTO
Greener"
AM HTO,Greener,climate change,342,1.0872378350351721,"AM HTO
Greener"
AM HTO,Greener,climate change,343,0.9310727242082941,"AM HTO
Greener"
AM HTO,Greener,climate change,344,0.9718408414404323,"AM HTO
Greener"
AM HTO,Greener,climate change,345,0.949188669392695,"AM HTO
Greener"
AM HTO,Greener,climate change,346,1.1500562075153251,"AM HTO
Greener"
AM HTO,Greener,climate change,347,1.1100423238583674,"AM HTO
Greener"
AM HTO,Greener,climate change,348,1.0578598982790595,"AM HTO
Greener"
AM HTO,Greener,climate change,349,0.975275072615337,"AM HTO
Greener"
AM HTO,Greener,climate change,350,0.9428700867608176,"AM HTO
Greener"
AM HTO,Greener,climate change,351,0.8767679560644212,"AM HTO
Greener"
AM HTO,Greener,climate change,352,1.042619779383951,"AM HTO
Greener"
AM HTO,Greener,climate change,353,0.9555079726435483,"AM HTO
Greener"
AM HTO,Greener,climate change,354,0.9929023540562448,"AM HTO
Greener"
AM HTO,Greener,climate change,355,0.9994211189484674,"AM HTO
Greener"
AM HTO,Greener,climate change,356,1.1007296079390438,"AM HTO
Greener"
AM HTO,Greener,climate change,357,1.1922861506737021,"AM HTO
Greener"
AM HTO,Greener,climate change,358,1.0694766667308713,"AM HTO
Greener"
AM HTO,Greener,climate change,359,0.9424882528166763,"AM HTO
Greener"
AM HTO,Greener,climate change,360,0.8896863670726064,"AM HTO
Greener"
AM HTO,Greener,climate change,361,1.0487191285712731,"AM HTO
Greener"
AM HTO,Greener,climate change,362,0.9025887567456031,"AM HTO
Greener"
AM HTO,Greener,climate change,363,0.9102678214435396,"AM HTO
Greener"
AM HTO,Greener,climate change,364,0.9306982106166914,"AM HTO
Greener"
AM HTO,Greener,climate change,365,0.8923452362011106,"AM HTO
Greener"
AM HTO,Greener,climate change,366,0.8347078364458261,"AM HTO
Greener"
AM HTO,Greener,climate change,367,0.9604592451640639,"AM HTO
Greener"
AM HTO,Greener,climate change,368,1.0153861816123293,"AM HTO
Greener"
AM HTO,Greener,climate change,369,1.0242821461339158,"AM HTO
Greener"
AM HTO,Greener,climate change,370,1.1120745226443094,"AM HTO
Greener"
AM HTO,Greener,climate change,371,0.8911629753216431,"AM HTO
Greener"
AM HTO,Greener,climate change,372,0.8958245556640269,"AM HTO
Greener"
AM HTO,Greener,climate change,373,1.0366700830611046,"AM HTO
Greener"
AM HTO,Greener,climate change,374,0.9904326603375783,"AM HTO
Greener"
AM HTO,Greener,climate change,375,1.13098040371964,"AM HTO
Greener"
AM HTO,Greener,climate change,376,1.1842833857629085,"AM HTO
Greener"
AM HTO,Greener,climate change,377,0.9100011338368398,"AM HTO
Greener"
AM HTO,Greener,climate change,378,0.892476505665948,"AM HTO
Greener"
AM HTO,Greener,climate change,379,0.9718974510097091,"AM HTO
Greener"
AM HTO,Greener,climate change,380,1.156637419820654,"AM HTO
Greener"
AM HTO,Greener,climate change,381,1.182108681384794,"AM HTO
Greener"
AM HTO,Greener,climate change,382,0.893757819650778,"AM HTO
Greener"
AM HTO,Greener,climate change,383,0.8324853553840005,"AM HTO
Greener"
AM HTO,Greener,climate change,384,1.1892483725930965,"AM HTO
Greener"
AM HTO,Greener,climate change,385,0.9888008360506323,"AM HTO
Greener"
AM HTO,Greener,climate change,386,0.9303393551785553,"AM HTO
Greener"
AM HTO,Greener,climate change,387,1.019732384274499,"AM HTO
Greener"
AM HTO,Greener,climate change,388,0.9218810020284471,"AM HTO
Greener"
AM HTO,Greener,climate change,389,0.8337712584265304,"AM HTO
Greener"
AM HTO,Greener,climate change,390,0.8447231027919657,"AM HTO
Greener"
AM HTO,Greener,climate change,391,1.0480965165796503,"AM HTO
Greener"
AM HTO,Greener,climate change,392,0.8328184584143584,"AM HTO
Greener"
AM HTO,Greener,climate change,393,1.045747995125161,"AM HTO
Greener"
AM HTO,Greener,climate change,394,0.9468434304768077,"AM HTO
Greener"
AM HTO,Greener,climate change,395,1.0272834166377613,"AM HTO
Greener"
AM HTO,Greener,climate change,396,1.0187174566932744,"AM HTO
Greener"
AM HTO,Greener,climate change,397,0.8894674684325012,"AM HTO
Greener"
AM HTO,Greener,climate change,398,1.083650808523368,"AM HTO
Greener"
AM HTO,Greener,climate change,399,0.8862729802346744,"AM HTO
Greener"
AM HTO,Greener,climate change,400,0.8879020002677632,"AM HTO
Greener"
AM HTO,Greener,climate change,401,0.9624420990233417,"AM HTO
Greener"
AM HTO,Greener,climate change,402,0.9149463268510241,"AM HTO
Greener"
AM HTO,Greener,climate change,403,1.0661852726056484,"AM HTO
Greener"
AM HTO,Greener,climate change,404,1.0213076408301358,"AM HTO
Greener"
AM HTO,Greener,climate change,405,1.158055226861683,"AM HTO
Greener"
AM HTO,Greener,climate change,406,1.0676488479299433,"AM HTO
Greener"
AM HTO,Greener,climate change,407,0.9545192683771034,"AM HTO
Greener"
AM HTO,Greener,climate change,408,0.9871098705691351,"AM HTO
Greener"
AM HTO,Greener,climate change,409,1.0010021345677016,"AM HTO
Greener"
AM HTO,Greener,climate change,410,1.0285884424480445,"AM HTO
Greener"
AM HTO,Greener,climate change,411,0.9923962062603596,"AM HTO
Greener"
AM HTO,Greener,climate change,412,1.0317430667382552,"AM HTO
Greener"
AM HTO,Greener,climate change,413,0.9879243548014801,"AM HTO
Greener"
AM HTO,Greener,climate change,414,0.9519561451228358,"AM HTO
Greener"
AM HTO,Greener,climate change,415,1.0351677914751438,"AM HTO
Greener"
AM HTO,Greener,climate change,416,0.8353661017119364,"AM HTO
Greener"
AM HTO,Greener,climate change,417,1.0366198696507238,"AM HTO
Greener"
AM HTO,Greener,climate change,418,1.043577975757082,"AM HTO
Greener"
AM HTO,Greener,climate change,419,0.9861998927650333,"AM HTO
Greener"
AM HTO,Greener,climate change,420,0.992061565642987,"AM HTO
Greener"
AM HTO,Greener,climate change,421,0.9481426383461554,"AM HTO
Greener"
AM HTO,Greener,climate change,422,1.0947041821216354,"AM HTO
Greener"
AM HTO,Greener,climate change,423,1.0101631739351449,"AM HTO
Greener"
AM HTO,Greener,climate change,424,1.1225456537069558,"AM HTO
Greener"
AM HTO,Greener,climate change,425,1.131746227110798,"AM HTO
Greener"
AM HTO,Greener,climate change,426,1.0274615839823322,"AM HTO
Greener"
AM HTO,Greener,climate change,427,1.0687510011086712,"AM HTO
Greener"
AM HTO,Greener,climate change,428,1.1686792466046392,"AM HTO
Greener"
AM HTO,Greener,climate change,429,0.9681632550456657,"AM HTO
Greener"
AM HTO,Greener,climate change,430,1.1120367594756857,"AM HTO
Greener"
AM HTO,Greener,climate change,431,0.9553754958761789,"AM HTO
Greener"
AM HTO,Greener,climate change,432,0.9072000716461265,"AM HTO
Greener"
AM HTO,Greener,climate change,433,0.8284248004522216,"AM HTO
Greener"
AM HTO,Greener,climate change,434,0.8178871407120544,"AM HTO
Greener"
AM HTO,Greener,climate change,435,0.9731058298967535,"AM HTO
Greener"
AM HTO,Greener,climate change,436,0.8923955625560909,"AM HTO
Greener"
AM HTO,Greener,climate change,437,0.8913790669840321,"AM HTO
Greener"
AM HTO,Greener,climate change,438,0.9412619102830854,"AM HTO
Greener"
AM HTO,Greener,climate change,439,0.8740070577870311,"AM HTO
Greener"
AM HTO,Greener,climate change,440,0.9940671292186929,"AM HTO
Greener"
AM HTO,Greener,climate change,441,0.9230826740301051,"AM HTO
Greener"
AM HTO,Greener,climate change,442,0.9879828096633466,"AM HTO
Greener"
AM HTO,Greener,climate change,443,0.8430958717948305,"AM HTO
Greener"
AM HTO,Greener,climate change,444,1.213232620571227,"AM HTO
Greener"
AM HTO,Greener,climate change,445,1.0377083018355868,"AM HTO
Greener"
AM HTO,Greener,climate change,446,0.9790555941571603,"AM HTO
Greener"
AM HTO,Greener,climate change,447,0.9631871154603073,"AM HTO
Greener"
AM HTO,Greener,climate change,448,0.8006579491107421,"AM HTO
Greener"
AM HTO,Greener,climate change,449,1.022915409504608,"AM HTO
Greener"
AM HTO,Greener,climate change,450,0.8337753818184882,"AM HTO
Greener"
AM HTO,Greener,climate change,451,1.0048361035135869,"AM HTO
Greener"
AM HTO,Greener,climate change,452,0.9515018229999219,"AM HTO
Greener"
AM HTO,Greener,climate change,453,0.9120822017636345,"AM HTO
Greener"
AM HTO,Greener,climate change,454,0.9229753677141893,"AM HTO
Greener"
AM HTO,Greener,climate change,455,0.9181719488696072,"AM HTO
Greener"
AM HTO,Greener,climate change,456,0.9459453582132468,"AM HTO
Greener"
AM HTO,Greener,climate change,457,0.9001600118089622,"AM HTO
Greener"
AM HTO,Greener,climate change,458,1.0811337293151178,"AM HTO
Greener"
AM HTO,Greener,climate change,459,1.1372883243875462,"AM HTO
Greener"
AM HTO,Greener,climate change,460,1.1268591499856915,"AM HTO
Greener"
AM HTO,Greener,climate change,461,0.8116994916683126,"AM HTO
Greener"
AM HTO,Greener,climate change,462,0.9852309644036508,"AM HTO
Greener"
AM HTO,Greener,climate change,463,1.2422625625170598,"AM HTO
Greener"
AM HTO,Greener,climate change,464,0.9897850782378415,"AM HTO
Greener"
AM HTO,Greener,climate change,465,0.8232973089381591,"AM HTO
Greener"
AM HTO,Greener,climate change,466,1.175833842707654,"AM HTO
Greener"
AM HTO,Greener,climate change,467,1.2992578948238303,"AM HTO
Greener"
AM HTO,Greener,climate change,468,0.9738405415981705,"AM HTO
Greener"
AM HTO,Greener,climate change,469,0.975704191017291,"AM HTO
Greener"
AM HTO,Greener,climate change,470,1.0529346852086372,"AM HTO
Greener"
AM HTO,Greener,climate change,471,0.9289051932015466,"AM HTO
Greener"
AM HTO,Greener,climate change,472,0.9421976495204151,"AM HTO
Greener"
AM HTO,Greener,climate change,473,0.9954301265978048,"AM HTO
Greener"
AM HTO,Greener,climate change,474,1.0348499122719124,"AM HTO
Greener"
AM HTO,Greener,climate change,475,0.8768882472473938,"AM HTO
Greener"
AM HTO,Greener,climate change,476,1.0356318064730632,"AM HTO
Greener"
AM HTO,Greener,climate change,477,0.8664920508734396,"AM HTO
Greener"
AM HTO,Greener,climate change,478,1.07080877123347,"AM HTO
Greener"
AM HTO,Greener,climate change,479,1.0505808860546704,"AM HTO
Greener"
AM HTO,Greener,climate change,480,1.0640841717543648,"AM HTO
Greener"
AM HTO,Greener,climate change,481,1.0993769898486976,"AM HTO
Greener"
AM HTO,Greener,climate change,482,0.9676339139885587,"AM HTO
Greener"
AM HTO,Greener,climate change,483,1.1078440351489682,"AM HTO
Greener"
AM HTO,Greener,climate change,484,0.9799278486742079,"AM HTO
Greener"
AM HTO,Greener,climate change,485,0.9011142945194829,"AM HTO
Greener"
AM HTO,Greener,climate change,486,0.8722947721762805,"AM HTO
Greener"
AM HTO,Greener,climate change,487,0.9533721878052096,"AM HTO
Greener"
AM HTO,Greener,climate change,488,0.8749377448602601,"AM HTO
Greener"
AM HTO,Greener,climate change,489,0.8646338561446507,"AM HTO
Greener"
AM HTO,Greener,climate change,490,0.9276775538945196,"AM HTO
Greener"
AM HTO,Greener,climate change,491,1.0695411701937052,"AM HTO
Greener"
AM HTO,Greener,climate change,492,0.9907964573053297,"AM HTO
Greener"
AM HTO,Greener,climate change,493,0.9870673585967386,"AM HTO
Greener"
AM HTO,Greener,climate change,494,1.045807782591894,"AM HTO
Greener"
AM HTO,Greener,climate change,495,1.21995125300126,"AM HTO
Greener"
AM HTO,Greener,climate change,496,1.1448781258044753,"AM HTO
Greener"
AM HTO,Greener,climate change,497,0.8590832919651038,"AM HTO
Greener"
AM HTO,Greener,climate change,498,1.0695096088383935,"AM HTO
Greener"
AM HTO,Greener,climate change,499,0.9531698542792821,"AM HTO
Greener"
AM HTO,Greener,climate change,500,0.8112453457719269,"AM HTO
Greener"
AM HTO,Greener,climate change,501,1.0928357706188798,"AM HTO
Greener"
AM HTO,Greener,climate change,502,0.9662571860503321,"AM HTO
Greener"
AM HTO,Greener,climate change,503,0.9153901344312658,"AM HTO
Greener"
AM HTO,Greener,climate change,504,1.1058093566334795,"AM HTO
Greener"
AM HTO,Greener,climate change,505,0.9357602870700956,"AM HTO
Greener"
AM HTO,Greener,climate change,506,0.9512591463180782,"AM HTO
Greener"
AM HTO,Greener,climate change,507,0.9667088863120203,"AM HTO
Greener"
AM HTO,Greener,climate change,508,0.9504876021359299,"AM HTO
Greener"
AM HTO,Greener,climate change,509,0.98337026712941,"AM HTO
Greener"
AM HTO,Greener,climate change,510,0.8451261090312829,"AM HTO
Greener"
AM HTO,Greener,climate change,511,1.0744221506870901,"AM HTO
Greener"
AM HTO,Greener,climate change,512,1.160679407808068,"AM HTO
Greener"
AM HTO,Greener,climate change,513,0.8971026344061309,"AM HTO
Greener"
AM HTO,Greener,climate change,514,1.1344067554113613,"AM HTO
Greener"
AM HTO,Greener,climate change,515,1.034083142365998,"AM HTO
Greener"
AM HTO,Greener,climate change,516,1.0748378591511405,"AM HTO
Greener"
AM HTO,Greener,climate change,517,0.8782783493715964,"AM HTO
Greener"
AM HTO,Greener,climate change,518,0.9476791109530289,"AM HTO
Greener"
AM HTO,Greener,climate change,519,0.9433079694233909,"AM HTO
Greener"
AM HTO,Greener,climate change,520,0.8825546232465185,"AM HTO
Greener"
AM HTO,Greener,climate change,521,1.0985875398000946,"AM HTO
Greener"
AM HTO,Greener,climate change,522,1.0078423823417542,"AM HTO
Greener"
AM HTO,Greener,climate change,523,0.8955269163391518,"AM HTO
Greener"
AM HTO,Greener,climate change,524,0.9605696351046074,"AM HTO
Greener"
AM HTO,Greener,climate change,525,1.0231686625199687,"AM HTO
Greener"
AM HTO,Greener,climate change,526,0.8974004339202266,"AM HTO
Greener"
AM HTO,Greener,climate change,527,0.93566847534484,"AM HTO
Greener"
AM HTO,Greener,climate change,528,1.0216877675648715,"AM HTO
Greener"
AM HTO,Greener,climate change,529,0.9470280939889963,"AM HTO
Greener"
AM HTO,Greener,climate change,530,0.9613526502542796,"AM HTO
Greener"
AM HTO,Greener,climate change,531,0.9271696985721812,"AM HTO
Greener"
AM HTO,Greener,climate change,532,0.8606846966259465,"AM HTO
Greener"
AM HTO,Greener,climate change,533,0.7853380043173429,"AM HTO
Greener"
AM HTO,Greener,climate change,534,0.9812617712100183,"AM HTO
Greener"
AM HTO,Greener,climate change,535,0.9483405030778831,"AM HTO
Greener"
AM HTO,Greener,climate change,536,0.7908467958626801,"AM HTO
Greener"
AM HTO,Greener,climate change,537,1.0915958024736847,"AM HTO
Greener"
AM HTO,Greener,climate change,538,1.1353923556021246,"AM HTO
Greener"
AM HTO,Greener,climate change,539,1.0016880856396255,"AM HTO
Greener"
AM HTO,Greener,climate change,540,0.9877316037405566,"AM HTO
Greener"
AM HTO,Greener,climate change,541,0.9250769876783603,"AM HTO
Greener"
AM HTO,Greener,climate change,542,1.1787461286784766,"AM HTO
Greener"
AM HTO,Greener,climate change,543,0.9576278075579794,"AM HTO
Greener"
AM HTO,Greener,climate change,544,0.9715231955184507,"AM HTO
Greener"
AM HTO,Greener,climate change,545,1.0761997584885468,"AM HTO
Greener"
AM HTO,Greener,climate change,546,0.8170072565752287,"AM HTO
Greener"
AM HTO,Greener,climate change,547,0.9201716829998291,"AM HTO
Greener"
AM HTO,Greener,climate change,548,0.9784103990272672,"AM HTO
Greener"
AM HTO,Greener,climate change,549,0.8825059614988945,"AM HTO
Greener"
AM HTO,Greener,climate change,550,0.8400260882198273,"AM HTO
Greener"
AM HTO,Greener,climate change,551,1.1679903606874724,"AM HTO
Greener"
AM HTO,Greener,climate change,552,0.9559289549376959,"AM HTO
Greener"
AM HTO,Greener,climate change,553,1.2707411956544308,"AM HTO
Greener"
AM HTO,Greener,climate change,554,1.1001510491617401,"AM HTO
Greener"
AM HTO,Greener,climate change,555,0.9979347776698114,"AM HTO
Greener"
AM HTO,Greener,climate change,556,1.0313547950802644,"AM HTO
Greener"
AM HTO,Greener,climate change,557,0.9257883816782162,"AM HTO
Greener"
AM HTO,Greener,climate change,558,1.089047029097698,"AM HTO
Greener"
AM HTO,Greener,climate change,559,1.0276839834159313,"AM HTO
Greener"
AM HTO,Greener,climate change,560,0.8396156989783652,"AM HTO
Greener"
AM HTO,Greener,climate change,561,0.7828918610457661,"AM HTO
Greener"
AM HTO,Greener,climate change,562,0.8754938123170896,"AM HTO
Greener"
AM HTO,Greener,climate change,563,0.8938231109737772,"AM HTO
Greener"
AM HTO,Greener,climate change,564,1.136706552037941,"AM HTO
Greener"
AM HTO,Greener,climate change,565,0.9506212385006569,"AM HTO
Greener"
AM HTO,Greener,climate change,566,1.0888660303308546,"AM HTO
Greener"
AM HTO,Greener,climate change,567,1.0789784214931932,"AM HTO
Greener"
AM HTO,Greener,climate change,568,0.913990314356675,"AM HTO
Greener"
AM HTO,Greener,climate change,569,0.7768580962925359,"AM HTO
Greener"
AM HTO,Greener,climate change,570,0.8380298473139759,"AM HTO
Greener"
AM HTO,Greener,climate change,571,1.0901844021417098,"AM HTO
Greener"
AM HTO,Greener,climate change,572,0.9815640482831776,"AM HTO
Greener"
AM HTO,Greener,climate change,573,0.9772608417724129,"AM HTO
Greener"
AM HTO,Greener,climate change,574,1.0483561169094258,"AM HTO
Greener"
AM HTO,Greener,climate change,575,0.8232012388269389,"AM HTO
Greener"
AM HTO,Greener,climate change,576,0.9270028468077535,"AM HTO
Greener"
AM HTO,Greener,climate change,577,1.0712054194404168,"AM HTO
Greener"
AM HTO,Greener,climate change,578,1.0329155602297735,"AM HTO
Greener"
AM HTO,Greener,climate change,579,0.9494024344597821,"AM HTO
Greener"
AM HTO,Greener,climate change,580,0.9562818231698235,"AM HTO
Greener"
AM HTO,Greener,climate change,581,0.877621680178262,"AM HTO
Greener"
AM HTO,Greener,climate change,582,0.9452609297603933,"AM HTO
Greener"
AM HTO,Greener,climate change,583,1.1300329007810004,"AM HTO
Greener"
AM HTO,Greener,climate change,584,0.9923555758941041,"AM HTO
Greener"
AM HTO,Greener,climate change,585,1.1846490224580877,"AM HTO
Greener"
AM HTO,Greener,climate change,586,1.114165155279388,"AM HTO
Greener"
AM HTO,Greener,climate change,587,1.0211469810620206,"AM HTO
Greener"
AM HTO,Greener,climate change,588,0.8774325123531015,"AM HTO
Greener"
AM HTO,Greener,climate change,589,0.9734320240741118,"AM HTO
Greener"
AM HTO,Greener,climate change,590,1.0121732559414303,"AM HTO
Greener"
AM HTO,Greener,climate change,591,0.8396820192741454,"AM HTO
Greener"
AM HTO,Greener,climate change,592,1.0231509315518992,"AM HTO
Greener"
AM HTO,Greener,climate change,593,0.9726082038072295,"AM HTO
Greener"
AM HTO,Greener,climate change,594,0.8705964621211704,"AM HTO
Greener"
AM HTO,Greener,climate change,595,1.0046310061877208,"AM HTO
Greener"
AM HTO,Greener,climate change,596,1.0435961829818503,"AM HTO
Greener"
AM HTO,Greener,climate change,597,0.9353888472156489,"AM HTO
Greener"
AM HTO,Greener,climate change,598,1.01737515512748,"AM HTO
Greener"
AM HTO,Greener,climate change,599,0.9066766280028137,"AM HTO
Greener"
AM HTO,Greener,climate change,600,0.9217361732799833,"AM HTO
Greener"
AM HTO,Greener,climate change,601,0.9876715237697679,"AM HTO
Greener"
AM HTO,Greener,climate change,602,0.8087177973417895,"AM HTO
Greener"
AM HTO,Greener,climate change,603,0.8493992989888306,"AM HTO
Greener"
AM HTO,Greener,climate change,604,0.9296108902786205,"AM HTO
Greener"
AM HTO,Greener,climate change,605,0.9812159574551418,"AM HTO
Greener"
AM HTO,Greener,climate change,606,0.9285339100167188,"AM HTO
Greener"
AM HTO,Greener,climate change,607,1.0437327667315905,"AM HTO
Greener"
AM HTO,Greener,climate change,608,0.9507324036238544,"AM HTO
Greener"
AM HTO,Greener,climate change,609,0.9743220062630004,"AM HTO
Greener"
AM HTO,Greener,climate change,610,0.9058161184899161,"AM HTO
Greener"
AM HTO,Greener,climate change,611,1.0430900113409427,"AM HTO
Greener"
AM HTO,Greener,climate change,612,1.0486138140621204,"AM HTO
Greener"
AM HTO,Greener,climate change,613,0.8599365191896068,"AM HTO
Greener"
AM HTO,Greener,climate change,614,0.9075322194044287,"AM HTO
Greener"
AM HTO,Greener,climate change,615,1.1022478123643533,"AM HTO
Greener"
AM HTO,Greener,climate change,616,1.203033394103371,"AM HTO
Greener"
AM HTO,Greener,climate change,617,0.8604304439031344,"AM HTO
Greener"
AM HTO,Greener,climate change,618,1.0319054017904163,"AM HTO
Greener"
AM HTO,Greener,climate change,619,1.0653747225956753,"AM HTO
Greener"
AM HTO,Greener,climate change,620,0.9851702427729383,"AM HTO
Greener"
AM HTO,Greener,climate change,621,0.8993277228978015,"AM HTO
Greener"
AM HTO,Greener,climate change,622,0.8989071922572696,"AM HTO
Greener"
AM HTO,Greener,climate change,623,1.1115083621599535,"AM HTO
Greener"
AM HTO,Greener,climate change,624,1.1278887428600566,"AM HTO
Greener"
AM HTO,Greener,climate change,625,1.0606853119608253,"AM HTO
Greener"
AM HTO,Greener,climate change,626,1.226116107279268,"AM HTO
Greener"
AM HTO,Greener,climate change,627,0.9603743080368753,"AM HTO
Greener"
AM HTO,Greener,climate change,628,1.0490297547072442,"AM HTO
Greener"
AM HTO,Greener,climate change,629,0.8820566027965876,"AM HTO
Greener"
AM HTO,Greener,climate change,630,1.1137227073858313,"AM HTO
Greener"
AM HTO,Greener,climate change,631,1.0763418599802934,"AM HTO
Greener"
AM HTO,Greener,climate change,632,0.8357906370499614,"AM HTO
Greener"
AM HTO,Greener,climate change,633,1.133698788727953,"AM HTO
Greener"
AM HTO,Greener,climate change,634,0.8384067665432714,"AM HTO
Greener"
AM HTO,Greener,climate change,635,1.1747969786862327,"AM HTO
Greener"
AM HTO,Greener,climate change,636,1.0019742912938405,"AM HTO
Greener"
AM HTO,Greener,climate change,637,0.9273701591342725,"AM HTO
Greener"
AM HTO,Greener,climate change,638,0.9712078835305659,"AM HTO
Greener"
AM HTO,Greener,climate change,639,1.008420165745964,"AM HTO
Greener"
AM HTO,Greener,climate change,640,0.9071171492402831,"AM HTO
Greener"
AM HTO,Greener,climate change,641,0.8723966949656915,"AM HTO
Greener"
AM HTO,Greener,climate change,642,0.9043867481001973,"AM HTO
Greener"
AM HTO,Greener,climate change,643,1.0855738034780658,"AM HTO
Greener"
AM HTO,Greener,climate change,644,0.9637288368242705,"AM HTO
Greener"
AM HTO,Greener,climate change,645,1.08343014763133,"AM HTO
Greener"
AM HTO,Greener,climate change,646,0.9242261354638511,"AM HTO
Greener"
AM HTO,Greener,climate change,647,1.0149489443044617,"AM HTO
Greener"
AM HTO,Greener,climate change,648,0.9166664871751087,"AM HTO
Greener"
AM HTO,Greener,climate change,649,1.2264092791389556,"AM HTO
Greener"
AM HTO,Greener,climate change,650,1.003275686299004,"AM HTO
Greener"
AM HTO,Greener,climate change,651,1.0441492743992253,"AM HTO
Greener"
AM HTO,Greener,climate change,652,1.0540925614869807,"AM HTO
Greener"
AM HTO,Greener,climate change,653,0.8751490461811529,"AM HTO
Greener"
AM HTO,Greener,climate change,654,0.8570452838080314,"AM HTO
Greener"
AM HTO,Greener,climate change,655,0.9363136680484544,"AM HTO
Greener"
AM HTO,Greener,climate change,656,0.9068211577522004,"AM HTO
Greener"
AM HTO,Greener,climate change,657,1.1298373167287297,"AM HTO
Greener"
AM HTO,Greener,climate change,658,1.0031878122077549,"AM HTO
Greener"
AM HTO,Greener,climate change,659,0.9110737198137213,"AM HTO
Greener"
AM HTO,Greener,climate change,660,0.9582881285293521,"AM HTO
Greener"
AM HTO,Greener,climate change,661,1.172134905250624,"AM HTO
Greener"
AM HTO,Greener,climate change,662,0.8911387755893935,"AM HTO
Greener"
AM HTO,Greener,climate change,663,1.1567786971976712,"AM HTO
Greener"
AM HTO,Greener,climate change,664,1.0830625281222634,"AM HTO
Greener"
AM HTO,Greener,climate change,665,0.8894390372548081,"AM HTO
Greener"
AM HTO,Greener,climate change,666,1.080806567958911,"AM HTO
Greener"
AM HTO,Greener,climate change,667,0.9568093306565697,"AM HTO
Greener"
AM HTO,Greener,climate change,668,1.0900299633335413,"AM HTO
Greener"
AM HTO,Greener,climate change,669,1.0770200171947504,"AM HTO
Greener"
AM HTO,Greener,climate change,670,0.8783929623253075,"AM HTO
Greener"
AM HTO,Greener,climate change,671,0.9423047538258915,"AM HTO
Greener"
AM HTO,Greener,climate change,672,0.9293884313291407,"AM HTO
Greener"
AM HTO,Greener,climate change,673,0.9729269523139176,"AM HTO
Greener"
AM HTO,Greener,climate change,674,0.999403862270756,"AM HTO
Greener"
AM HTO,Greener,climate change,675,0.923619129937286,"AM HTO
Greener"
AM HTO,Greener,climate change,676,0.9586357645633709,"AM HTO
Greener"
AM HTO,Greener,climate change,677,0.9791686897417934,"AM HTO
Greener"
AM HTO,Greener,climate change,678,1.0239387317268618,"AM HTO
Greener"
AM HTO,Greener,climate change,679,0.9549382667368242,"AM HTO
Greener"
AM HTO,Greener,climate change,680,0.9490480379165874,"AM HTO
Greener"
AM HTO,Greener,climate change,681,1.078356922512795,"AM HTO
Greener"
AM HTO,Greener,climate change,682,0.9041490998417899,"AM HTO
Greener"
AM HTO,Greener,climate change,683,1.0332699275047441,"AM HTO
Greener"
AM HTO,Greener,climate change,684,1.0978179067682683,"AM HTO
Greener"
AM HTO,Greener,climate change,685,0.973422258934506,"AM HTO
Greener"
AM HTO,Greener,climate change,686,0.9564860990432323,"AM HTO
Greener"
AM HTO,Greener,climate change,687,1.1152576047048743,"AM HTO
Greener"
AM HTO,Greener,climate change,688,1.0783985875173552,"AM HTO
Greener"
AM HTO,Greener,climate change,689,1.1849016443099154,"AM HTO
Greener"
AM HTO,Greener,climate change,690,1.0616979816775376,"AM HTO
Greener"
AM HTO,Greener,climate change,691,0.948528659767063,"AM HTO
Greener"
AM HTO,Greener,climate change,692,0.9094111342690775,"AM HTO
Greener"
AM HTO,Greener,climate change,693,1.0861188846903929,"AM HTO
Greener"
AM HTO,Greener,climate change,694,0.8938199036521318,"AM HTO
Greener"
AM HTO,Greener,climate change,695,1.0345774427344432,"AM HTO
Greener"
AM HTO,Greener,climate change,696,0.8519388954565796,"AM HTO
Greener"
AM HTO,Greener,climate change,697,1.0339057000328373,"AM HTO
Greener"
AM HTO,Greener,climate change,698,0.8599785140476017,"AM HTO
Greener"
AM HTO,Greener,climate change,699,0.969371371811783,"AM HTO
Greener"
AM HTO,Greener,climate change,700,1.01352098491356,"AM HTO
Greener"
AM HTO,Greener,climate change,701,0.9563193216429644,"AM HTO
Greener"
AM HTO,Greener,climate change,702,0.9553408812278713,"AM HTO
Greener"
AM HTO,Greener,climate change,703,0.9088114975649,"AM HTO
Greener"
AM HTO,Greener,climate change,704,0.9396343454106982,"AM HTO
Greener"
AM HTO,Greener,climate change,705,0.9215941150442767,"AM HTO
Greener"
AM HTO,Greener,climate change,706,1.0965102943218472,"AM HTO
Greener"
AM HTO,Greener,climate change,707,0.847744703388136,"AM HTO
Greener"
AM HTO,Greener,climate change,708,0.9405288911414638,"AM HTO
Greener"
AM HTO,Greener,climate change,709,0.9581759901368319,"AM HTO
Greener"
AM HTO,Greener,climate change,710,0.8326010138614759,"AM HTO
Greener"
AM HTO,Greener,climate change,711,1.114346403642411,"AM HTO
Greener"
AM HTO,Greener,climate change,712,1.0332706492843255,"AM HTO
Greener"
AM HTO,Greener,climate change,713,0.9363058398723298,"AM HTO
Greener"
AM HTO,Greener,climate change,714,0.9802465553230348,"AM HTO
Greener"
AM HTO,Greener,climate change,715,0.9477507936255712,"AM HTO
Greener"
AM HTO,Greener,climate change,716,0.8324209233972208,"AM HTO
Greener"
AM HTO,Greener,climate change,717,1.1085636336843427,"AM HTO
Greener"
AM HTO,Greener,climate change,718,1.0444304341903836,"AM HTO
Greener"
AM HTO,Greener,climate change,719,1.0606243671839974,"AM HTO
Greener"
AM HTO,Greener,climate change,720,0.8999968064531911,"AM HTO
Greener"
AM HTO,Greener,climate change,721,0.9153881837407418,"AM HTO
Greener"
AM HTO,Greener,climate change,722,1.137046573882411,"AM HTO
Greener"
AM HTO,Greener,climate change,723,0.8697337927625591,"AM HTO
Greener"
AM HTO,Greener,climate change,724,0.9913220502853072,"AM HTO
Greener"
AM HTO,Greener,climate change,725,0.939210519159236,"AM HTO
Greener"
AM HTO,Greener,climate change,726,0.9095141818863174,"AM HTO
Greener"
AM HTO,Greener,climate change,727,0.9059600803808456,"AM HTO
Greener"
AM HTO,Greener,climate change,728,0.9875582376395319,"AM HTO
Greener"
AM HTO,Greener,climate change,729,1.0366281330950953,"AM HTO
Greener"
AM HTO,Greener,climate change,730,1.1178015289165413,"AM HTO
Greener"
AM HTO,Greener,climate change,731,1.1010278981350188,"AM HTO
Greener"
AM HTO,Greener,climate change,732,0.9400466066847685,"AM HTO
Greener"
AM HTO,Greener,climate change,733,1.053543837527043,"AM HTO
Greener"
AM HTO,Greener,climate change,734,0.8670763150683395,"AM HTO
Greener"
AM HTO,Greener,climate change,735,1.0415378680210596,"AM HTO
Greener"
AM HTO,Greener,climate change,736,0.9653160128288099,"AM HTO
Greener"
AM HTO,Greener,climate change,737,0.9437377281164898,"AM HTO
Greener"
AM HTO,Greener,climate change,738,0.9358900653796617,"AM HTO
Greener"
AM HTO,Greener,climate change,739,0.7838185565355897,"AM HTO
Greener"
AM HTO,Greener,climate change,740,0.8521700652955093,"AM HTO
Greener"
AM HTO,Greener,climate change,741,0.9005500957418078,"AM HTO
Greener"
AM HTO,Greener,climate change,742,1.005762193398068,"AM HTO
Greener"
AM HTO,Greener,climate change,743,1.0823427554510514,"AM HTO
Greener"
AM HTO,Greener,climate change,744,0.9517601946006187,"AM HTO
Greener"
AM HTO,Greener,climate change,745,1.1780360639837029,"AM HTO
Greener"
AM HTO,Greener,climate change,746,0.8286698460298366,"AM HTO
Greener"
AM HTO,Greener,climate change,747,0.8571463936245977,"AM HTO
Greener"
AM HTO,Greener,climate change,748,0.9622964148299833,"AM HTO
Greener"
AM HTO,Greener,climate change,749,0.8920177313743225,"AM HTO
Greener"
AM HTO,Greener,climate change,750,0.7508050853656923,"AM HTO
Greener"
AM HTO,Greener,climate change,751,0.849916494015353,"AM HTO
Greener"
AM HTO,Greener,climate change,752,0.9378544157031139,"AM HTO
Greener"
AM HTO,Greener,climate change,753,0.8819378605756023,"AM HTO
Greener"
AM HTO,Greener,climate change,754,1.0916623971178254,"AM HTO
Greener"
AM HTO,Greener,climate change,755,1.080724175767003,"AM HTO
Greener"
AM HTO,Greener,climate change,756,0.8614573363420134,"AM HTO
Greener"
AM HTO,Greener,climate change,757,1.0239811037693112,"AM HTO
Greener"
AM HTO,Greener,climate change,758,1.1193548116820449,"AM HTO
Greener"
AM HTO,Greener,climate change,759,0.8810277301270935,"AM HTO
Greener"
AM HTO,Greener,climate change,760,1.0861137047841125,"AM HTO
Greener"
AM HTO,Greener,climate change,761,0.982428054158424,"AM HTO
Greener"
AM HTO,Greener,climate change,762,0.8393398140138691,"AM HTO
Greener"
AM HTO,Greener,climate change,763,1.1474490779108917,"AM HTO
Greener"
AM HTO,Greener,climate change,764,0.9426798406038152,"AM HTO
Greener"
AM HTO,Greener,climate change,765,0.9196351594947652,"AM HTO
Greener"
AM HTO,Greener,climate change,766,0.9154618028153216,"AM HTO
Greener"
AM HTO,Greener,climate change,767,1.1270471969131899,"AM HTO
Greener"
AM HTO,Greener,climate change,768,1.0665990064378958,"AM HTO
Greener"
AM HTO,Greener,climate change,769,0.9590725864320795,"AM HTO
Greener"
AM HTO,Greener,climate change,770,0.8993245856858287,"AM HTO
Greener"
AM HTO,Greener,climate change,771,0.9391558460601535,"AM HTO
Greener"
AM HTO,Greener,climate change,772,0.9636903285146812,"AM HTO
Greener"
AM HTO,Greener,climate change,773,0.9549958313115714,"AM HTO
Greener"
AM HTO,Greener,climate change,774,0.8897317684499051,"AM HTO
Greener"
AM HTO,Greener,climate change,775,0.9154278078682831,"AM HTO
Greener"
AM HTO,Greener,climate change,776,0.9766884483271343,"AM HTO
Greener"
AM HTO,Greener,climate change,777,1.06607688387117,"AM HTO
Greener"
AM HTO,Greener,climate change,778,1.0410189954342648,"AM HTO
Greener"
AM HTO,Greener,climate change,779,1.0347399167957376,"AM HTO
Greener"
AM HTO,Greener,climate change,780,0.9332085748168808,"AM HTO
Greener"
AM HTO,Greener,climate change,781,0.9974428243898995,"AM HTO
Greener"
AM HTO,Greener,climate change,782,0.9588333723397968,"AM HTO
Greener"
AM HTO,Greener,climate change,783,1.0134391018841753,"AM HTO
Greener"
AM HTO,Greener,climate change,784,1.0355341004406649,"AM HTO
Greener"
AM HTO,Greener,climate change,785,1.0289962136491642,"AM HTO
Greener"
AM HTO,Greener,climate change,786,1.0814371003982193,"AM HTO
Greener"
AM HTO,Greener,climate change,787,1.076528874727301,"AM HTO
Greener"
AM HTO,Greener,climate change,788,0.7908487068753555,"AM HTO
Greener"
AM HTO,Greener,climate change,789,0.99406878364628,"AM HTO
Greener"
AM HTO,Greener,climate change,790,0.8252029412747944,"AM HTO
Greener"
AM HTO,Greener,climate change,791,1.0483233543054482,"AM HTO
Greener"
AM HTO,Greener,climate change,792,1.0487159053009194,"AM HTO
Greener"
AM HTO,Greener,climate change,793,0.9177117238049445,"AM HTO
Greener"
AM HTO,Greener,climate change,794,1.0253629427942341,"AM HTO
Greener"
AM HTO,Greener,climate change,795,1.1480474377185244,"AM HTO
Greener"
AM HTO,Greener,climate change,796,0.8655764443739268,"AM HTO
Greener"
AM HTO,Greener,climate change,797,0.9984954269520551,"AM HTO
Greener"
AM HTO,Greener,climate change,798,0.9778504168406539,"AM HTO
Greener"
AM HTO,Greener,climate change,799,1.1045007800785598,"AM HTO
Greener"
AM HTO,Greener,climate change,800,1.0135290340103995,"AM HTO
Greener"
AM HTO,Greener,climate change,801,1.1088075031458684,"AM HTO
Greener"
AM HTO,Greener,climate change,802,0.9942652621123058,"AM HTO
Greener"
AM HTO,Greener,climate change,803,0.9164699672621047,"AM HTO
Greener"
AM HTO,Greener,climate change,804,1.0962291870457153,"AM HTO
Greener"
AM HTO,Greener,climate change,805,0.9966397781209291,"AM HTO
Greener"
AM HTO,Greener,climate change,806,0.828953658183894,"AM HTO
Greener"
AM HTO,Greener,climate change,807,1.1814451856210926,"AM HTO
Greener"
AM HTO,Greener,climate change,808,1.0987632775197405,"AM HTO
Greener"
AM HTO,Greener,climate change,809,0.9236963151028121,"AM HTO
Greener"
AM HTO,Greener,climate change,810,1.1854596665626642,"AM HTO
Greener"
AM HTO,Greener,climate change,811,0.97884842556091,"AM HTO
Greener"
AM HTO,Greener,climate change,812,0.7933161477598101,"AM HTO
Greener"
AM HTO,Greener,climate change,813,1.1944021389724864,"AM HTO
Greener"
AM HTO,Greener,climate change,814,1.002386788076222,"AM HTO
Greener"
AM HTO,Greener,climate change,815,1.0334184656613243,"AM HTO
Greener"
AM HTO,Greener,climate change,816,0.8948041410571987,"AM HTO
Greener"
AM HTO,Greener,climate change,817,0.9454260664539554,"AM HTO
Greener"
AM HTO,Greener,climate change,818,1.2113671837355147,"AM HTO
Greener"
AM HTO,Greener,climate change,819,1.167088044185626,"AM HTO
Greener"
AM HTO,Greener,climate change,820,0.997828176001916,"AM HTO
Greener"
AM HTO,Greener,climate change,821,1.0492347461979967,"AM HTO
Greener"
AM HTO,Greener,climate change,822,0.8826474801578496,"AM HTO
Greener"
AM HTO,Greener,climate change,823,1.0412588754691845,"AM HTO
Greener"
AM HTO,Greener,climate change,824,1.016527849822605,"AM HTO
Greener"
AM HTO,Greener,climate change,825,1.029162925523793,"AM HTO
Greener"
AM HTO,Greener,climate change,826,0.8884197447440771,"AM HTO
Greener"
AM HTO,Greener,climate change,827,1.102091786442786,"AM HTO
Greener"
AM HTO,Greener,climate change,828,0.9218589269922814,"AM HTO
Greener"
AM HTO,Greener,climate change,829,1.0088535184957492,"AM HTO
Greener"
AM HTO,Greener,climate change,830,0.9853678576908761,"AM HTO
Greener"
AM HTO,Greener,climate change,831,1.1653828773030954,"AM HTO
Greener"
AM HTO,Greener,climate change,832,0.9659392703923738,"AM HTO
Greener"
AM HTO,Greener,climate change,833,1.2460636552983633,"AM HTO
Greener"
AM HTO,Greener,climate change,834,1.0354846261007338,"AM HTO
Greener"
AM HTO,Greener,climate change,835,1.190506859946667,"AM HTO
Greener"
AM HTO,Greener,climate change,836,1.168962361961264,"AM HTO
Greener"
AM HTO,Greener,climate change,837,1.1479092113159353,"AM HTO
Greener"
AM HTO,Greener,climate change,838,1.0021745393182107,"AM HTO
Greener"
AM HTO,Greener,climate change,839,0.9477428787521882,"AM HTO
Greener"
AM HTO,Greener,climate change,840,0.7930969196822788,"AM HTO
Greener"
AM HTO,Greener,climate change,841,0.9817284555300169,"AM HTO
Greener"
AM HTO,Greener,climate change,842,1.1135094075544552,"AM HTO
Greener"
AM HTO,Greener,climate change,843,1.0974667035310857,"AM HTO
Greener"
AM HTO,Greener,climate change,844,0.9960473876010421,"AM HTO
Greener"
AM HTO,Greener,climate change,845,0.7816669423076198,"AM HTO
Greener"
AM HTO,Greener,climate change,846,0.912631640155259,"AM HTO
Greener"
AM HTO,Greener,climate change,847,1.1134826854222328,"AM HTO
Greener"
AM HTO,Greener,climate change,848,0.9747844601831712,"AM HTO
Greener"
AM HTO,Greener,climate change,849,1.0177479794121453,"AM HTO
Greener"
AM HTO,Greener,climate change,850,0.8448171086454769,"AM HTO
Greener"
AM HTO,Greener,climate change,851,0.9795075575956891,"AM HTO
Greener"
AM HTO,Greener,climate change,852,1.1148193076750927,"AM HTO
Greener"
AM HTO,Greener,climate change,853,1.122838120443001,"AM HTO
Greener"
AM HTO,Greener,climate change,854,0.866453107364391,"AM HTO
Greener"
AM HTO,Greener,climate change,855,0.8459349014574423,"AM HTO
Greener"
AM HTO,Greener,climate change,856,1.1380416270624596,"AM HTO
Greener"
AM HTO,Greener,climate change,857,0.8722794301923101,"AM HTO
Greener"
AM HTO,Greener,climate change,858,1.1499359621255316,"AM HTO
Greener"
AM HTO,Greener,climate change,859,1.0171154411529832,"AM HTO
Greener"
AM HTO,Greener,climate change,860,0.9191265373051669,"AM HTO
Greener"
AM HTO,Greener,climate change,861,1.2711323517402073,"AM HTO
Greener"
AM HTO,Greener,climate change,862,0.8819828767864802,"AM HTO
Greener"
AM HTO,Greener,climate change,863,0.9334358147836022,"AM HTO
Greener"
AM HTO,Greener,climate change,864,0.9055882008337091,"AM HTO
Greener"
AM HTO,Greener,climate change,865,0.7151666101118755,"AM HTO
Greener"
AM HTO,Greener,climate change,866,0.8953648445695814,"AM HTO
Greener"
AM HTO,Greener,climate change,867,1.075003116779306,"AM HTO
Greener"
AM HTO,Greener,climate change,868,0.8152217019203646,"AM HTO
Greener"
AM HTO,Greener,climate change,869,1.1693468761966321,"AM HTO
Greener"
AM HTO,Greener,climate change,870,0.9480972888222191,"AM HTO
Greener"
AM HTO,Greener,climate change,871,1.0294593289924905,"AM HTO
Greener"
AM HTO,Greener,climate change,872,0.8841940712801459,"AM HTO
Greener"
AM HTO,Greener,climate change,873,0.9001908407492811,"AM HTO
Greener"
AM HTO,Greener,climate change,874,1.174128293431369,"AM HTO
Greener"
AM HTO,Greener,climate change,875,1.0057074753033215,"AM HTO
Greener"
AM HTO,Greener,climate change,876,0.9354465625061706,"AM HTO
Greener"
AM HTO,Greener,climate change,877,1.1271691050476187,"AM HTO
Greener"
AM HTO,Greener,climate change,878,0.8743207294024405,"AM HTO
Greener"
AM HTO,Greener,climate change,879,0.9790978756265695,"AM HTO
Greener"
AM HTO,Greener,climate change,880,1.0560278946206143,"AM HTO
Greener"
AM HTO,Greener,climate change,881,1.0219121278555994,"AM HTO
Greener"
AM HTO,Greener,climate change,882,0.8830062759418845,"AM HTO
Greener"
AM HTO,Greener,climate change,883,0.9952590547973335,"AM HTO
Greener"
AM HTO,Greener,climate change,884,1.0359974111108678,"AM HTO
Greener"
AM HTO,Greener,climate change,885,1.0922389085319915,"AM HTO
Greener"
AM HTO,Greener,climate change,886,0.9895265601660063,"AM HTO
Greener"
AM HTO,Greener,climate change,887,0.9960088649589502,"AM HTO
Greener"
AM HTO,Greener,climate change,888,0.9527534086814989,"AM HTO
Greener"
AM HTO,Greener,climate change,889,0.9682745441163996,"AM HTO
Greener"
AM HTO,Greener,climate change,890,1.0755626672089729,"AM HTO
Greener"
AM HTO,Greener,climate change,891,1.0633700206084806,"AM HTO
Greener"
AM HTO,Greener,climate change,892,1.0390930849116085,"AM HTO
Greener"
AM HTO,Greener,climate change,893,1.2506175071956869,"AM HTO
Greener"
AM HTO,Greener,climate change,894,1.0496746013500398,"AM HTO
Greener"
AM HTO,Greener,climate change,895,0.8531019214860768,"AM HTO
Greener"
AM HTO,Greener,climate change,896,0.8523400559420415,"AM HTO
Greener"
AM HTO,Greener,climate change,897,0.9805991487738386,"AM HTO
Greener"
AM HTO,Greener,climate change,898,0.899440221203574,"AM HTO
Greener"
AM HTO,Greener,climate change,899,0.8226649572657825,"AM HTO
Greener"
AM HTO,Greener,climate change,900,0.8353790805234151,"AM HTO
Greener"
AM HTO,Greener,climate change,901,0.9315645974546203,"AM HTO
Greener"
AM HTO,Greener,climate change,902,1.102624756952657,"AM HTO
Greener"
AM HTO,Greener,climate change,903,1.0455410688380675,"AM HTO
Greener"
AM HTO,Greener,climate change,904,1.1208105541916364,"AM HTO
Greener"
AM HTO,Greener,climate change,905,0.9170945502876594,"AM HTO
Greener"
AM HTO,Greener,climate change,906,0.9341293576920854,"AM HTO
Greener"
AM HTO,Greener,climate change,907,0.9036534784520915,"AM HTO
Greener"
AM HTO,Greener,climate change,908,0.8782703852277813,"AM HTO
Greener"
AM HTO,Greener,climate change,909,1.0564173319757433,"AM HTO
Greener"
AM HTO,Greener,climate change,910,0.9080310510125076,"AM HTO
Greener"
AM HTO,Greener,climate change,911,1.0948723662975044,"AM HTO
Greener"
AM HTO,Greener,climate change,912,1.012822955109221,"AM HTO
Greener"
AM HTO,Greener,climate change,913,0.977115136013678,"AM HTO
Greener"
AM HTO,Greener,climate change,914,0.7914190888714416,"AM HTO
Greener"
AM HTO,Greener,climate change,915,1.1672973847468375,"AM HTO
Greener"
AM HTO,Greener,climate change,916,1.1594790713754093,"AM HTO
Greener"
AM HTO,Greener,climate change,917,0.9292583338734934,"AM HTO
Greener"
AM HTO,Greener,climate change,918,1.059769235215739,"AM HTO
Greener"
AM HTO,Greener,climate change,919,1.0243784037279717,"AM HTO
Greener"
AM HTO,Greener,climate change,920,0.9533040777586241,"AM HTO
Greener"
AM HTO,Greener,climate change,921,1.0802037526346508,"AM HTO
Greener"
AM HTO,Greener,climate change,922,0.8441514980746915,"AM HTO
Greener"
AM HTO,Greener,climate change,923,1.0270597170136004,"AM HTO
Greener"
AM HTO,Greener,climate change,924,0.9561417637239933,"AM HTO
Greener"
AM HTO,Greener,climate change,925,1.035984719442663,"AM HTO
Greener"
AM HTO,Greener,climate change,926,0.9165461502707297,"AM HTO
Greener"
AM HTO,Greener,climate change,927,0.8830973104531474,"AM HTO
Greener"
AM HTO,Greener,climate change,928,0.9699376027895754,"AM HTO
Greener"
AM HTO,Greener,climate change,929,1.0575223734043715,"AM HTO
Greener"
AM HTO,Greener,climate change,930,0.8683392362545798,"AM HTO
Greener"
AM HTO,Greener,climate change,931,0.9957529980036204,"AM HTO
Greener"
AM HTO,Greener,climate change,932,1.031345161545235,"AM HTO
Greener"
AM HTO,Greener,climate change,933,0.9348236025319383,"AM HTO
Greener"
AM HTO,Greener,climate change,934,0.9730259263491892,"AM HTO
Greener"
AM HTO,Greener,climate change,935,0.9497732895487399,"AM HTO
Greener"
AM HTO,Greener,climate change,936,1.0063069382026273,"AM HTO
Greener"
AM HTO,Greener,climate change,937,1.0103258319484414,"AM HTO
Greener"
AM HTO,Greener,climate change,938,1.0151471099436085,"AM HTO
Greener"
AM HTO,Greener,climate change,939,0.9499658659373875,"AM HTO
Greener"
AM HTO,Greener,climate change,940,0.9316843371896187,"AM HTO
Greener"
AM HTO,Greener,climate change,941,0.7980855109936031,"AM HTO
Greener"
AM HTO,Greener,climate change,942,1.1313222455709497,"AM HTO
Greener"
AM HTO,Greener,climate change,943,0.8678032492973068,"AM HTO
Greener"
AM HTO,Greener,climate change,944,1.0045070802037595,"AM HTO
Greener"
AM HTO,Greener,climate change,945,1.0505248795508808,"AM HTO
Greener"
AM HTO,Greener,climate change,946,0.7767810498724506,"AM HTO
Greener"
AM HTO,Greener,climate change,947,1.0516357639095875,"AM HTO
Greener"
AM HTO,Greener,climate change,948,0.7922571048992424,"AM HTO
Greener"
AM HTO,Greener,climate change,949,1.0585458203264961,"AM HTO
Greener"
AM HTO,Greener,climate change,950,1.0535773501391652,"AM HTO
Greener"
AM HTO,Greener,climate change,951,0.8668665538616446,"AM HTO
Greener"
AM HTO,Greener,climate change,952,0.9825592172111004,"AM HTO
Greener"
AM HTO,Greener,climate change,953,1.0968433204371244,"AM HTO
Greener"
AM HTO,Greener,climate change,954,0.9889264859469702,"AM HTO
Greener"
AM HTO,Greener,climate change,955,0.9465150991014581,"AM HTO
Greener"
AM HTO,Greener,climate change,956,1.0577957075091002,"AM HTO
Greener"
AM HTO,Greener,climate change,957,0.971356897027382,"AM HTO
Greener"
AM HTO,Greener,climate change,958,1.1006712795524554,"AM HTO
Greener"
AM HTO,Greener,climate change,959,0.9806353821594321,"AM HTO
Greener"
AM HTO,Greener,climate change,960,0.9269053827600613,"AM HTO
Greener"
AM HTO,Greener,climate change,961,1.003357120271222,"AM HTO
Greener"
AM HTO,Greener,climate change,962,0.9373477997805355,"AM HTO
Greener"
AM HTO,Greener,climate change,963,0.9434789199582923,"AM HTO
Greener"
AM HTO,Greener,climate change,964,1.0670105470488345,"AM HTO
Greener"
AM HTO,Greener,climate change,965,1.0376592488719882,"AM HTO
Greener"
AM HTO,Greener,climate change,966,0.932069643768037,"AM HTO
Greener"
AM HTO,Greener,climate change,967,0.8757093983442247,"AM HTO
Greener"
AM HTO,Greener,climate change,968,1.0045877811579076,"AM HTO
Greener"
AM HTO,Greener,climate change,969,1.0334075599423214,"AM HTO
Greener"
AM HTO,Greener,climate change,970,1.0469897423471048,"AM HTO
Greener"
AM HTO,Greener,climate change,971,1.0966289224226842,"AM HTO
Greener"
AM HTO,Greener,climate change,972,1.0686050659567325,"AM HTO
Greener"
AM HTO,Greener,climate change,973,0.9697376472074795,"AM HTO
Greener"
AM HTO,Greener,climate change,974,0.9593851609256997,"AM HTO
Greener"
AM HTO,Greener,climate change,975,0.9743476900066883,"AM HTO
Greener"
AM HTO,Greener,climate change,976,0.9559657418268528,"AM HTO
Greener"
AM HTO,Greener,climate change,977,0.8595794043905124,"AM HTO
Greener"
AM HTO,Greener,climate change,978,1.0720815891939701,"AM HTO
Greener"
AM HTO,Greener,climate change,979,0.9907870343607885,"AM HTO
Greener"
AM HTO,Greener,climate change,980,1.0873886960633483,"AM HTO
Greener"
AM HTO,Greener,climate change,981,0.9633317517562492,"AM HTO
Greener"
AM HTO,Greener,climate change,982,0.8691719199990305,"AM HTO
Greener"
AM HTO,Greener,climate change,983,1.236731955761065,"AM HTO
Greener"
AM HTO,Greener,climate change,984,1.222278406452575,"AM HTO
Greener"
AM HTO,Greener,climate change,985,0.8724898639180501,"AM HTO
Greener"
AM HTO,Greener,climate change,986,1.1748339829557615,"AM HTO
Greener"
AM HTO,Greener,climate change,987,0.9350507040707597,"AM HTO
Greener"
AM HTO,Greener,climate change,988,1.1195208926727642,"AM HTO
Greener"
AM HTO,Greener,climate change,989,0.9011257765146589,"AM HTO
Greener"
AM HTO,Greener,climate change,990,1.0509062106015123,"AM HTO
Greener"
AM HTO,Greener,climate change,991,0.8856861333578988,"AM HTO
Greener"
AM HTO,Greener,climate change,992,0.9440268817947658,"AM HTO
Greener"
AM HTO,Greener,climate change,993,0.9021226612007542,"AM HTO
Greener"
AM HTO,Greener,climate change,994,0.9694211821169887,"AM HTO
Greener"
AM HTO,Greener,climate change,995,0.8838138790891866,"AM HTO
Greener"
AM HTO,Greener,climate change,996,1.0609458821908266,"AM HTO
Greener"
AM HTO,Greener,climate change,997,1.028392647150958,"AM HTO
Greener"
AM HTO,Greener,climate change,998,0.9600992626369658,"AM HTO
Greener"
AM HTO,Greener,climate change,999,0.9301332081097764,"AM HTO
Greener"
AM HTO (steel jig),Current,climate change,0,1.2226549229123405,"AM HTO (steel jig)
Current"
AM HTO (steel jig),Current,climate change,1,1.0762280986238921,"AM HTO (steel jig)
Current"
AM HTO (steel jig),Current,climate change,2,1.3369309270241032,"AM HTO (steel jig)
Current"
AM HTO (steel jig),Current,climate change,3,1.1830578214877068,"AM HTO (steel jig)
Current"
AM HTO (steel jig),Current,climate change,4,1.0378524629180963,"AM HTO (steel jig)
Current"
AM HTO (steel jig),Current,climate change,5,1.0806592028827031,"AM HTO (steel jig)
Current"
AM HTO (steel jig),Current,climate change,6,1.1842034405067214,"AM HTO (steel jig)
Current"
AM HTO (steel jig),Current,climate change,7,1.1945711445103453,"AM HTO (steel jig)
Current"
AM HTO (steel jig),Current,climate change,8,1.1379343819418173,"AM HTO (steel jig)
Current"
AM HTO (steel jig),Current,climate change,9,1.1116494726292152,"AM HTO (steel jig)
Current"
AM HTO (steel jig),Current,climate change,10,1.2071813540928227,"AM HTO (steel jig)
Current"
AM HTO (steel jig),Current,climate change,11,1.0691751476196467,"AM HTO (steel jig)
Current"
AM HTO (steel jig),Current,climate change,12,1.0570855016221947,"AM HTO (steel jig)
Current"
AM HTO (steel jig),Current,climate change,13,0.9617921959777714,"AM HTO (steel jig)
Current"
AM HTO (steel jig),Current,climate change,14,1.1634884857579537,"AM HTO (steel jig)
Current"
AM HTO (steel jig),Current,climate change,15,1.115169395724922,"AM HTO (steel jig)
Current"
AM HTO (steel jig),Current,climate change,16,1.224305116541405,"AM HTO (steel jig)
Current"
AM HTO (steel jig),Current,climate change,17,1.028055488641966,"AM HTO (steel jig)
Current"
AM HTO (steel jig),Current,climate change,18,1.1865956159809026,"AM HTO (steel jig)
Current"
AM HTO (steel jig),Current,climate change,19,1.0257740975055596,"AM HTO (steel jig)
Current"
AM HTO (steel jig),Current,climate change,20,1.0586100053466685,"AM HTO (steel jig)
Current"
AM HTO (steel jig),Current,climate change,21,0.9258313144182215,"AM HTO (steel jig)
Current"
AM HTO (steel jig),Current,climate change,22,1.1131212596118008,"AM HTO (steel jig)
Current"
AM HTO (steel jig),Current,climate change,23,1.0752246777587025,"AM HTO (steel jig)
Current"
AM HTO (steel jig),Current,climate change,24,1.0123732911761945,"AM HTO (steel jig)
Current"
AM HTO (steel jig),Current,climate change,25,1.0457816935660849,"AM HTO (steel jig)
Current"
AM HTO (steel jig),Current,climate change,26,1.2266511332786314,"AM HTO (steel jig)
Current"
AM HTO (steel jig),Current,climate change,27,1.1226606299962294,"AM HTO (steel jig)
Current"
AM HTO (steel jig),Current,climate change,28,1.0330034626250073,"AM HTO (steel jig)
Current"
AM HTO (steel jig),Current,climate change,29,0.9644306722421718,"AM HTO (steel jig)
Current"
AM HTO (steel jig),Current,climate change,30,1.3380662802013548,"AM HTO (steel jig)
Current"
AM HTO (steel jig),Current,climate change,31,1.070762771168894,"AM HTO (steel jig)
Current"
AM HTO (steel jig),Current,climate change,32,1.252030125899487,"AM HTO (steel jig)
Current"
AM HTO (steel jig),Current,climate change,33,1.0491515840477539,"AM HTO (steel jig)
Current"
AM HTO (steel jig),Current,climate change,34,1.0744959011332782,"AM HTO (steel jig)
Current"
AM HTO (steel jig),Current,climate change,35,1.2040579116829293,"AM HTO (steel jig)
Current"
AM HTO (steel jig),Current,climate change,36,0.9971372743551634,"AM HTO (steel jig)
Current"
AM HTO (steel jig),Current,climate change,37,1.250911405451283,"AM HTO (steel jig)
Current"
AM HTO (steel jig),Current,climate change,38,0.9562848096891432,"AM HTO (steel jig)
Current"
AM HTO (steel jig),Current,climate change,39,0.9324220159601847,"AM HTO (steel jig)
Current"
AM HTO (steel jig),Current,climate change,40,1.219905155266431,"AM HTO (steel jig)
Current"
AM HTO (steel jig),Current,climate change,41,1.0971513917901778,"AM HTO (steel jig)
Current"
AM HTO (steel jig),Current,climate change,42,1.2817737944848655,"AM HTO (steel jig)
Current"
AM HTO (steel jig),Current,climate change,43,0.9977190452232212,"AM HTO (steel jig)
Current"
AM HTO (steel jig),Current,climate change,44,1.1646986320059605,"AM HTO (steel jig)
Current"
AM HTO (steel jig),Current,climate change,45,1.3085318158823203,"AM HTO (steel jig)
Current"
AM HTO (steel jig),Current,climate change,46,1.1236913968672357,"AM HTO (steel jig)
Current"
AM HTO (steel jig),Current,climate change,47,1.2198270758654153,"AM HTO (steel jig)
Current"
AM HTO (steel jig),Current,climate change,48,1.0859345551485735,"AM HTO (steel jig)
Current"
AM HTO (steel jig),Current,climate change,49,1.250909463422793,"AM HTO (steel jig)
Current"
AM HTO (steel jig),Current,climate change,50,1.1744332858017041,"AM HTO (steel jig)
Current"
AM HTO (steel jig),Current,climate change,51,1.1756182882135198,"AM HTO (steel jig)
Current"
AM HTO (steel jig),Current,climate change,52,1.1338072309562717,"AM HTO (steel jig)
Current"
AM HTO (steel jig),Current,climate change,53,1.098937437096489,"AM HTO (steel jig)
Current"
AM HTO (steel jig),Current,climate change,54,1.3475436644178933,"AM HTO (steel jig)
Current"
AM HTO (steel jig),Current,climate change,55,0.9552268478367719,"AM HTO (steel jig)
Current"
AM HTO (steel jig),Current,climate change,56,1.2264101982425317,"AM HTO (steel jig)
Current"
AM HTO (steel jig),Current,climate change,57,0.8854035502884772,"AM HTO (steel jig)
Current"
AM HTO (steel jig),Current,climate change,58,0.9774639016188269,"AM HTO (steel jig)
Current"
AM HTO (steel jig),Current,climate change,59,1.0455519563104985,"AM HTO (steel jig)
Current"
AM HTO (steel jig),Current,climate change,60,1.301141206526245,"AM HTO (steel jig)
Current"
AM HTO (steel jig),Current,climate change,61,0.9821849303506934,"AM HTO (steel jig)
Current"
AM HTO (steel jig),Current,climate change,62,1.1738856482077777,"AM HTO (steel jig)
Current"
AM HTO (steel jig),Current,climate change,63,1.3037725898622523,"AM HTO (steel jig)
Current"
AM HTO (steel jig),Current,climate change,64,1.0550263657351675,"AM HTO (steel jig)
Current"
AM HTO (steel jig),Current,climate change,65,1.240772435840111,"AM HTO (steel jig)
Current"
AM HTO (steel jig),Current,climate change,66,1.2337614596414501,"AM HTO (steel jig)
Current"
AM HTO (steel jig),Current,climate change,67,0.9416174202234151,"AM HTO (steel jig)
Current"
AM HTO (steel jig),Current,climate change,68,1.2361668779685901,"AM HTO (steel jig)
Current"
AM HTO (steel jig),Current,climate change,69,1.2778283851970522,"AM HTO (steel jig)
Current"
AM HTO (steel jig),Current,climate change,70,1.14919868920016,"AM HTO (steel jig)
Current"
AM HTO (steel jig),Current,climate change,71,1.2047878689125853,"AM HTO (steel jig)
Current"
AM HTO (steel jig),Current,climate change,72,1.1931267551743499,"AM HTO (steel jig)
Current"
AM HTO (steel jig),Current,climate change,73,1.0678030885260514,"AM HTO (steel jig)
Current"
AM HTO (steel jig),Current,climate change,74,1.0426249975532833,"AM HTO (steel jig)
Current"
AM HTO (steel jig),Current,climate change,75,1.1078779989753589,"AM HTO (steel jig)
Current"
AM HTO (steel jig),Current,climate change,76,1.0918759389563053,"AM HTO (steel jig)
Current"
AM HTO (steel jig),Current,climate change,77,1.105639050784181,"AM HTO (steel jig)
Current"
AM HTO (steel jig),Current,climate change,78,1.146688807925213,"AM HTO (steel jig)
Current"
AM HTO (steel jig),Current,climate change,79,1.197361692027961,"AM HTO (steel jig)
Current"
AM HTO (steel jig),Current,climate change,80,1.2560953506755186,"AM HTO (steel jig)
Current"
AM HTO (steel jig),Current,climate change,81,1.3012749414040967,"AM HTO (steel jig)
Current"
AM HTO (steel jig),Current,climate change,82,1.0031256764329897,"AM HTO (steel jig)
Current"
AM HTO (steel jig),Current,climate change,83,1.2748177751829053,"AM HTO (steel jig)
Current"
AM HTO (steel jig),Current,climate change,84,1.1045759997315565,"AM HTO (steel jig)
Current"
AM HTO (steel jig),Current,climate change,85,1.0732906026943883,"AM HTO (steel jig)
Current"
AM HTO (steel jig),Current,climate change,86,1.036669475723818,"AM HTO (steel jig)
Current"
AM HTO (steel jig),Current,climate change,87,1.2380034122391288,"AM HTO (steel jig)
Current"
AM HTO (steel jig),Current,climate change,88,1.0796022173790403,"AM HTO (steel jig)
Current"
AM HTO (steel jig),Current,climate change,89,1.201093692013698,"AM HTO (steel jig)
Current"
AM HTO (steel jig),Current,climate change,90,1.3687400043316704,"AM HTO (steel jig)
Current"
AM HTO (steel jig),Current,climate change,91,0.9738581330821894,"AM HTO (steel jig)
Current"
AM HTO (steel jig),Current,climate change,92,1.0259970688374824,"AM HTO (steel jig)
Current"
AM HTO (steel jig),Current,climate change,93,1.2196887722926324,"AM HTO (steel jig)
Current"
AM HTO (steel jig),Current,climate change,94,1.2257721750425636,"AM HTO (steel jig)
Current"
AM HTO (steel jig),Current,climate change,95,1.225851222209993,"AM HTO (steel jig)
Current"
AM HTO (steel jig),Current,climate change,96,1.0829974523887698,"AM HTO (steel jig)
Current"
AM HTO (steel jig),Current,climate change,97,1.0493848516983268,"AM HTO (steel jig)
Current"
AM HTO (steel jig),Current,climate change,98,1.1754866601454652,"AM HTO (steel jig)
Current"
AM HTO (steel jig),Current,climate change,99,0.9556004151440771,"AM HTO (steel jig)
Current"
AM HTO (steel jig),Current,climate change,100,0.9787683885107747,"AM HTO (steel jig)
Current"
AM HTO (steel jig),Current,climate change,101,1.204351040499969,"AM HTO (steel jig)
Current"
AM HTO (steel jig),Current,climate change,102,1.0237821593293182,"AM HTO (steel jig)
Current"
AM HTO (steel jig),Current,climate change,103,1.2031772726795646,"AM HTO (steel jig)
Current"
AM HTO (steel jig),Current,climate change,104,1.2832135202898554,"AM HTO (steel jig)
Current"
AM HTO (steel jig),Current,climate change,105,1.1965003479741603,"AM HTO (steel jig)
Current"
AM HTO (steel jig),Current,climate change,106,0.9812733894232751,"AM HTO (steel jig)
Current"
AM HTO (steel jig),Current,climate change,107,1.148484194154331,"AM HTO (steel jig)
Current"
AM HTO (steel jig),Current,climate change,108,0.9149160560006421,"AM HTO (steel jig)
Current"
AM HTO (steel jig),Current,climate change,109,1.0646640680854738,"AM HTO (steel jig)
Current"
AM HTO (steel jig),Current,climate change,110,1.0437433289181508,"AM HTO (steel jig)
Current"
AM HTO (steel jig),Current,climate change,111,0.9990228990582721,"AM HTO (steel jig)
Current"
AM HTO (steel jig),Current,climate change,112,1.0382237642401742,"AM HTO (steel jig)
Current"
AM HTO (steel jig),Current,climate change,113,1.0491654596024538,"AM HTO (steel jig)
Current"
AM HTO (steel jig),Current,climate change,114,1.050276283985389,"AM HTO (steel jig)
Current"
AM HTO (steel jig),Current,climate change,115,1.1236382288717368,"AM HTO (steel jig)
Current"
AM HTO (steel jig),Current,climate change,116,1.3069704031837979,"AM HTO (steel jig)
Current"
AM HTO (steel jig),Current,climate change,117,1.037627587599498,"AM HTO (steel jig)
Current"
AM HTO (steel jig),Current,climate change,118,1.2453426841874689,"AM HTO (steel jig)
Current"
AM HTO (steel jig),Current,climate change,119,1.1706543054973353,"AM HTO (steel jig)
Current"
AM HTO (steel jig),Current,climate change,120,1.3365684230781094,"AM HTO (steel jig)
Current"
AM HTO (steel jig),Current,climate change,121,1.0004111899604347,"AM HTO (steel jig)
Current"
AM HTO (steel jig),Current,climate change,122,1.1452482128432087,"AM HTO (steel jig)
Current"
AM HTO (steel jig),Current,climate change,123,1.114865389374461,"AM HTO (steel jig)
Current"
AM HTO (steel jig),Current,climate change,124,1.105448252408333,"AM HTO (steel jig)
Current"
AM HTO (steel jig),Current,climate change,125,1.1098734147175024,"AM HTO (steel jig)
Current"
AM HTO (steel jig),Current,climate change,126,0.9809584424618956,"AM HTO (steel jig)
Current"
AM HTO (steel jig),Current,climate change,127,1.1006098971699316,"AM HTO (steel jig)
Current"
AM HTO (steel jig),Current,climate change,128,1.1733469344145027,"AM HTO (steel jig)
Current"
AM HTO (steel jig),Current,climate change,129,1.0234555823949634,"AM HTO (steel jig)
Current"
AM HTO (steel jig),Current,climate change,130,0.9634985055616788,"AM HTO (steel jig)
Current"
AM HTO (steel jig),Current,climate change,131,1.0893554479363152,"AM HTO (steel jig)
Current"
AM HTO (steel jig),Current,climate change,132,1.0274909172876086,"AM HTO (steel jig)
Current"
AM HTO (steel jig),Current,climate change,133,1.277991399722996,"AM HTO (steel jig)
Current"
AM HTO (steel jig),Current,climate change,134,1.1630031554007298,"AM HTO (steel jig)
Current"
AM HTO (steel jig),Current,climate change,135,1.080650386703138,"AM HTO (steel jig)
Current"
AM HTO (steel jig),Current,climate change,136,1.0665153854598526,"AM HTO (steel jig)
Current"
AM HTO (steel jig),Current,climate change,137,1.0847988389144116,"AM HTO (steel jig)
Current"
AM HTO (steel jig),Current,climate change,138,1.0083470594675854,"AM HTO (steel jig)
Current"
AM HTO (steel jig),Current,climate change,139,0.9875227574295359,"AM HTO (steel jig)
Current"
AM HTO (steel jig),Current,climate change,140,0.9025979188498507,"AM HTO (steel jig)
Current"
AM HTO (steel jig),Current,climate change,141,1.0349830220016563,"AM HTO (steel jig)
Current"
AM HTO (steel jig),Current,climate change,142,1.2162657130093568,"AM HTO (steel jig)
Current"
AM HTO (steel jig),Current,climate change,143,1.0311909262988357,"AM HTO (steel jig)
Current"
AM HTO (steel jig),Current,climate change,144,1.2294078830114565,"AM HTO (steel jig)
Current"
AM HTO (steel jig),Current,climate change,145,1.2461948856733973,"AM HTO (steel jig)
Current"
AM HTO (steel jig),Current,climate change,146,0.9133908084262344,"AM HTO (steel jig)
Current"
AM HTO (steel jig),Current,climate change,147,0.9333305247040133,"AM HTO (steel jig)
Current"
AM HTO (steel jig),Current,climate change,148,0.9825238290090411,"AM HTO (steel jig)
Current"
AM HTO (steel jig),Current,climate change,149,1.125695848579004,"AM HTO (steel jig)
Current"
AM HTO (steel jig),Current,climate change,150,1.0692415441182583,"AM HTO (steel jig)
Current"
AM HTO (steel jig),Current,climate change,151,1.055345392457195,"AM HTO (steel jig)
Current"
AM HTO (steel jig),Current,climate change,152,1.3171015649718187,"AM HTO (steel jig)
Current"
AM HTO (steel jig),Current,climate change,153,1.0339268805684305,"AM HTO (steel jig)
Current"
AM HTO (steel jig),Current,climate change,154,1.1083792818830003,"AM HTO (steel jig)
Current"
AM HTO (steel jig),Current,climate change,155,1.0388562550187954,"AM HTO (steel jig)
Current"
AM HTO (steel jig),Current,climate change,156,1.1714703705138225,"AM HTO (steel jig)
Current"
AM HTO (steel jig),Current,climate change,157,0.948554432638169,"AM HTO (steel jig)
Current"
AM HTO (steel jig),Current,climate change,158,1.0844990814626794,"AM HTO (steel jig)
Current"
AM HTO (steel jig),Current,climate change,159,1.1635318544684794,"AM HTO (steel jig)
Current"
AM HTO (steel jig),Current,climate change,160,1.1502359641039195,"AM HTO (steel jig)
Current"
AM HTO (steel jig),Current,climate change,161,1.18930871218921,"AM HTO (steel jig)
Current"
AM HTO (steel jig),Current,climate change,162,1.0317966872787183,"AM HTO (steel jig)
Current"
AM HTO (steel jig),Current,climate change,163,1.050697542348978,"AM HTO (steel jig)
Current"
AM HTO (steel jig),Current,climate change,164,1.0827592623889488,"AM HTO (steel jig)
Current"
AM HTO (steel jig),Current,climate change,165,1.2124766873976291,"AM HTO (steel jig)
Current"
AM HTO (steel jig),Current,climate change,166,1.1344904633090103,"AM HTO (steel jig)
Current"
AM HTO (steel jig),Current,climate change,167,0.9712729221527829,"AM HTO (steel jig)
Current"
AM HTO (steel jig),Current,climate change,168,1.09985593248571,"AM HTO (steel jig)
Current"
AM HTO (steel jig),Current,climate change,169,1.153578337722583,"AM HTO (steel jig)
Current"
AM HTO (steel jig),Current,climate change,170,1.127022264507815,"AM HTO (steel jig)
Current"
AM HTO (steel jig),Current,climate change,171,1.1250552504100662,"AM HTO (steel jig)
Current"
AM HTO (steel jig),Current,climate change,172,1.1890779622721304,"AM HTO (steel jig)
Current"
AM HTO (steel jig),Current,climate change,173,1.0883459860261375,"AM HTO (steel jig)
Current"
AM HTO (steel jig),Current,climate change,174,0.9460169725714667,"AM HTO (steel jig)
Current"
AM HTO (steel jig),Current,climate change,175,1.2359394536953867,"AM HTO (steel jig)
Current"
AM HTO (steel jig),Current,climate change,176,1.0143495091694887,"AM HTO (steel jig)
Current"
AM HTO (steel jig),Current,climate change,177,1.0246243136305269,"AM HTO (steel jig)
Current"
AM HTO (steel jig),Current,climate change,178,1.1614786239072565,"AM HTO (steel jig)
Current"
AM HTO (steel jig),Current,climate change,179,0.9168482301155689,"AM HTO (steel jig)
Current"
AM HTO (steel jig),Current,climate change,180,1.1597349966408717,"AM HTO (steel jig)
Current"
AM HTO (steel jig),Current,climate change,181,0.9810464629434015,"AM HTO (steel jig)
Current"
AM HTO (steel jig),Current,climate change,182,1.3201999289204975,"AM HTO (steel jig)
Current"
AM HTO (steel jig),Current,climate change,183,1.037168879908417,"AM HTO (steel jig)
Current"
AM HTO (steel jig),Current,climate change,184,1.109323745559915,"AM HTO (steel jig)
Current"
AM HTO (steel jig),Current,climate change,185,1.145797087665622,"AM HTO (steel jig)
Current"
AM HTO (steel jig),Current,climate change,186,1.0689414311832444,"AM HTO (steel jig)
Current"
AM HTO (steel jig),Current,climate change,187,1.1888211115117266,"AM HTO (steel jig)
Current"
AM HTO (steel jig),Current,climate change,188,1.0812758625450374,"AM HTO (steel jig)
Current"
AM HTO (steel jig),Current,climate change,189,1.36500696810116,"AM HTO (steel jig)
Current"
AM HTO (steel jig),Current,climate change,190,1.1330489769114274,"AM HTO (steel jig)
Current"
AM HTO (steel jig),Current,climate change,191,1.2845522178888054,"AM HTO (steel jig)
Current"
AM HTO (steel jig),Current,climate change,192,0.9003220549433423,"AM HTO (steel jig)
Current"
AM HTO (steel jig),Current,climate change,193,1.1354922839252481,"AM HTO (steel jig)
Current"
AM HTO (steel jig),Current,climate change,194,1.0082435024832959,"AM HTO (steel jig)
Current"
AM HTO (steel jig),Current,climate change,195,1.1534522723181118,"AM HTO (steel jig)
Current"
AM HTO (steel jig),Current,climate change,196,1.0638753141920365,"AM HTO (steel jig)
Current"
AM HTO (steel jig),Current,climate change,197,1.230172140659342,"AM HTO (steel jig)
Current"
AM HTO (steel jig),Current,climate change,198,1.1517533149229233,"AM HTO (steel jig)
Current"
AM HTO (steel jig),Current,climate change,199,1.113079579850665,"AM HTO (steel jig)
Current"
AM HTO (steel jig),Current,climate change,200,1.140820831516556,"AM HTO (steel jig)
Current"
AM HTO (steel jig),Current,climate change,201,1.0635849939558124,"AM HTO (steel jig)
Current"
AM HTO (steel jig),Current,climate change,202,1.062429519862196,"AM HTO (steel jig)
Current"
AM HTO (steel jig),Current,climate change,203,1.0683848712020534,"AM HTO (steel jig)
Current"
AM HTO (steel jig),Current,climate change,204,1.0228596764167102,"AM HTO (steel jig)
Current"
AM HTO (steel jig),Current,climate change,205,1.0856799340484413,"AM HTO (steel jig)
Current"
AM HTO (steel jig),Current,climate change,206,1.3006590270511422,"AM HTO (steel jig)
Current"
AM HTO (steel jig),Current,climate change,207,1.1650383836410088,"AM HTO (steel jig)
Current"
AM HTO (steel jig),Current,climate change,208,0.9852449019196957,"AM HTO (steel jig)
Current"
AM HTO (steel jig),Current,climate change,209,1.1593682647521821,"AM HTO (steel jig)
Current"
AM HTO (steel jig),Current,climate change,210,1.1022202552396096,"AM HTO (steel jig)
Current"
AM HTO (steel jig),Current,climate change,211,1.0664235597360037,"AM HTO (steel jig)
Current"
AM HTO (steel jig),Current,climate change,212,1.1452309834612018,"AM HTO (steel jig)
Current"
AM HTO (steel jig),Current,climate change,213,1.16876808583209,"AM HTO (steel jig)
Current"
AM HTO (steel jig),Current,climate change,214,0.9160367956013669,"AM HTO (steel jig)
Current"
AM HTO (steel jig),Current,climate change,215,1.2172030042715325,"AM HTO (steel jig)
Current"
AM HTO (steel jig),Current,climate change,216,1.0797677983445744,"AM HTO (steel jig)
Current"
AM HTO (steel jig),Current,climate change,217,1.233386294750103,"AM HTO (steel jig)
Current"
AM HTO (steel jig),Current,climate change,218,1.2939856319319858,"AM HTO (steel jig)
Current"
AM HTO (steel jig),Current,climate change,219,1.1530657115093663,"AM HTO (steel jig)
Current"
AM HTO (steel jig),Current,climate change,220,0.9336036576949068,"AM HTO (steel jig)
Current"
AM HTO (steel jig),Current,climate change,221,1.1535658839450544,"AM HTO (steel jig)
Current"
AM HTO (steel jig),Current,climate change,222,1.1769303609969475,"AM HTO (steel jig)
Current"
AM HTO (steel jig),Current,climate change,223,1.1376659738870272,"AM HTO (steel jig)
Current"
AM HTO (steel jig),Current,climate change,224,1.2061822348557214,"AM HTO (steel jig)
Current"
AM HTO (steel jig),Current,climate change,225,1.0560054855127796,"AM HTO (steel jig)
Current"
AM HTO (steel jig),Current,climate change,226,1.0556520683818404,"AM HTO (steel jig)
Current"
AM HTO (steel jig),Current,climate change,227,1.0019472105517,"AM HTO (steel jig)
Current"
AM HTO (steel jig),Current,climate change,228,1.104645051437193,"AM HTO (steel jig)
Current"
AM HTO (steel jig),Current,climate change,229,1.1152774989767353,"AM HTO (steel jig)
Current"
AM HTO (steel jig),Current,climate change,230,1.1788444246642045,"AM HTO (steel jig)
Current"
AM HTO (steel jig),Current,climate change,231,1.2232032819176886,"AM HTO (steel jig)
Current"
AM HTO (steel jig),Current,climate change,232,0.9493916227427851,"AM HTO (steel jig)
Current"
AM HTO (steel jig),Current,climate change,233,1.2082936824685027,"AM HTO (steel jig)
Current"
AM HTO (steel jig),Current,climate change,234,1.3016553334724208,"AM HTO (steel jig)
Current"
AM HTO (steel jig),Current,climate change,235,1.140229307708381,"AM HTO (steel jig)
Current"
AM HTO (steel jig),Current,climate change,236,1.0812565334971775,"AM HTO (steel jig)
Current"
AM HTO (steel jig),Current,climate change,237,1.032484226852332,"AM HTO (steel jig)
Current"
AM HTO (steel jig),Current,climate change,238,1.2484347821048007,"AM HTO (steel jig)
Current"
AM HTO (steel jig),Current,climate change,239,0.9807350392302067,"AM HTO (steel jig)
Current"
AM HTO (steel jig),Current,climate change,240,1.029610983600351,"AM HTO (steel jig)
Current"
AM HTO (steel jig),Current,climate change,241,1.1487843670480256,"AM HTO (steel jig)
Current"
AM HTO (steel jig),Current,climate change,242,1.1940751270952499,"AM HTO (steel jig)
Current"
AM HTO (steel jig),Current,climate change,243,1.2733782223032117,"AM HTO (steel jig)
Current"
AM HTO (steel jig),Current,climate change,244,1.2741273655188736,"AM HTO (steel jig)
Current"
AM HTO (steel jig),Current,climate change,245,1.1912973764770751,"AM HTO (steel jig)
Current"
AM HTO (steel jig),Current,climate change,246,1.0503718770806525,"AM HTO (steel jig)
Current"
AM HTO (steel jig),Current,climate change,247,0.9659111756290538,"AM HTO (steel jig)
Current"
AM HTO (steel jig),Current,climate change,248,0.9751151169502017,"AM HTO (steel jig)
Current"
AM HTO (steel jig),Current,climate change,249,1.331055272215258,"AM HTO (steel jig)
Current"
AM HTO (steel jig),Current,climate change,250,1.1381298110263027,"AM HTO (steel jig)
Current"
AM HTO (steel jig),Current,climate change,251,1.0319686834650816,"AM HTO (steel jig)
Current"
AM HTO (steel jig),Current,climate change,252,1.2481888107415318,"AM HTO (steel jig)
Current"
AM HTO (steel jig),Current,climate change,253,1.3553681342753987,"AM HTO (steel jig)
Current"
AM HTO (steel jig),Current,climate change,254,1.1561742498507865,"AM HTO (steel jig)
Current"
AM HTO (steel jig),Current,climate change,255,1.1380359340901993,"AM HTO (steel jig)
Current"
AM HTO (steel jig),Current,climate change,256,0.958178456120576,"AM HTO (steel jig)
Current"
AM HTO (steel jig),Current,climate change,257,1.133038409436191,"AM HTO (steel jig)
Current"
AM HTO (steel jig),Current,climate change,258,1.0711210806582347,"AM HTO (steel jig)
Current"
AM HTO (steel jig),Current,climate change,259,1.0075792339315925,"AM HTO (steel jig)
Current"
AM HTO (steel jig),Current,climate change,260,1.0191480905342871,"AM HTO (steel jig)
Current"
AM HTO (steel jig),Current,climate change,261,1.190818709559703,"AM HTO (steel jig)
Current"
AM HTO (steel jig),Current,climate change,262,1.0414983784786667,"AM HTO (steel jig)
Current"
AM HTO (steel jig),Current,climate change,263,1.1968752325185326,"AM HTO (steel jig)
Current"
AM HTO (steel jig),Current,climate change,264,1.0479850349989712,"AM HTO (steel jig)
Current"
AM HTO (steel jig),Current,climate change,265,1.14069526971365,"AM HTO (steel jig)
Current"
AM HTO (steel jig),Current,climate change,266,1.1260636882043598,"AM HTO (steel jig)
Current"
AM HTO (steel jig),Current,climate change,267,1.0724163632936898,"AM HTO (steel jig)
Current"
AM HTO (steel jig),Current,climate change,268,1.0210650157927361,"AM HTO (steel jig)
Current"
AM HTO (steel jig),Current,climate change,269,1.3109520697560386,"AM HTO (steel jig)
Current"
AM HTO (steel jig),Current,climate change,270,1.1217423442526429,"AM HTO (steel jig)
Current"
AM HTO (steel jig),Current,climate change,271,1.0947633319092882,"AM HTO (steel jig)
Current"
AM HTO (steel jig),Current,climate change,272,1.1060526240040616,"AM HTO (steel jig)
Current"
AM HTO (steel jig),Current,climate change,273,1.1013799204868253,"AM HTO (steel jig)
Current"
AM HTO (steel jig),Current,climate change,274,1.1633132039910898,"AM HTO (steel jig)
Current"
AM HTO (steel jig),Current,climate change,275,1.2575591712848844,"AM HTO (steel jig)
Current"
AM HTO (steel jig),Current,climate change,276,0.8901588731005172,"AM HTO (steel jig)
Current"
AM HTO (steel jig),Current,climate change,277,1.105721037736262,"AM HTO (steel jig)
Current"
AM HTO (steel jig),Current,climate change,278,1.338853550156225,"AM HTO (steel jig)
Current"
AM HTO (steel jig),Current,climate change,279,1.2266703947829465,"AM HTO (steel jig)
Current"
AM HTO (steel jig),Current,climate change,280,1.1488187054620589,"AM HTO (steel jig)
Current"
AM HTO (steel jig),Current,climate change,281,1.2243894437961846,"AM HTO (steel jig)
Current"
AM HTO (steel jig),Current,climate change,282,0.9116733750972049,"AM HTO (steel jig)
Current"
AM HTO (steel jig),Current,climate change,283,1.1276281525733707,"AM HTO (steel jig)
Current"
AM HTO (steel jig),Current,climate change,284,1.207106864372157,"AM HTO (steel jig)
Current"
AM HTO (steel jig),Current,climate change,285,1.2102059523179736,"AM HTO (steel jig)
Current"
AM HTO (steel jig),Current,climate change,286,1.246776294554041,"AM HTO (steel jig)
Current"
AM HTO (steel jig),Current,climate change,287,0.9841430747512009,"AM HTO (steel jig)
Current"
AM HTO (steel jig),Current,climate change,288,1.1878324892314185,"AM HTO (steel jig)
Current"
AM HTO (steel jig),Current,climate change,289,1.3054581846141549,"AM HTO (steel jig)
Current"
AM HTO (steel jig),Current,climate change,290,1.0716052613044322,"AM HTO (steel jig)
Current"
AM HTO (steel jig),Current,climate change,291,1.0469079801409502,"AM HTO (steel jig)
Current"
AM HTO (steel jig),Current,climate change,292,1.1227274041125737,"AM HTO (steel jig)
Current"
AM HTO (steel jig),Current,climate change,293,1.2119394304196456,"AM HTO (steel jig)
Current"
AM HTO (steel jig),Current,climate change,294,1.3259626697770555,"AM HTO (steel jig)
Current"
AM HTO (steel jig),Current,climate change,295,1.4666849914224984,"AM HTO (steel jig)
Current"
AM HTO (steel jig),Current,climate change,296,0.9880830853426891,"AM HTO (steel jig)
Current"
AM HTO (steel jig),Current,climate change,297,1.1789535555789048,"AM HTO (steel jig)
Current"
AM HTO (steel jig),Current,climate change,298,1.1466090836131384,"AM HTO (steel jig)
Current"
AM HTO (steel jig),Current,climate change,299,1.0412069843910163,"AM HTO (steel jig)
Current"
AM HTO (steel jig),Current,climate change,300,1.2532560028494715,"AM HTO (steel jig)
Current"
AM HTO (steel jig),Current,climate change,301,1.0561736913973538,"AM HTO (steel jig)
Current"
AM HTO (steel jig),Current,climate change,302,1.148987904114834,"AM HTO (steel jig)
Current"
AM HTO (steel jig),Current,climate change,303,1.1246318969343738,"AM HTO (steel jig)
Current"
AM HTO (steel jig),Current,climate change,304,1.1619983477636873,"AM HTO (steel jig)
Current"
AM HTO (steel jig),Current,climate change,305,1.1357419461749705,"AM HTO (steel jig)
Current"
AM HTO (steel jig),Current,climate change,306,1.2750040519343233,"AM HTO (steel jig)
Current"
AM HTO (steel jig),Current,climate change,307,1.01908109525271,"AM HTO (steel jig)
Current"
AM HTO (steel jig),Current,climate change,308,1.259771393268952,"AM HTO (steel jig)
Current"
AM HTO (steel jig),Current,climate change,309,1.0063366431670915,"AM HTO (steel jig)
Current"
AM HTO (steel jig),Current,climate change,310,1.1518861393252546,"AM HTO (steel jig)
Current"
AM HTO (steel jig),Current,climate change,311,1.240991096074959,"AM HTO (steel jig)
Current"
AM HTO (steel jig),Current,climate change,312,1.148990346062492,"AM HTO (steel jig)
Current"
AM HTO (steel jig),Current,climate change,313,1.2109232608922276,"AM HTO (steel jig)
Current"
AM HTO (steel jig),Current,climate change,314,0.9903173296809887,"AM HTO (steel jig)
Current"
AM HTO (steel jig),Current,climate change,315,1.2603994903112257,"AM HTO (steel jig)
Current"
AM HTO (steel jig),Current,climate change,316,1.3291962699826327,"AM HTO (steel jig)
Current"
AM HTO (steel jig),Current,climate change,317,1.103775877057396,"AM HTO (steel jig)
Current"
AM HTO (steel jig),Current,climate change,318,1.1782299775766931,"AM HTO (steel jig)
Current"
AM HTO (steel jig),Current,climate change,319,0.9734922473542971,"AM HTO (steel jig)
Current"
AM HTO (steel jig),Current,climate change,320,1.180243734528634,"AM HTO (steel jig)
Current"
AM HTO (steel jig),Current,climate change,321,1.0652259525334304,"AM HTO (steel jig)
Current"
AM HTO (steel jig),Current,climate change,322,1.3103735960372456,"AM HTO (steel jig)
Current"
AM HTO (steel jig),Current,climate change,323,0.9977862497385074,"AM HTO (steel jig)
Current"
AM HTO (steel jig),Current,climate change,324,0.9800404539042179,"AM HTO (steel jig)
Current"
AM HTO (steel jig),Current,climate change,325,1.227962435976614,"AM HTO (steel jig)
Current"
AM HTO (steel jig),Current,climate change,326,1.1487679013551275,"AM HTO (steel jig)
Current"
AM HTO (steel jig),Current,climate change,327,1.162659829473774,"AM HTO (steel jig)
Current"
AM HTO (steel jig),Current,climate change,328,1.1602555421244058,"AM HTO (steel jig)
Current"
AM HTO (steel jig),Current,climate change,329,1.049231166887193,"AM HTO (steel jig)
Current"
AM HTO (steel jig),Current,climate change,330,1.1251731091933037,"AM HTO (steel jig)
Current"
AM HTO (steel jig),Current,climate change,331,1.134722716319822,"AM HTO (steel jig)
Current"
AM HTO (steel jig),Current,climate change,332,1.2506307480203191,"AM HTO (steel jig)
Current"
AM HTO (steel jig),Current,climate change,333,1.140840385914678,"AM HTO (steel jig)
Current"
AM HTO (steel jig),Current,climate change,334,1.143277455041408,"AM HTO (steel jig)
Current"
AM HTO (steel jig),Current,climate change,335,1.1918514742144009,"AM HTO (steel jig)
Current"
AM HTO (steel jig),Current,climate change,336,1.0089376216786399,"AM HTO (steel jig)
Current"
AM HTO (steel jig),Current,climate change,337,1.1331550438225464,"AM HTO (steel jig)
Current"
AM HTO (steel jig),Current,climate change,338,1.170733023940973,"AM HTO (steel jig)
Current"
AM HTO (steel jig),Current,climate change,339,1.174228347283819,"AM HTO (steel jig)
Current"
AM HTO (steel jig),Current,climate change,340,0.9973057661846111,"AM HTO (steel jig)
Current"
AM HTO (steel jig),Current,climate change,341,1.0711831233477165,"AM HTO (steel jig)
Current"
AM HTO (steel jig),Current,climate change,342,1.2101366757791259,"AM HTO (steel jig)
Current"
AM HTO (steel jig),Current,climate change,343,0.9640954210845241,"AM HTO (steel jig)
Current"
AM HTO (steel jig),Current,climate change,344,0.9923990406218909,"AM HTO (steel jig)
Current"
AM HTO (steel jig),Current,climate change,345,1.1237389938602063,"AM HTO (steel jig)
Current"
AM HTO (steel jig),Current,climate change,346,1.2430084292122134,"AM HTO (steel jig)
Current"
AM HTO (steel jig),Current,climate change,347,1.2533953483940279,"AM HTO (steel jig)
Current"
AM HTO (steel jig),Current,climate change,348,1.2309039286926666,"AM HTO (steel jig)
Current"
AM HTO (steel jig),Current,climate change,349,1.121709440802532,"AM HTO (steel jig)
Current"
AM HTO (steel jig),Current,climate change,350,0.9665571498094699,"AM HTO (steel jig)
Current"
AM HTO (steel jig),Current,climate change,351,1.042792979273684,"AM HTO (steel jig)
Current"
AM HTO (steel jig),Current,climate change,352,1.0451185558653302,"AM HTO (steel jig)
Current"
AM HTO (steel jig),Current,climate change,353,1.227041636426227,"AM HTO (steel jig)
Current"
AM HTO (steel jig),Current,climate change,354,1.084127428085586,"AM HTO (steel jig)
Current"
AM HTO (steel jig),Current,climate change,355,1.1317945670605742,"AM HTO (steel jig)
Current"
AM HTO (steel jig),Current,climate change,356,1.138836968413458,"AM HTO (steel jig)
Current"
AM HTO (steel jig),Current,climate change,357,1.2377561582945826,"AM HTO (steel jig)
Current"
AM HTO (steel jig),Current,climate change,358,1.0930810107078812,"AM HTO (steel jig)
Current"
AM HTO (steel jig),Current,climate change,359,0.983260548609003,"AM HTO (steel jig)
Current"
AM HTO (steel jig),Current,climate change,360,0.9906690627294179,"AM HTO (steel jig)
Current"
AM HTO (steel jig),Current,climate change,361,1.1479612350534574,"AM HTO (steel jig)
Current"
AM HTO (steel jig),Current,climate change,362,0.9839791752800079,"AM HTO (steel jig)
Current"
AM HTO (steel jig),Current,climate change,363,1.1503683503772422,"AM HTO (steel jig)
Current"
AM HTO (steel jig),Current,climate change,364,1.1158628743014123,"AM HTO (steel jig)
Current"
AM HTO (steel jig),Current,climate change,365,1.0214412196497096,"AM HTO (steel jig)
Current"
AM HTO (steel jig),Current,climate change,366,0.9917748970797687,"AM HTO (steel jig)
Current"
AM HTO (steel jig),Current,climate change,367,1.1417684165961068,"AM HTO (steel jig)
Current"
AM HTO (steel jig),Current,climate change,368,1.0909043118009516,"AM HTO (steel jig)
Current"
AM HTO (steel jig),Current,climate change,369,1.1818138237213505,"AM HTO (steel jig)
Current"
AM HTO (steel jig),Current,climate change,370,1.2310700601468358,"AM HTO (steel jig)
Current"
AM HTO (steel jig),Current,climate change,371,1.071521683826785,"AM HTO (steel jig)
Current"
AM HTO (steel jig),Current,climate change,372,0.9999365860178957,"AM HTO (steel jig)
Current"
AM HTO (steel jig),Current,climate change,373,1.2082294688255688,"AM HTO (steel jig)
Current"
AM HTO (steel jig),Current,climate change,374,1.0410547514146962,"AM HTO (steel jig)
Current"
AM HTO (steel jig),Current,climate change,375,1.2146016948714236,"AM HTO (steel jig)
Current"
AM HTO (steel jig),Current,climate change,376,1.4384259662084316,"AM HTO (steel jig)
Current"
AM HTO (steel jig),Current,climate change,377,0.9528051268919963,"AM HTO (steel jig)
Current"
AM HTO (steel jig),Current,climate change,378,1.153979315622388,"AM HTO (steel jig)
Current"
AM HTO (steel jig),Current,climate change,379,0.9944442938013264,"AM HTO (steel jig)
Current"
AM HTO (steel jig),Current,climate change,380,1.3586030035486107,"AM HTO (steel jig)
Current"
AM HTO (steel jig),Current,climate change,381,1.2987215361893616,"AM HTO (steel jig)
Current"
AM HTO (steel jig),Current,climate change,382,1.0588066837203525,"AM HTO (steel jig)
Current"
AM HTO (steel jig),Current,climate change,383,0.87744791644043,"AM HTO (steel jig)
Current"
AM HTO (steel jig),Current,climate change,384,1.2619584338318868,"AM HTO (steel jig)
Current"
AM HTO (steel jig),Current,climate change,385,1.0732026494990823,"AM HTO (steel jig)
Current"
AM HTO (steel jig),Current,climate change,386,0.9912211321038182,"AM HTO (steel jig)
Current"
AM HTO (steel jig),Current,climate change,387,1.1482539554171343,"AM HTO (steel jig)
Current"
AM HTO (steel jig),Current,climate change,388,1.1295523842396133,"AM HTO (steel jig)
Current"
AM HTO (steel jig),Current,climate change,389,0.9707208603850609,"AM HTO (steel jig)
Current"
AM HTO (steel jig),Current,climate change,390,1.0020001134539096,"AM HTO (steel jig)
Current"
AM HTO (steel jig),Current,climate change,391,1.158549693136756,"AM HTO (steel jig)
Current"
AM HTO (steel jig),Current,climate change,392,1.0659663450388606,"AM HTO (steel jig)
Current"
AM HTO (steel jig),Current,climate change,393,1.131803922829045,"AM HTO (steel jig)
Current"
AM HTO (steel jig),Current,climate change,394,1.092218923209977,"AM HTO (steel jig)
Current"
AM HTO (steel jig),Current,climate change,395,1.10854602200438,"AM HTO (steel jig)
Current"
AM HTO (steel jig),Current,climate change,396,1.2681845319589014,"AM HTO (steel jig)
Current"
AM HTO (steel jig),Current,climate change,397,1.022562793944209,"AM HTO (steel jig)
Current"
AM HTO (steel jig),Current,climate change,398,1.2538165930657603,"AM HTO (steel jig)
Current"
AM HTO (steel jig),Current,climate change,399,1.0372158419715516,"AM HTO (steel jig)
Current"
AM HTO (steel jig),Current,climate change,400,1.0562093027482706,"AM HTO (steel jig)
Current"
AM HTO (steel jig),Current,climate change,401,1.0051717947230927,"AM HTO (steel jig)
Current"
AM HTO (steel jig),Current,climate change,402,1.0969279409678074,"AM HTO (steel jig)
Current"
AM HTO (steel jig),Current,climate change,403,1.2784975378252725,"AM HTO (steel jig)
Current"
AM HTO (steel jig),Current,climate change,404,1.1378882549582612,"AM HTO (steel jig)
Current"
AM HTO (steel jig),Current,climate change,405,1.307825616282095,"AM HTO (steel jig)
Current"
AM HTO (steel jig),Current,climate change,406,1.1004929559086887,"AM HTO (steel jig)
Current"
AM HTO (steel jig),Current,climate change,407,1.1742314008713985,"AM HTO (steel jig)
Current"
AM HTO (steel jig),Current,climate change,408,1.0852671830340108,"AM HTO (steel jig)
Current"
AM HTO (steel jig),Current,climate change,409,1.1914294031175463,"AM HTO (steel jig)
Current"
AM HTO (steel jig),Current,climate change,410,1.133358758067775,"AM HTO (steel jig)
Current"
AM HTO (steel jig),Current,climate change,411,1.0665391263066795,"AM HTO (steel jig)
Current"
AM HTO (steel jig),Current,climate change,412,1.1377212001705388,"AM HTO (steel jig)
Current"
AM HTO (steel jig),Current,climate change,413,1.0724184880007381,"AM HTO (steel jig)
Current"
AM HTO (steel jig),Current,climate change,414,1.1206327745729172,"AM HTO (steel jig)
Current"
AM HTO (steel jig),Current,climate change,415,1.0971791285768846,"AM HTO (steel jig)
Current"
AM HTO (steel jig),Current,climate change,416,1.0243067898629319,"AM HTO (steel jig)
Current"
AM HTO (steel jig),Current,climate change,417,1.122860957062353,"AM HTO (steel jig)
Current"
AM HTO (steel jig),Current,climate change,418,1.2291187349726616,"AM HTO (steel jig)
Current"
AM HTO (steel jig),Current,climate change,419,1.195096963204889,"AM HTO (steel jig)
Current"
AM HTO (steel jig),Current,climate change,420,1.0736173502978779,"AM HTO (steel jig)
Current"
AM HTO (steel jig),Current,climate change,421,1.1094449928931707,"AM HTO (steel jig)
Current"
AM HTO (steel jig),Current,climate change,422,1.2493791738131954,"AM HTO (steel jig)
Current"
AM HTO (steel jig),Current,climate change,423,1.1140102342633105,"AM HTO (steel jig)
Current"
AM HTO (steel jig),Current,climate change,424,1.2917733628351538,"AM HTO (steel jig)
Current"
AM HTO (steel jig),Current,climate change,425,1.2917092238542018,"AM HTO (steel jig)
Current"
AM HTO (steel jig),Current,climate change,426,1.1505015029239252,"AM HTO (steel jig)
Current"
AM HTO (steel jig),Current,climate change,427,1.1477823559200477,"AM HTO (steel jig)
Current"
AM HTO (steel jig),Current,climate change,428,1.338303415584539,"AM HTO (steel jig)
Current"
AM HTO (steel jig),Current,climate change,429,1.1016428407415895,"AM HTO (steel jig)
Current"
AM HTO (steel jig),Current,climate change,430,1.2362594118662311,"AM HTO (steel jig)
Current"
AM HTO (steel jig),Current,climate change,431,0.9878770314210699,"AM HTO (steel jig)
Current"
AM HTO (steel jig),Current,climate change,432,0.9735893522549357,"AM HTO (steel jig)
Current"
AM HTO (steel jig),Current,climate change,433,0.9906204001017233,"AM HTO (steel jig)
Current"
AM HTO (steel jig),Current,climate change,434,1.0280965864691343,"AM HTO (steel jig)
Current"
AM HTO (steel jig),Current,climate change,435,1.0192853006914868,"AM HTO (steel jig)
Current"
AM HTO (steel jig),Current,climate change,436,0.9746075988120838,"AM HTO (steel jig)
Current"
AM HTO (steel jig),Current,climate change,437,1.1122018255508002,"AM HTO (steel jig)
Current"
AM HTO (steel jig),Current,climate change,438,1.1414898806761242,"AM HTO (steel jig)
Current"
AM HTO (steel jig),Current,climate change,439,1.0449528394521008,"AM HTO (steel jig)
Current"
AM HTO (steel jig),Current,climate change,440,1.1151069130901095,"AM HTO (steel jig)
Current"
AM HTO (steel jig),Current,climate change,441,1.0261767321472022,"AM HTO (steel jig)
Current"
AM HTO (steel jig),Current,climate change,442,1.0265132453854025,"AM HTO (steel jig)
Current"
AM HTO (steel jig),Current,climate change,443,0.9898672799946594,"AM HTO (steel jig)
Current"
AM HTO (steel jig),Current,climate change,444,1.3593452989873254,"AM HTO (steel jig)
Current"
AM HTO (steel jig),Current,climate change,445,1.1295933705121093,"AM HTO (steel jig)
Current"
AM HTO (steel jig),Current,climate change,446,1.098914658093434,"AM HTO (steel jig)
Current"
AM HTO (steel jig),Current,climate change,447,1.0625567049985554,"AM HTO (steel jig)
Current"
AM HTO (steel jig),Current,climate change,448,0.987581539926482,"AM HTO (steel jig)
Current"
AM HTO (steel jig),Current,climate change,449,1.153843280953524,"AM HTO (steel jig)
Current"
AM HTO (steel jig),Current,climate change,450,0.9477205228896646,"AM HTO (steel jig)
Current"
AM HTO (steel jig),Current,climate change,451,1.098014516258299,"AM HTO (steel jig)
Current"
AM HTO (steel jig),Current,climate change,452,1.0992720844016928,"AM HTO (steel jig)
Current"
AM HTO (steel jig),Current,climate change,453,1.0986106957835204,"AM HTO (steel jig)
Current"
AM HTO (steel jig),Current,climate change,454,1.1562256359757386,"AM HTO (steel jig)
Current"
AM HTO (steel jig),Current,climate change,455,1.1245399009725567,"AM HTO (steel jig)
Current"
AM HTO (steel jig),Current,climate change,456,1.1660235385154856,"AM HTO (steel jig)
Current"
AM HTO (steel jig),Current,climate change,457,1.1147221295775307,"AM HTO (steel jig)
Current"
AM HTO (steel jig),Current,climate change,458,1.3726467476943824,"AM HTO (steel jig)
Current"
AM HTO (steel jig),Current,climate change,459,1.301930293056916,"AM HTO (steel jig)
Current"
AM HTO (steel jig),Current,climate change,460,1.2408148812407027,"AM HTO (steel jig)
Current"
AM HTO (steel jig),Current,climate change,461,0.949600853206187,"AM HTO (steel jig)
Current"
AM HTO (steel jig),Current,climate change,462,1.0887364246534381,"AM HTO (steel jig)
Current"
AM HTO (steel jig),Current,climate change,463,1.3103368486796723,"AM HTO (steel jig)
Current"
AM HTO (steel jig),Current,climate change,464,1.1847795693727543,"AM HTO (steel jig)
Current"
AM HTO (steel jig),Current,climate change,465,1.0122981272979152,"AM HTO (steel jig)
Current"
AM HTO (steel jig),Current,climate change,466,1.3566715469442168,"AM HTO (steel jig)
Current"
AM HTO (steel jig),Current,climate change,467,1.2891459119208386,"AM HTO (steel jig)
Current"
AM HTO (steel jig),Current,climate change,468,1.1655545397243885,"AM HTO (steel jig)
Current"
AM HTO (steel jig),Current,climate change,469,1.1664197901531421,"AM HTO (steel jig)
Current"
AM HTO (steel jig),Current,climate change,470,1.1567642182305282,"AM HTO (steel jig)
Current"
AM HTO (steel jig),Current,climate change,471,1.075412199266619,"AM HTO (steel jig)
Current"
AM HTO (steel jig),Current,climate change,472,1.0572657961437992,"AM HTO (steel jig)
Current"
AM HTO (steel jig),Current,climate change,473,1.0887610998313213,"AM HTO (steel jig)
Current"
AM HTO (steel jig),Current,climate change,474,1.218631088621976,"AM HTO (steel jig)
Current"
AM HTO (steel jig),Current,climate change,475,0.9839123942704553,"AM HTO (steel jig)
Current"
AM HTO (steel jig),Current,climate change,476,1.1406258539075993,"AM HTO (steel jig)
Current"
AM HTO (steel jig),Current,climate change,477,0.9586994837511631,"AM HTO (steel jig)
Current"
AM HTO (steel jig),Current,climate change,478,1.094421250436826,"AM HTO (steel jig)
Current"
AM HTO (steel jig),Current,climate change,479,1.2351830127903245,"AM HTO (steel jig)
Current"
AM HTO (steel jig),Current,climate change,480,1.2983503251880382,"AM HTO (steel jig)
Current"
AM HTO (steel jig),Current,climate change,481,1.2284977123341958,"AM HTO (steel jig)
Current"
AM HTO (steel jig),Current,climate change,482,1.0294096587780666,"AM HTO (steel jig)
Current"
AM HTO (steel jig),Current,climate change,483,1.2350049348423404,"AM HTO (steel jig)
Current"
AM HTO (steel jig),Current,climate change,484,1.1171246526350749,"AM HTO (steel jig)
Current"
AM HTO (steel jig),Current,climate change,485,1.0743407290311904,"AM HTO (steel jig)
Current"
AM HTO (steel jig),Current,climate change,486,1.018012171917544,"AM HTO (steel jig)
Current"
AM HTO (steel jig),Current,climate change,487,1.0562357081535465,"AM HTO (steel jig)
Current"
AM HTO (steel jig),Current,climate change,488,1.006237760228837,"AM HTO (steel jig)
Current"
AM HTO (steel jig),Current,climate change,489,0.9902515687931776,"AM HTO (steel jig)
Current"
AM HTO (steel jig),Current,climate change,490,1.0883945218917976,"AM HTO (steel jig)
Current"
AM HTO (steel jig),Current,climate change,491,1.138983850931878,"AM HTO (steel jig)
Current"
AM HTO (steel jig),Current,climate change,492,1.1913458209359147,"AM HTO (steel jig)
Current"
AM HTO (steel jig),Current,climate change,493,1.1522348141088437,"AM HTO (steel jig)
Current"
AM HTO (steel jig),Current,climate change,494,1.1904402987823388,"AM HTO (steel jig)
Current"
AM HTO (steel jig),Current,climate change,495,1.0859245517157383,"AM HTO (steel jig)
Current"
AM HTO (steel jig),Current,climate change,496,1.2255628533684875,"AM HTO (steel jig)
Current"
AM HTO (steel jig),Current,climate change,497,0.9765255628626651,"AM HTO (steel jig)
Current"
AM HTO (steel jig),Current,climate change,498,1.277187194474982,"AM HTO (steel jig)
Current"
AM HTO (steel jig),Current,climate change,499,1.1034202284312202,"AM HTO (steel jig)
Current"
AM HTO (steel jig),Current,climate change,500,1.0504630130844048,"AM HTO (steel jig)
Current"
AM HTO (steel jig),Current,climate change,501,1.1660015103832582,"AM HTO (steel jig)
Current"
AM HTO (steel jig),Current,climate change,502,1.073251146230629,"AM HTO (steel jig)
Current"
AM HTO (steel jig),Current,climate change,503,1.0226486721545711,"AM HTO (steel jig)
Current"
AM HTO (steel jig),Current,climate change,504,1.227628691637513,"AM HTO (steel jig)
Current"
AM HTO (steel jig),Current,climate change,505,0.98820015301112,"AM HTO (steel jig)
Current"
AM HTO (steel jig),Current,climate change,506,1.1001163440497135,"AM HTO (steel jig)
Current"
AM HTO (steel jig),Current,climate change,507,1.161807646451041,"AM HTO (steel jig)
Current"
AM HTO (steel jig),Current,climate change,508,1.1778057924966092,"AM HTO (steel jig)
Current"
AM HTO (steel jig),Current,climate change,509,1.1150456665232185,"AM HTO (steel jig)
Current"
AM HTO (steel jig),Current,climate change,510,0.9929240094855355,"AM HTO (steel jig)
Current"
AM HTO (steel jig),Current,climate change,511,1.229823425875296,"AM HTO (steel jig)
Current"
AM HTO (steel jig),Current,climate change,512,1.2783980590658728,"AM HTO (steel jig)
Current"
AM HTO (steel jig),Current,climate change,513,0.9798011302771487,"AM HTO (steel jig)
Current"
AM HTO (steel jig),Current,climate change,514,1.3147424236105276,"AM HTO (steel jig)
Current"
AM HTO (steel jig),Current,climate change,515,1.1252173794706313,"AM HTO (steel jig)
Current"
AM HTO (steel jig),Current,climate change,516,1.172347762253092,"AM HTO (steel jig)
Current"
AM HTO (steel jig),Current,climate change,517,1.0616794087026253,"AM HTO (steel jig)
Current"
AM HTO (steel jig),Current,climate change,518,0.9947036112002797,"AM HTO (steel jig)
Current"
AM HTO (steel jig),Current,climate change,519,1.1766847062022177,"AM HTO (steel jig)
Current"
AM HTO (steel jig),Current,climate change,520,1.1006475828555442,"AM HTO (steel jig)
Current"
AM HTO (steel jig),Current,climate change,521,1.2015171635284567,"AM HTO (steel jig)
Current"
AM HTO (steel jig),Current,climate change,522,1.028901541674231,"AM HTO (steel jig)
Current"
AM HTO (steel jig),Current,climate change,523,1.1558175100789623,"AM HTO (steel jig)
Current"
AM HTO (steel jig),Current,climate change,524,1.1439808191046401,"AM HTO (steel jig)
Current"
AM HTO (steel jig),Current,climate change,525,1.1161959349339081,"AM HTO (steel jig)
Current"
AM HTO (steel jig),Current,climate change,526,0.9692842256279608,"AM HTO (steel jig)
Current"
AM HTO (steel jig),Current,climate change,527,1.0555385541489808,"AM HTO (steel jig)
Current"
AM HTO (steel jig),Current,climate change,528,1.1788961882226199,"AM HTO (steel jig)
Current"
AM HTO (steel jig),Current,climate change,529,1.0795716407986187,"AM HTO (steel jig)
Current"
AM HTO (steel jig),Current,climate change,530,1.1685412753549662,"AM HTO (steel jig)
Current"
AM HTO (steel jig),Current,climate change,531,1.056198224771986,"AM HTO (steel jig)
Current"
AM HTO (steel jig),Current,climate change,532,1.0352693142168827,"AM HTO (steel jig)
Current"
AM HTO (steel jig),Current,climate change,533,0.9857206442533449,"AM HTO (steel jig)
Current"
AM HTO (steel jig),Current,climate change,534,1.0014470321443723,"AM HTO (steel jig)
Current"
AM HTO (steel jig),Current,climate change,535,1.0970785916480166,"AM HTO (steel jig)
Current"
AM HTO (steel jig),Current,climate change,536,0.9520284480656549,"AM HTO (steel jig)
Current"
AM HTO (steel jig),Current,climate change,537,1.0782935400940963,"AM HTO (steel jig)
Current"
AM HTO (steel jig),Current,climate change,538,1.2558550513142774,"AM HTO (steel jig)
Current"
AM HTO (steel jig),Current,climate change,539,1.2160278407868843,"AM HTO (steel jig)
Current"
AM HTO (steel jig),Current,climate change,540,1.1409811484253727,"AM HTO (steel jig)
Current"
AM HTO (steel jig),Current,climate change,541,1.133154416928107,"AM HTO (steel jig)
Current"
AM HTO (steel jig),Current,climate change,542,1.2649097251913843,"AM HTO (steel jig)
Current"
AM HTO (steel jig),Current,climate change,543,1.0912401123319941,"AM HTO (steel jig)
Current"
AM HTO (steel jig),Current,climate change,544,1.211170940384422,"AM HTO (steel jig)
Current"
AM HTO (steel jig),Current,climate change,545,1.1847889006316223,"AM HTO (steel jig)
Current"
AM HTO (steel jig),Current,climate change,546,0.994651923723612,"AM HTO (steel jig)
Current"
AM HTO (steel jig),Current,climate change,547,1.0826741082553977,"AM HTO (steel jig)
Current"
AM HTO (steel jig),Current,climate change,548,1.1185232687179192,"AM HTO (steel jig)
Current"
AM HTO (steel jig),Current,climate change,549,1.1286164823890703,"AM HTO (steel jig)
Current"
AM HTO (steel jig),Current,climate change,550,0.9569136308779036,"AM HTO (steel jig)
Current"
AM HTO (steel jig),Current,climate change,551,1.3062753492860255,"AM HTO (steel jig)
Current"
AM HTO (steel jig),Current,climate change,552,1.0839350493193682,"AM HTO (steel jig)
Current"
AM HTO (steel jig),Current,climate change,553,1.2560527390920868,"AM HTO (steel jig)
Current"
AM HTO (steel jig),Current,climate change,554,1.2732791578272717,"AM HTO (steel jig)
Current"
AM HTO (steel jig),Current,climate change,555,1.09705579696359,"AM HTO (steel jig)
Current"
AM HTO (steel jig),Current,climate change,556,1.172217896356337,"AM HTO (steel jig)
Current"
AM HTO (steel jig),Current,climate change,557,1.0415137670403594,"AM HTO (steel jig)
Current"
AM HTO (steel jig),Current,climate change,558,1.3152007870359124,"AM HTO (steel jig)
Current"
AM HTO (steel jig),Current,climate change,559,1.1362889675434171,"AM HTO (steel jig)
Current"
AM HTO (steel jig),Current,climate change,560,1.0733577381079806,"AM HTO (steel jig)
Current"
AM HTO (steel jig),Current,climate change,561,0.9730223024504714,"AM HTO (steel jig)
Current"
AM HTO (steel jig),Current,climate change,562,0.982720851003786,"AM HTO (steel jig)
Current"
AM HTO (steel jig),Current,climate change,563,1.0189151156845824,"AM HTO (steel jig)
Current"
AM HTO (steel jig),Current,climate change,564,1.3095956824189554,"AM HTO (steel jig)
Current"
AM HTO (steel jig),Current,climate change,565,1.1289753996283411,"AM HTO (steel jig)
Current"
AM HTO (steel jig),Current,climate change,566,1.1266746754908574,"AM HTO (steel jig)
Current"
AM HTO (steel jig),Current,climate change,567,1.0777857648457123,"AM HTO (steel jig)
Current"
AM HTO (steel jig),Current,climate change,568,0.935660518838788,"AM HTO (steel jig)
Current"
AM HTO (steel jig),Current,climate change,569,0.9850635675355623,"AM HTO (steel jig)
Current"
AM HTO (steel jig),Current,climate change,570,0.9895010368747477,"AM HTO (steel jig)
Current"
AM HTO (steel jig),Current,climate change,571,1.2414395619750742,"AM HTO (steel jig)
Current"
AM HTO (steel jig),Current,climate change,572,1.0604831596327142,"AM HTO (steel jig)
Current"
AM HTO (steel jig),Current,climate change,573,1.0821666963148375,"AM HTO (steel jig)
Current"
AM HTO (steel jig),Current,climate change,574,1.2046502039578624,"AM HTO (steel jig)
Current"
AM HTO (steel jig),Current,climate change,575,1.0402356342397214,"AM HTO (steel jig)
Current"
AM HTO (steel jig),Current,climate change,576,1.018257837585883,"AM HTO (steel jig)
Current"
AM HTO (steel jig),Current,climate change,577,1.2505029630260334,"AM HTO (steel jig)
Current"
AM HTO (steel jig),Current,climate change,578,1.1664447871182284,"AM HTO (steel jig)
Current"
AM HTO (steel jig),Current,climate change,579,1.0309909942359528,"AM HTO (steel jig)
Current"
AM HTO (steel jig),Current,climate change,580,1.0206778053617487,"AM HTO (steel jig)
Current"
AM HTO (steel jig),Current,climate change,581,0.9442975217339313,"AM HTO (steel jig)
Current"
AM HTO (steel jig),Current,climate change,582,1.0969131227972124,"AM HTO (steel jig)
Current"
AM HTO (steel jig),Current,climate change,583,1.4322026550759581,"AM HTO (steel jig)
Current"
AM HTO (steel jig),Current,climate change,584,1.1482493080700351,"AM HTO (steel jig)
Current"
AM HTO (steel jig),Current,climate change,585,1.176863746412219,"AM HTO (steel jig)
Current"
AM HTO (steel jig),Current,climate change,586,1.225227561596661,"AM HTO (steel jig)
Current"
AM HTO (steel jig),Current,climate change,587,1.247911006707605,"AM HTO (steel jig)
Current"
AM HTO (steel jig),Current,climate change,588,1.0718871323394084,"AM HTO (steel jig)
Current"
AM HTO (steel jig),Current,climate change,589,1.1691799542271115,"AM HTO (steel jig)
Current"
AM HTO (steel jig),Current,climate change,590,1.1131215543780637,"AM HTO (steel jig)
Current"
AM HTO (steel jig),Current,climate change,591,1.0013822973927546,"AM HTO (steel jig)
Current"
AM HTO (steel jig),Current,climate change,592,1.314997922896716,"AM HTO (steel jig)
Current"
AM HTO (steel jig),Current,climate change,593,1.119105801820647,"AM HTO (steel jig)
Current"
AM HTO (steel jig),Current,climate change,594,1.0224414947633305,"AM HTO (steel jig)
Current"
AM HTO (steel jig),Current,climate change,595,1.1647431191961046,"AM HTO (steel jig)
Current"
AM HTO (steel jig),Current,climate change,596,1.1985417289172855,"AM HTO (steel jig)
Current"
AM HTO (steel jig),Current,climate change,597,1.1135985281660485,"AM HTO (steel jig)
Current"
AM HTO (steel jig),Current,climate change,598,1.127345121045484,"AM HTO (steel jig)
Current"
AM HTO (steel jig),Current,climate change,599,1.1329785599981914,"AM HTO (steel jig)
Current"
AM HTO (steel jig),Current,climate change,600,1.0057426669446847,"AM HTO (steel jig)
Current"
AM HTO (steel jig),Current,climate change,601,1.1633572521225088,"AM HTO (steel jig)
Current"
AM HTO (steel jig),Current,climate change,602,0.9654127798231912,"AM HTO (steel jig)
Current"
AM HTO (steel jig),Current,climate change,603,0.9721494332404328,"AM HTO (steel jig)
Current"
AM HTO (steel jig),Current,climate change,604,1.0428609455033346,"AM HTO (steel jig)
Current"
AM HTO (steel jig),Current,climate change,605,1.0910272673951156,"AM HTO (steel jig)
Current"
AM HTO (steel jig),Current,climate change,606,1.1311603415127338,"AM HTO (steel jig)
Current"
AM HTO (steel jig),Current,climate change,607,1.181526457040596,"AM HTO (steel jig)
Current"
AM HTO (steel jig),Current,climate change,608,1.10711456480505,"AM HTO (steel jig)
Current"
AM HTO (steel jig),Current,climate change,609,1.1554480193200012,"AM HTO (steel jig)
Current"
AM HTO (steel jig),Current,climate change,610,1.0344970101825077,"AM HTO (steel jig)
Current"
AM HTO (steel jig),Current,climate change,611,1.1066114003293257,"AM HTO (steel jig)
Current"
AM HTO (steel jig),Current,climate change,612,1.2784951723504636,"AM HTO (steel jig)
Current"
AM HTO (steel jig),Current,climate change,613,0.9681918469350395,"AM HTO (steel jig)
Current"
AM HTO (steel jig),Current,climate change,614,1.0300328407477637,"AM HTO (steel jig)
Current"
AM HTO (steel jig),Current,climate change,615,1.2945704148914867,"AM HTO (steel jig)
Current"
AM HTO (steel jig),Current,climate change,616,1.3563594198681597,"AM HTO (steel jig)
Current"
AM HTO (steel jig),Current,climate change,617,1.0122820538519888,"AM HTO (steel jig)
Current"
AM HTO (steel jig),Current,climate change,618,1.1850779263771543,"AM HTO (steel jig)
Current"
AM HTO (steel jig),Current,climate change,619,1.3087129118543857,"AM HTO (steel jig)
Current"
AM HTO (steel jig),Current,climate change,620,1.1118932773616854,"AM HTO (steel jig)
Current"
AM HTO (steel jig),Current,climate change,621,1.0319141167978636,"AM HTO (steel jig)
Current"
AM HTO (steel jig),Current,climate change,622,1.0691265599586073,"AM HTO (steel jig)
Current"
AM HTO (steel jig),Current,climate change,623,1.2725551183311343,"AM HTO (steel jig)
Current"
AM HTO (steel jig),Current,climate change,624,1.2794703701908505,"AM HTO (steel jig)
Current"
AM HTO (steel jig),Current,climate change,625,1.2714694075753605,"AM HTO (steel jig)
Current"
AM HTO (steel jig),Current,climate change,626,1.3194431468584455,"AM HTO (steel jig)
Current"
AM HTO (steel jig),Current,climate change,627,1.1763013489604666,"AM HTO (steel jig)
Current"
AM HTO (steel jig),Current,climate change,628,1.2557632705600839,"AM HTO (steel jig)
Current"
AM HTO (steel jig),Current,climate change,629,0.9975550486430214,"AM HTO (steel jig)
Current"
AM HTO (steel jig),Current,climate change,630,1.1586477863540992,"AM HTO (steel jig)
Current"
AM HTO (steel jig),Current,climate change,631,1.154204881945294,"AM HTO (steel jig)
Current"
AM HTO (steel jig),Current,climate change,632,0.955509015947943,"AM HTO (steel jig)
Current"
AM HTO (steel jig),Current,climate change,633,1.3483320536982755,"AM HTO (steel jig)
Current"
AM HTO (steel jig),Current,climate change,634,0.9887961152594706,"AM HTO (steel jig)
Current"
AM HTO (steel jig),Current,climate change,635,1.2122614373804252,"AM HTO (steel jig)
Current"
AM HTO (steel jig),Current,climate change,636,1.2466553287627515,"AM HTO (steel jig)
Current"
AM HTO (steel jig),Current,climate change,637,1.1010970393207211,"AM HTO (steel jig)
Current"
AM HTO (steel jig),Current,climate change,638,1.128478366448999,"AM HTO (steel jig)
Current"
AM HTO (steel jig),Current,climate change,639,1.0830098628572615,"AM HTO (steel jig)
Current"
AM HTO (steel jig),Current,climate change,640,1.136032876132644,"AM HTO (steel jig)
Current"
AM HTO (steel jig),Current,climate change,641,1.1188527710069092,"AM HTO (steel jig)
Current"
AM HTO (steel jig),Current,climate change,642,1.0406309988890192,"AM HTO (steel jig)
Current"
AM HTO (steel jig),Current,climate change,643,1.1956328360044046,"AM HTO (steel jig)
Current"
AM HTO (steel jig),Current,climate change,644,1.122666646337702,"AM HTO (steel jig)
Current"
AM HTO (steel jig),Current,climate change,645,1.224106835247545,"AM HTO (steel jig)
Current"
AM HTO (steel jig),Current,climate change,646,1.093749562799795,"AM HTO (steel jig)
Current"
AM HTO (steel jig),Current,climate change,647,1.0458751214173991,"AM HTO (steel jig)
Current"
AM HTO (steel jig),Current,climate change,648,0.9556994509681379,"AM HTO (steel jig)
Current"
AM HTO (steel jig),Current,climate change,649,1.340342880542124,"AM HTO (steel jig)
Current"
AM HTO (steel jig),Current,climate change,650,1.1934255752963696,"AM HTO (steel jig)
Current"
AM HTO (steel jig),Current,climate change,651,1.2116398598466933,"AM HTO (steel jig)
Current"
AM HTO (steel jig),Current,climate change,652,1.2125145563132895,"AM HTO (steel jig)
Current"
AM HTO (steel jig),Current,climate change,653,0.9411433360944129,"AM HTO (steel jig)
Current"
AM HTO (steel jig),Current,climate change,654,0.9352138087187307,"AM HTO (steel jig)
Current"
AM HTO (steel jig),Current,climate change,655,1.0097595941215434,"AM HTO (steel jig)
Current"
AM HTO (steel jig),Current,climate change,656,1.0551690973216374,"AM HTO (steel jig)
Current"
AM HTO (steel jig),Current,climate change,657,1.2949874246271067,"AM HTO (steel jig)
Current"
AM HTO (steel jig),Current,climate change,658,1.088766878823219,"AM HTO (steel jig)
Current"
AM HTO (steel jig),Current,climate change,659,1.0244590604858765,"AM HTO (steel jig)
Current"
AM HTO (steel jig),Current,climate change,660,1.013346947919213,"AM HTO (steel jig)
Current"
AM HTO (steel jig),Current,climate change,661,1.2668322562388896,"AM HTO (steel jig)
Current"
AM HTO (steel jig),Current,climate change,662,1.0356338374146419,"AM HTO (steel jig)
Current"
AM HTO (steel jig),Current,climate change,663,1.1755479616214788,"AM HTO (steel jig)
Current"
AM HTO (steel jig),Current,climate change,664,1.2065876390730796,"AM HTO (steel jig)
Current"
AM HTO (steel jig),Current,climate change,665,1.0624864399029292,"AM HTO (steel jig)
Current"
AM HTO (steel jig),Current,climate change,666,1.225600844242929,"AM HTO (steel jig)
Current"
AM HTO (steel jig),Current,climate change,667,1.1821030828536783,"AM HTO (steel jig)
Current"
AM HTO (steel jig),Current,climate change,668,1.1316636575317076,"AM HTO (steel jig)
Current"
AM HTO (steel jig),Current,climate change,669,1.2716374057158513,"AM HTO (steel jig)
Current"
AM HTO (steel jig),Current,climate change,670,1.0191501779973753,"AM HTO (steel jig)
Current"
AM HTO (steel jig),Current,climate change,671,0.9814521913608326,"AM HTO (steel jig)
Current"
AM HTO (steel jig),Current,climate change,672,1.0433935622358368,"AM HTO (steel jig)
Current"
AM HTO (steel jig),Current,climate change,673,1.17148487041561,"AM HTO (steel jig)
Current"
AM HTO (steel jig),Current,climate change,674,1.3034465040884398,"AM HTO (steel jig)
Current"
AM HTO (steel jig),Current,climate change,675,1.1430640102063563,"AM HTO (steel jig)
Current"
AM HTO (steel jig),Current,climate change,676,1.1850085701383777,"AM HTO (steel jig)
Current"
AM HTO (steel jig),Current,climate change,677,1.104799715161029,"AM HTO (steel jig)
Current"
AM HTO (steel jig),Current,climate change,678,1.1423871911624928,"AM HTO (steel jig)
Current"
AM HTO (steel jig),Current,climate change,679,1.1049982094908142,"AM HTO (steel jig)
Current"
AM HTO (steel jig),Current,climate change,680,1.1090882443601855,"AM HTO (steel jig)
Current"
AM HTO (steel jig),Current,climate change,681,1.2279994958754277,"AM HTO (steel jig)
Current"
AM HTO (steel jig),Current,climate change,682,1.100049967013397,"AM HTO (steel jig)
Current"
AM HTO (steel jig),Current,climate change,683,1.0713823957751547,"AM HTO (steel jig)
Current"
AM HTO (steel jig),Current,climate change,684,1.270782825265361,"AM HTO (steel jig)
Current"
AM HTO (steel jig),Current,climate change,685,1.1588910322303594,"AM HTO (steel jig)
Current"
AM HTO (steel jig),Current,climate change,686,1.0717928608795402,"AM HTO (steel jig)
Current"
AM HTO (steel jig),Current,climate change,687,1.2459850925337825,"AM HTO (steel jig)
Current"
AM HTO (steel jig),Current,climate change,688,1.346292789458919,"AM HTO (steel jig)
Current"
AM HTO (steel jig),Current,climate change,689,1.1559587711274077,"AM HTO (steel jig)
Current"
AM HTO (steel jig),Current,climate change,690,1.1738700225480796,"AM HTO (steel jig)
Current"
AM HTO (steel jig),Current,climate change,691,1.1384073717596157,"AM HTO (steel jig)
Current"
AM HTO (steel jig),Current,climate change,692,0.9748512837314353,"AM HTO (steel jig)
Current"
AM HTO (steel jig),Current,climate change,693,1.0737910387090581,"AM HTO (steel jig)
Current"
AM HTO (steel jig),Current,climate change,694,1.0346712946082086,"AM HTO (steel jig)
Current"
AM HTO (steel jig),Current,climate change,695,1.1395738321420024,"AM HTO (steel jig)
Current"
AM HTO (steel jig),Current,climate change,696,0.9861654518090358,"AM HTO (steel jig)
Current"
AM HTO (steel jig),Current,climate change,697,1.230822561780091,"AM HTO (steel jig)
Current"
AM HTO (steel jig),Current,climate change,698,1.0029442763218928,"AM HTO (steel jig)
Current"
AM HTO (steel jig),Current,climate change,699,1.0606279111243677,"AM HTO (steel jig)
Current"
AM HTO (steel jig),Current,climate change,700,1.1499411346468078,"AM HTO (steel jig)
Current"
AM HTO (steel jig),Current,climate change,701,1.181787538691959,"AM HTO (steel jig)
Current"
AM HTO (steel jig),Current,climate change,702,1.1012726542674358,"AM HTO (steel jig)
Current"
AM HTO (steel jig),Current,climate change,703,1.0704666094203674,"AM HTO (steel jig)
Current"
AM HTO (steel jig),Current,climate change,704,1.0701390134366382,"AM HTO (steel jig)
Current"
AM HTO (steel jig),Current,climate change,705,1.1271374682000685,"AM HTO (steel jig)
Current"
AM HTO (steel jig),Current,climate change,706,1.1251101177173042,"AM HTO (steel jig)
Current"
AM HTO (steel jig),Current,climate change,707,1.0032969573758541,"AM HTO (steel jig)
Current"
AM HTO (steel jig),Current,climate change,708,1.020880122497382,"AM HTO (steel jig)
Current"
AM HTO (steel jig),Current,climate change,709,1.0326072253469245,"AM HTO (steel jig)
Current"
AM HTO (steel jig),Current,climate change,710,0.9683458375217778,"AM HTO (steel jig)
Current"
AM HTO (steel jig),Current,climate change,711,1.1844639316303585,"AM HTO (steel jig)
Current"
AM HTO (steel jig),Current,climate change,712,1.1182859526094115,"AM HTO (steel jig)
Current"
AM HTO (steel jig),Current,climate change,713,1.031776657167393,"AM HTO (steel jig)
Current"
AM HTO (steel jig),Current,climate change,714,1.1341159555381242,"AM HTO (steel jig)
Current"
AM HTO (steel jig),Current,climate change,715,1.0803586249269874,"AM HTO (steel jig)
Current"
AM HTO (steel jig),Current,climate change,716,0.9759821212032718,"AM HTO (steel jig)
Current"
AM HTO (steel jig),Current,climate change,717,1.209309489772326,"AM HTO (steel jig)
Current"
AM HTO (steel jig),Current,climate change,718,1.163455356199874,"AM HTO (steel jig)
Current"
AM HTO (steel jig),Current,climate change,719,1.1919168226749988,"AM HTO (steel jig)
Current"
AM HTO (steel jig),Current,climate change,720,1.0415280956479298,"AM HTO (steel jig)
Current"
AM HTO (steel jig),Current,climate change,721,1.0171739011750065,"AM HTO (steel jig)
Current"
AM HTO (steel jig),Current,climate change,722,1.3377664827522062,"AM HTO (steel jig)
Current"
AM HTO (steel jig),Current,climate change,723,1.096613440667144,"AM HTO (steel jig)
Current"
AM HTO (steel jig),Current,climate change,724,1.1816686958765472,"AM HTO (steel jig)
Current"
AM HTO (steel jig),Current,climate change,725,1.1208656064371953,"AM HTO (steel jig)
Current"
AM HTO (steel jig),Current,climate change,726,1.1299838062088436,"AM HTO (steel jig)
Current"
AM HTO (steel jig),Current,climate change,727,1.1025501070024848,"AM HTO (steel jig)
Current"
AM HTO (steel jig),Current,climate change,728,0.9898842746694663,"AM HTO (steel jig)
Current"
AM HTO (steel jig),Current,climate change,729,1.233558421368308,"AM HTO (steel jig)
Current"
AM HTO (steel jig),Current,climate change,730,1.1700957890341501,"AM HTO (steel jig)
Current"
AM HTO (steel jig),Current,climate change,731,1.1852509515175809,"AM HTO (steel jig)
Current"
AM HTO (steel jig),Current,climate change,732,1.092945627814008,"AM HTO (steel jig)
Current"
AM HTO (steel jig),Current,climate change,733,1.2193658262576796,"AM HTO (steel jig)
Current"
AM HTO (steel jig),Current,climate change,734,0.9858047035452934,"AM HTO (steel jig)
Current"
AM HTO (steel jig),Current,climate change,735,1.1993640718165843,"AM HTO (steel jig)
Current"
AM HTO (steel jig),Current,climate change,736,1.1963965648082013,"AM HTO (steel jig)
Current"
AM HTO (steel jig),Current,climate change,737,1.0904944646808516,"AM HTO (steel jig)
Current"
AM HTO (steel jig),Current,climate change,738,1.189368629478468,"AM HTO (steel jig)
Current"
AM HTO (steel jig),Current,climate change,739,0.9125128344672574,"AM HTO (steel jig)
Current"
AM HTO (steel jig),Current,climate change,740,0.9562325217772444,"AM HTO (steel jig)
Current"
AM HTO (steel jig),Current,climate change,741,1.0331987586909268,"AM HTO (steel jig)
Current"
AM HTO (steel jig),Current,climate change,742,1.146343954937616,"AM HTO (steel jig)
Current"
AM HTO (steel jig),Current,climate change,743,1.2974477960353543,"AM HTO (steel jig)
Current"
AM HTO (steel jig),Current,climate change,744,0.9775478517138152,"AM HTO (steel jig)
Current"
AM HTO (steel jig),Current,climate change,745,1.0089357189033983,"AM HTO (steel jig)
Current"
AM HTO (steel jig),Current,climate change,746,0.9337723289289834,"AM HTO (steel jig)
Current"
AM HTO (steel jig),Current,climate change,747,0.9888395062110402,"AM HTO (steel jig)
Current"
AM HTO (steel jig),Current,climate change,748,1.2837302819847405,"AM HTO (steel jig)
Current"
AM HTO (steel jig),Current,climate change,749,0.9866645074983754,"AM HTO (steel jig)
Current"
AM HTO (steel jig),Current,climate change,750,0.9073840232434119,"AM HTO (steel jig)
Current"
AM HTO (steel jig),Current,climate change,751,1.087755877542428,"AM HTO (steel jig)
Current"
AM HTO (steel jig),Current,climate change,752,0.9832372698495325,"AM HTO (steel jig)
Current"
AM HTO (steel jig),Current,climate change,753,1.089577637779739,"AM HTO (steel jig)
Current"
AM HTO (steel jig),Current,climate change,754,1.2667707382429936,"AM HTO (steel jig)
Current"
AM HTO (steel jig),Current,climate change,755,1.1822119263767232,"AM HTO (steel jig)
Current"
AM HTO (steel jig),Current,climate change,756,0.9940683480363788,"AM HTO (steel jig)
Current"
AM HTO (steel jig),Current,climate change,757,1.1785045171625257,"AM HTO (steel jig)
Current"
AM HTO (steel jig),Current,climate change,758,1.2517216841834957,"AM HTO (steel jig)
Current"
AM HTO (steel jig),Current,climate change,759,1.0785792204909512,"AM HTO (steel jig)
Current"
AM HTO (steel jig),Current,climate change,760,1.258628758905743,"AM HTO (steel jig)
Current"
AM HTO (steel jig),Current,climate change,761,1.125713006515635,"AM HTO (steel jig)
Current"
AM HTO (steel jig),Current,climate change,762,1.0537695579994901,"AM HTO (steel jig)
Current"
AM HTO (steel jig),Current,climate change,763,1.2916394016552981,"AM HTO (steel jig)
Current"
AM HTO (steel jig),Current,climate change,764,1.2180509629169176,"AM HTO (steel jig)
Current"
AM HTO (steel jig),Current,climate change,765,1.127550890996031,"AM HTO (steel jig)
Current"
AM HTO (steel jig),Current,climate change,766,1.0369004487317188,"AM HTO (steel jig)
Current"
AM HTO (steel jig),Current,climate change,767,1.1887281821761282,"AM HTO (steel jig)
Current"
AM HTO (steel jig),Current,climate change,768,1.2118684569470948,"AM HTO (steel jig)
Current"
AM HTO (steel jig),Current,climate change,769,1.0658907030216376,"AM HTO (steel jig)
Current"
AM HTO (steel jig),Current,climate change,770,1.0952270498178103,"AM HTO (steel jig)
Current"
AM HTO (steel jig),Current,climate change,771,1.0345004189158413,"AM HTO (steel jig)
Current"
AM HTO (steel jig),Current,climate change,772,1.07768623750249,"AM HTO (steel jig)
Current"
AM HTO (steel jig),Current,climate change,773,1.187264154140896,"AM HTO (steel jig)
Current"
AM HTO (steel jig),Current,climate change,774,1.1328969440353904,"AM HTO (steel jig)
Current"
AM HTO (steel jig),Current,climate change,775,1.1421925713463914,"AM HTO (steel jig)
Current"
AM HTO (steel jig),Current,climate change,776,1.1173289620756859,"AM HTO (steel jig)
Current"
AM HTO (steel jig),Current,climate change,777,1.2464050799464848,"AM HTO (steel jig)
Current"
AM HTO (steel jig),Current,climate change,778,1.1086036293567696,"AM HTO (steel jig)
Current"
AM HTO (steel jig),Current,climate change,779,1.1521398691707072,"AM HTO (steel jig)
Current"
AM HTO (steel jig),Current,climate change,780,1.0087547092401576,"AM HTO (steel jig)
Current"
AM HTO (steel jig),Current,climate change,781,1.0742850592519106,"AM HTO (steel jig)
Current"
AM HTO (steel jig),Current,climate change,782,1.1721547595874398,"AM HTO (steel jig)
Current"
AM HTO (steel jig),Current,climate change,783,1.2104558971012653,"AM HTO (steel jig)
Current"
AM HTO (steel jig),Current,climate change,784,1.2003187632518846,"AM HTO (steel jig)
Current"
AM HTO (steel jig),Current,climate change,785,1.0797773981935483,"AM HTO (steel jig)
Current"
AM HTO (steel jig),Current,climate change,786,1.2118233226533368,"AM HTO (steel jig)
Current"
AM HTO (steel jig),Current,climate change,787,1.221372604738878,"AM HTO (steel jig)
Current"
AM HTO (steel jig),Current,climate change,788,0.9042088250240903,"AM HTO (steel jig)
Current"
AM HTO (steel jig),Current,climate change,789,1.0613248881239403,"AM HTO (steel jig)
Current"
AM HTO (steel jig),Current,climate change,790,0.9846458215269944,"AM HTO (steel jig)
Current"
AM HTO (steel jig),Current,climate change,791,1.1874513159690925,"AM HTO (steel jig)
Current"
AM HTO (steel jig),Current,climate change,792,1.1008014035725269,"AM HTO (steel jig)
Current"
AM HTO (steel jig),Current,climate change,793,1.0665150146995657,"AM HTO (steel jig)
Current"
AM HTO (steel jig),Current,climate change,794,1.227875629820272,"AM HTO (steel jig)
Current"
AM HTO (steel jig),Current,climate change,795,1.293785666203903,"AM HTO (steel jig)
Current"
AM HTO (steel jig),Current,climate change,796,0.9374335263275931,"AM HTO (steel jig)
Current"
AM HTO (steel jig),Current,climate change,797,1.1246107534770529,"AM HTO (steel jig)
Current"
AM HTO (steel jig),Current,climate change,798,1.0307700143484195,"AM HTO (steel jig)
Current"
AM HTO (steel jig),Current,climate change,799,1.2529904699075354,"AM HTO (steel jig)
Current"
AM HTO (steel jig),Current,climate change,800,1.1618311007958246,"AM HTO (steel jig)
Current"
AM HTO (steel jig),Current,climate change,801,1.3105049279621581,"AM HTO (steel jig)
Current"
AM HTO (steel jig),Current,climate change,802,1.1697816049427274,"AM HTO (steel jig)
Current"
AM HTO (steel jig),Current,climate change,803,1.0140329376182171,"AM HTO (steel jig)
Current"
AM HTO (steel jig),Current,climate change,804,1.1671078165165865,"AM HTO (steel jig)
Current"
AM HTO (steel jig),Current,climate change,805,1.19189957733036,"AM HTO (steel jig)
Current"
AM HTO (steel jig),Current,climate change,806,0.9368046818670976,"AM HTO (steel jig)
Current"
AM HTO (steel jig),Current,climate change,807,1.231656164773594,"AM HTO (steel jig)
Current"
AM HTO (steel jig),Current,climate change,808,1.218494796272749,"AM HTO (steel jig)
Current"
AM HTO (steel jig),Current,climate change,809,0.9776523262850664,"AM HTO (steel jig)
Current"
AM HTO (steel jig),Current,climate change,810,1.286945374071296,"AM HTO (steel jig)
Current"
AM HTO (steel jig),Current,climate change,811,1.1183388099309524,"AM HTO (steel jig)
Current"
AM HTO (steel jig),Current,climate change,812,0.904111280356712,"AM HTO (steel jig)
Current"
AM HTO (steel jig),Current,climate change,813,1.2651007706481898,"AM HTO (steel jig)
Current"
AM HTO (steel jig),Current,climate change,814,1.0386409866417563,"AM HTO (steel jig)
Current"
AM HTO (steel jig),Current,climate change,815,1.0795732309825707,"AM HTO (steel jig)
Current"
AM HTO (steel jig),Current,climate change,816,1.0013951778450092,"AM HTO (steel jig)
Current"
AM HTO (steel jig),Current,climate change,817,1.101249817329963,"AM HTO (steel jig)
Current"
AM HTO (steel jig),Current,climate change,818,1.3450744588859684,"AM HTO (steel jig)
Current"
AM HTO (steel jig),Current,climate change,819,1.202893634691433,"AM HTO (steel jig)
Current"
AM HTO (steel jig),Current,climate change,820,1.1294741674691238,"AM HTO (steel jig)
Current"
AM HTO (steel jig),Current,climate change,821,1.2174108027115107,"AM HTO (steel jig)
Current"
AM HTO (steel jig),Current,climate change,822,1.0679690336023135,"AM HTO (steel jig)
Current"
AM HTO (steel jig),Current,climate change,823,1.2505464536474717,"AM HTO (steel jig)
Current"
AM HTO (steel jig),Current,climate change,824,1.0341277958259631,"AM HTO (steel jig)
Current"
AM HTO (steel jig),Current,climate change,825,1.2061638106638635,"AM HTO (steel jig)
Current"
AM HTO (steel jig),Current,climate change,826,1.0137098868090575,"AM HTO (steel jig)
Current"
AM HTO (steel jig),Current,climate change,827,1.1624563553067933,"AM HTO (steel jig)
Current"
AM HTO (steel jig),Current,climate change,828,1.1787210338857754,"AM HTO (steel jig)
Current"
AM HTO (steel jig),Current,climate change,829,1.1015981893070166,"AM HTO (steel jig)
Current"
AM HTO (steel jig),Current,climate change,830,1.1486277032900836,"AM HTO (steel jig)
Current"
AM HTO (steel jig),Current,climate change,831,1.3817641435540269,"AM HTO (steel jig)
Current"
AM HTO (steel jig),Current,climate change,832,1.1871541337402425,"AM HTO (steel jig)
Current"
AM HTO (steel jig),Current,climate change,833,1.3057579540279138,"AM HTO (steel jig)
Current"
AM HTO (steel jig),Current,climate change,834,1.1166984282330858,"AM HTO (steel jig)
Current"
AM HTO (steel jig),Current,climate change,835,1.2854207283719046,"AM HTO (steel jig)
Current"
AM HTO (steel jig),Current,climate change,836,1.3961793367006068,"AM HTO (steel jig)
Current"
AM HTO (steel jig),Current,climate change,837,1.1046383006794067,"AM HTO (steel jig)
Current"
AM HTO (steel jig),Current,climate change,838,1.2120886015967716,"AM HTO (steel jig)
Current"
AM HTO (steel jig),Current,climate change,839,1.058831079962575,"AM HTO (steel jig)
Current"
AM HTO (steel jig),Current,climate change,840,1.015323076997719,"AM HTO (steel jig)
Current"
AM HTO (steel jig),Current,climate change,841,1.1015872511409615,"AM HTO (steel jig)
Current"
AM HTO (steel jig),Current,climate change,842,1.1425056919007937,"AM HTO (steel jig)
Current"
AM HTO (steel jig),Current,climate change,843,1.2904402326214048,"AM HTO (steel jig)
Current"
AM HTO (steel jig),Current,climate change,844,1.160898692338943,"AM HTO (steel jig)
Current"
AM HTO (steel jig),Current,climate change,845,0.9443456740247668,"AM HTO (steel jig)
Current"
AM HTO (steel jig),Current,climate change,846,1.0552956684738983,"AM HTO (steel jig)
Current"
AM HTO (steel jig),Current,climate change,847,1.1748998989412593,"AM HTO (steel jig)
Current"
AM HTO (steel jig),Current,climate change,848,1.074167677123535,"AM HTO (steel jig)
Current"
AM HTO (steel jig),Current,climate change,849,1.2418150851636067,"AM HTO (steel jig)
Current"
AM HTO (steel jig),Current,climate change,850,1.0433960558667223,"AM HTO (steel jig)
Current"
AM HTO (steel jig),Current,climate change,851,1.0566878056365536,"AM HTO (steel jig)
Current"
AM HTO (steel jig),Current,climate change,852,1.3826547650594108,"AM HTO (steel jig)
Current"
AM HTO (steel jig),Current,climate change,853,1.2544612279119376,"AM HTO (steel jig)
Current"
AM HTO (steel jig),Current,climate change,854,0.9780242627270983,"AM HTO (steel jig)
Current"
AM HTO (steel jig),Current,climate change,855,1.0107371623264552,"AM HTO (steel jig)
Current"
AM HTO (steel jig),Current,climate change,856,1.307884721209003,"AM HTO (steel jig)
Current"
AM HTO (steel jig),Current,climate change,857,1.03316449742993,"AM HTO (steel jig)
Current"
AM HTO (steel jig),Current,climate change,858,1.3220042779949086,"AM HTO (steel jig)
Current"
AM HTO (steel jig),Current,climate change,859,1.1039881743476536,"AM HTO (steel jig)
Current"
AM HTO (steel jig),Current,climate change,860,1.0375710962400626,"AM HTO (steel jig)
Current"
AM HTO (steel jig),Current,climate change,861,1.3193537340900607,"AM HTO (steel jig)
Current"
AM HTO (steel jig),Current,climate change,862,1.0475517907203318,"AM HTO (steel jig)
Current"
AM HTO (steel jig),Current,climate change,863,1.1272710247970568,"AM HTO (steel jig)
Current"
AM HTO (steel jig),Current,climate change,864,0.964104386312259,"AM HTO (steel jig)
Current"
AM HTO (steel jig),Current,climate change,865,0.9874275863368074,"AM HTO (steel jig)
Current"
AM HTO (steel jig),Current,climate change,866,1.0196320685978058,"AM HTO (steel jig)
Current"
AM HTO (steel jig),Current,climate change,867,1.2230380036984316,"AM HTO (steel jig)
Current"
AM HTO (steel jig),Current,climate change,868,0.9367479965244861,"AM HTO (steel jig)
Current"
AM HTO (steel jig),Current,climate change,869,1.3670019418735266,"AM HTO (steel jig)
Current"
AM HTO (steel jig),Current,climate change,870,1.0432560771011634,"AM HTO (steel jig)
Current"
AM HTO (steel jig),Current,climate change,871,1.1298099580833978,"AM HTO (steel jig)
Current"
AM HTO (steel jig),Current,climate change,872,1.0015529939841155,"AM HTO (steel jig)
Current"
AM HTO (steel jig),Current,climate change,873,0.9772360372193757,"AM HTO (steel jig)
Current"
AM HTO (steel jig),Current,climate change,874,1.261861251712228,"AM HTO (steel jig)
Current"
AM HTO (steel jig),Current,climate change,875,1.1320099193091724,"AM HTO (steel jig)
Current"
AM HTO (steel jig),Current,climate change,876,1.0892844643818091,"AM HTO (steel jig)
Current"
AM HTO (steel jig),Current,climate change,877,1.346524581049933,"AM HTO (steel jig)
Current"
AM HTO (steel jig),Current,climate change,878,1.0800439394700516,"AM HTO (steel jig)
Current"
AM HTO (steel jig),Current,climate change,879,1.054773722764993,"AM HTO (steel jig)
Current"
AM HTO (steel jig),Current,climate change,880,1.203177914475577,"AM HTO (steel jig)
Current"
AM HTO (steel jig),Current,climate change,881,1.1555328393916404,"AM HTO (steel jig)
Current"
AM HTO (steel jig),Current,climate change,882,1.0148441106845982,"AM HTO (steel jig)
Current"
AM HTO (steel jig),Current,climate change,883,1.132560641365279,"AM HTO (steel jig)
Current"
AM HTO (steel jig),Current,climate change,884,1.1321525134469514,"AM HTO (steel jig)
Current"
AM HTO (steel jig),Current,climate change,885,1.1634203689991698,"AM HTO (steel jig)
Current"
AM HTO (steel jig),Current,climate change,886,1.0259177391665357,"AM HTO (steel jig)
Current"
AM HTO (steel jig),Current,climate change,887,1.1219121360095654,"AM HTO (steel jig)
Current"
AM HTO (steel jig),Current,climate change,888,1.1470959658240578,"AM HTO (steel jig)
Current"
AM HTO (steel jig),Current,climate change,889,1.019918017839516,"AM HTO (steel jig)
Current"
AM HTO (steel jig),Current,climate change,890,1.170280188986263,"AM HTO (steel jig)
Current"
AM HTO (steel jig),Current,climate change,891,1.2308507340965633,"AM HTO (steel jig)
Current"
AM HTO (steel jig),Current,climate change,892,1.1971684143129164,"AM HTO (steel jig)
Current"
AM HTO (steel jig),Current,climate change,893,1.4059448927093903,"AM HTO (steel jig)
Current"
AM HTO (steel jig),Current,climate change,894,1.1206797279308534,"AM HTO (steel jig)
Current"
AM HTO (steel jig),Current,climate change,895,0.9567715564553904,"AM HTO (steel jig)
Current"
AM HTO (steel jig),Current,climate change,896,0.9768356410153279,"AM HTO (steel jig)
Current"
AM HTO (steel jig),Current,climate change,897,0.9720877726503849,"AM HTO (steel jig)
Current"
AM HTO (steel jig),Current,climate change,898,1.0659719441074276,"AM HTO (steel jig)
Current"
AM HTO (steel jig),Current,climate change,899,1.0161410484403024,"AM HTO (steel jig)
Current"
AM HTO (steel jig),Current,climate change,900,0.9938988529423585,"AM HTO (steel jig)
Current"
AM HTO (steel jig),Current,climate change,901,1.101909691443393,"AM HTO (steel jig)
Current"
AM HTO (steel jig),Current,climate change,902,1.212857816411258,"AM HTO (steel jig)
Current"
AM HTO (steel jig),Current,climate change,903,1.0883286272940615,"AM HTO (steel jig)
Current"
AM HTO (steel jig),Current,climate change,904,1.240063202431628,"AM HTO (steel jig)
Current"
AM HTO (steel jig),Current,climate change,905,0.9822368379513203,"AM HTO (steel jig)
Current"
AM HTO (steel jig),Current,climate change,906,0.9640918098338844,"AM HTO (steel jig)
Current"
AM HTO (steel jig),Current,climate change,907,1.0472384768171525,"AM HTO (steel jig)
Current"
AM HTO (steel jig),Current,climate change,908,1.04342783250141,"AM HTO (steel jig)
Current"
AM HTO (steel jig),Current,climate change,909,1.217289472597783,"AM HTO (steel jig)
Current"
AM HTO (steel jig),Current,climate change,910,1.0361069931924967,"AM HTO (steel jig)
Current"
AM HTO (steel jig),Current,climate change,911,1.1672024813002757,"AM HTO (steel jig)
Current"
AM HTO (steel jig),Current,climate change,912,1.1782858106783325,"AM HTO (steel jig)
Current"
AM HTO (steel jig),Current,climate change,913,1.126923595684412,"AM HTO (steel jig)
Current"
AM HTO (steel jig),Current,climate change,914,0.9725104468765818,"AM HTO (steel jig)
Current"
AM HTO (steel jig),Current,climate change,915,1.3709898120922988,"AM HTO (steel jig)
Current"
AM HTO (steel jig),Current,climate change,916,1.2837408978589808,"AM HTO (steel jig)
Current"
AM HTO (steel jig),Current,climate change,917,1.0366978823235027,"AM HTO (steel jig)
Current"
AM HTO (steel jig),Current,climate change,918,1.106040848776685,"AM HTO (steel jig)
Current"
AM HTO (steel jig),Current,climate change,919,1.2764990542129053,"AM HTO (steel jig)
Current"
AM HTO (steel jig),Current,climate change,920,1.193845099160563,"AM HTO (steel jig)
Current"
AM HTO (steel jig),Current,climate change,921,1.1265960639329498,"AM HTO (steel jig)
Current"
AM HTO (steel jig),Current,climate change,922,0.9839749803632725,"AM HTO (steel jig)
Current"
AM HTO (steel jig),Current,climate change,923,1.0588517030997386,"AM HTO (steel jig)
Current"
AM HTO (steel jig),Current,climate change,924,1.07950433268154,"AM HTO (steel jig)
Current"
AM HTO (steel jig),Current,climate change,925,1.1471480850703693,"AM HTO (steel jig)
Current"
AM HTO (steel jig),Current,climate change,926,1.104614931485112,"AM HTO (steel jig)
Current"
AM HTO (steel jig),Current,climate change,927,1.0462680399993967,"AM HTO (steel jig)
Current"
AM HTO (steel jig),Current,climate change,928,1.0398115939805477,"AM HTO (steel jig)
Current"
AM HTO (steel jig),Current,climate change,929,1.2330780941289399,"AM HTO (steel jig)
Current"
AM HTO (steel jig),Current,climate change,930,1.0241453579088287,"AM HTO (steel jig)
Current"
AM HTO (steel jig),Current,climate change,931,1.178592916737821,"AM HTO (steel jig)
Current"
AM HTO (steel jig),Current,climate change,932,1.0442729751204831,"AM HTO (steel jig)
Current"
AM HTO (steel jig),Current,climate change,933,1.078890958612651,"AM HTO (steel jig)
Current"
AM HTO (steel jig),Current,climate change,934,1.0526118591703812,"AM HTO (steel jig)
Current"
AM HTO (steel jig),Current,climate change,935,1.1312483934744384,"AM HTO (steel jig)
Current"
AM HTO (steel jig),Current,climate change,936,1.1775567465779821,"AM HTO (steel jig)
Current"
AM HTO (steel jig),Current,climate change,937,1.1164611058134393,"AM HTO (steel jig)
Current"
AM HTO (steel jig),Current,climate change,938,1.1527171235010867,"AM HTO (steel jig)
Current"
AM HTO (steel jig),Current,climate change,939,1.060090751170811,"AM HTO (steel jig)
Current"
AM HTO (steel jig),Current,climate change,940,0.9571232143072094,"AM HTO (steel jig)
Current"
AM HTO (steel jig),Current,climate change,941,0.990365408695835,"AM HTO (steel jig)
Current"
AM HTO (steel jig),Current,climate change,942,1.1688467381343646,"AM HTO (steel jig)
Current"
AM HTO (steel jig),Current,climate change,943,1.1043589592003071,"AM HTO (steel jig)
Current"
AM HTO (steel jig),Current,climate change,944,1.0391917620626747,"AM HTO (steel jig)
Current"
AM HTO (steel jig),Current,climate change,945,1.1595785610291078,"AM HTO (steel jig)
Current"
AM HTO (steel jig),Current,climate change,946,1.0127371269099439,"AM HTO (steel jig)
Current"
AM HTO (steel jig),Current,climate change,947,1.2327115867793674,"AM HTO (steel jig)
Current"
AM HTO (steel jig),Current,climate change,948,1.027321592653559,"AM HTO (steel jig)
Current"
AM HTO (steel jig),Current,climate change,949,1.237391381773026,"AM HTO (steel jig)
Current"
AM HTO (steel jig),Current,climate change,950,1.1679697317304971,"AM HTO (steel jig)
Current"
AM HTO (steel jig),Current,climate change,951,0.9950633840346651,"AM HTO (steel jig)
Current"
AM HTO (steel jig),Current,climate change,952,1.1418897128056957,"AM HTO (steel jig)
Current"
AM HTO (steel jig),Current,climate change,953,1.2735442118612574,"AM HTO (steel jig)
Current"
AM HTO (steel jig),Current,climate change,954,1.1398004830193882,"AM HTO (steel jig)
Current"
AM HTO (steel jig),Current,climate change,955,1.0247630674473491,"AM HTO (steel jig)
Current"
AM HTO (steel jig),Current,climate change,956,1.054666492341238,"AM HTO (steel jig)
Current"
AM HTO (steel jig),Current,climate change,957,1.112063731108248,"AM HTO (steel jig)
Current"
AM HTO (steel jig),Current,climate change,958,1.2774706356979184,"AM HTO (steel jig)
Current"
AM HTO (steel jig),Current,climate change,959,1.1342335571896902,"AM HTO (steel jig)
Current"
AM HTO (steel jig),Current,climate change,960,1.0592151255268476,"AM HTO (steel jig)
Current"
AM HTO (steel jig),Current,climate change,961,1.1406629903491499,"AM HTO (steel jig)
Current"
AM HTO (steel jig),Current,climate change,962,1.0577277163832632,"AM HTO (steel jig)
Current"
AM HTO (steel jig),Current,climate change,963,1.093032038410343,"AM HTO (steel jig)
Current"
AM HTO (steel jig),Current,climate change,964,1.1801336601851349,"AM HTO (steel jig)
Current"
AM HTO (steel jig),Current,climate change,965,1.2387622572965424,"AM HTO (steel jig)
Current"
AM HTO (steel jig),Current,climate change,966,1.1506688557947875,"AM HTO (steel jig)
Current"
AM HTO (steel jig),Current,climate change,967,0.9786622902876858,"AM HTO (steel jig)
Current"
AM HTO (steel jig),Current,climate change,968,1.1712016652909976,"AM HTO (steel jig)
Current"
AM HTO (steel jig),Current,climate change,969,1.1566077636635728,"AM HTO (steel jig)
Current"
AM HTO (steel jig),Current,climate change,970,1.1137116617405591,"AM HTO (steel jig)
Current"
AM HTO (steel jig),Current,climate change,971,1.2994019845696234,"AM HTO (steel jig)
Current"
AM HTO (steel jig),Current,climate change,972,1.171058819400668,"AM HTO (steel jig)
Current"
AM HTO (steel jig),Current,climate change,973,1.1409672938130035,"AM HTO (steel jig)
Current"
AM HTO (steel jig),Current,climate change,974,1.1035856845036804,"AM HTO (steel jig)
Current"
AM HTO (steel jig),Current,climate change,975,1.0584887914643566,"AM HTO (steel jig)
Current"
AM HTO (steel jig),Current,climate change,976,1.079378304802782,"AM HTO (steel jig)
Current"
AM HTO (steel jig),Current,climate change,977,0.9725050507355316,"AM HTO (steel jig)
Current"
AM HTO (steel jig),Current,climate change,978,1.2638200948022231,"AM HTO (steel jig)
Current"
AM HTO (steel jig),Current,climate change,979,1.2101682836846894,"AM HTO (steel jig)
Current"
AM HTO (steel jig),Current,climate change,980,1.1820959174528005,"AM HTO (steel jig)
Current"
AM HTO (steel jig),Current,climate change,981,1.1043214313789254,"AM HTO (steel jig)
Current"
AM HTO (steel jig),Current,climate change,982,1.07007576592559,"AM HTO (steel jig)
Current"
AM HTO (steel jig),Current,climate change,983,1.2961455488919347,"AM HTO (steel jig)
Current"
AM HTO (steel jig),Current,climate change,984,1.4102574211728505,"AM HTO (steel jig)
Current"
AM HTO (steel jig),Current,climate change,985,1.010258933015833,"AM HTO (steel jig)
Current"
AM HTO (steel jig),Current,climate change,986,1.295284553995703,"AM HTO (steel jig)
Current"
AM HTO (steel jig),Current,climate change,987,1.0570778709748518,"AM HTO (steel jig)
Current"
AM HTO (steel jig),Current,climate change,988,1.3286041347287656,"AM HTO (steel jig)
Current"
AM HTO (steel jig),Current,climate change,989,1.0697435727154145,"AM HTO (steel jig)
Current"
AM HTO (steel jig),Current,climate change,990,1.217060199917826,"AM HTO (steel jig)
Current"
AM HTO (steel jig),Current,climate change,991,1.058203240630154,"AM HTO (steel jig)
Current"
AM HTO (steel jig),Current,climate change,992,1.0641260465317601,"AM HTO (steel jig)
Current"
AM HTO (steel jig),Current,climate change,993,1.035836473039495,"AM HTO (steel jig)
Current"
AM HTO (steel jig),Current,climate change,994,1.0958083925916606,"AM HTO (steel jig)
Current"
AM HTO (steel jig),Current,climate change,995,1.0325505174274925,"AM HTO (steel jig)
Current"
AM HTO (steel jig),Current,climate change,996,1.1488816711816114,"AM HTO (steel jig)
Current"
AM HTO (steel jig),Current,climate change,997,1.098313330529521,"AM HTO (steel jig)
Current"
AM HTO (steel jig),Current,climate change,998,1.0524113836652966,"AM HTO (steel jig)
Current"
AM HTO (steel jig),Current,climate change,999,1.0802540414333275,"AM HTO (steel jig)
Current"
AM HTO (steel jig),Greener,climate change,0,0.8420231911308245,"AM HTO (steel jig)
Greener"
AM HTO (steel jig),Greener,climate change,1,0.7948642382843111,"AM HTO (steel jig)
Greener"
AM HTO (steel jig),Greener,climate change,2,0.8692638279441304,"AM HTO (steel jig)
Greener"
AM HTO (steel jig),Greener,climate change,3,0.8228949542897859,"AM HTO (steel jig)
Greener"
AM HTO (steel jig),Greener,climate change,4,0.7269854711632964,"AM HTO (steel jig)
Greener"
AM HTO (steel jig),Greener,climate change,5,0.8850064189625664,"AM HTO (steel jig)
Greener"
AM HTO (steel jig),Greener,climate change,6,0.7663094575281573,"AM HTO (steel jig)
Greener"
AM HTO (steel jig),Greener,climate change,7,0.9402407914809668,"AM HTO (steel jig)
Greener"
AM HTO (steel jig),Greener,climate change,8,0.818255275450877,"AM HTO (steel jig)
Greener"
AM HTO (steel jig),Greener,climate change,9,0.8234176691605105,"AM HTO (steel jig)
Greener"
AM HTO (steel jig),Greener,climate change,10,0.8879319880749662,"AM HTO (steel jig)
Greener"
AM HTO (steel jig),Greener,climate change,11,0.7274260140050102,"AM HTO (steel jig)
Greener"
AM HTO (steel jig),Greener,climate change,12,0.7348663641237932,"AM HTO (steel jig)
Greener"
AM HTO (steel jig),Greener,climate change,13,0.7587101194343768,"AM HTO (steel jig)
Greener"
AM HTO (steel jig),Greener,climate change,14,0.855321184842347,"AM HTO (steel jig)
Greener"
AM HTO (steel jig),Greener,climate change,15,0.7668613798191191,"AM HTO (steel jig)
Greener"
AM HTO (steel jig),Greener,climate change,16,0.8662790965949179,"AM HTO (steel jig)
Greener"
AM HTO (steel jig),Greener,climate change,17,0.6218158151981055,"AM HTO (steel jig)
Greener"
AM HTO (steel jig),Greener,climate change,18,0.8829075595456737,"AM HTO (steel jig)
Greener"
AM HTO (steel jig),Greener,climate change,19,0.7821645809293927,"AM HTO (steel jig)
Greener"
AM HTO (steel jig),Greener,climate change,20,0.7943943863503429,"AM HTO (steel jig)
Greener"
AM HTO (steel jig),Greener,climate change,21,0.5950947577538029,"AM HTO (steel jig)
Greener"
AM HTO (steel jig),Greener,climate change,22,0.8220955897677816,"AM HTO (steel jig)
Greener"
AM HTO (steel jig),Greener,climate change,23,0.7623852116304096,"AM HTO (steel jig)
Greener"
AM HTO (steel jig),Greener,climate change,24,0.6862183206138338,"AM HTO (steel jig)
Greener"
AM HTO (steel jig),Greener,climate change,25,0.7516853116749647,"AM HTO (steel jig)
Greener"
AM HTO (steel jig),Greener,climate change,26,0.9166875331017389,"AM HTO (steel jig)
Greener"
AM HTO (steel jig),Greener,climate change,27,0.7287454315327148,"AM HTO (steel jig)
Greener"
AM HTO (steel jig),Greener,climate change,28,0.7434039995591777,"AM HTO (steel jig)
Greener"
AM HTO (steel jig),Greener,climate change,29,0.6328202855817833,"AM HTO (steel jig)
Greener"
AM HTO (steel jig),Greener,climate change,30,0.9021857178605432,"AM HTO (steel jig)
Greener"
AM HTO (steel jig),Greener,climate change,31,0.7642710545808934,"AM HTO (steel jig)
Greener"
AM HTO (steel jig),Greener,climate change,32,0.9578844980877929,"AM HTO (steel jig)
Greener"
AM HTO (steel jig),Greener,climate change,33,0.7591310116425067,"AM HTO (steel jig)
Greener"
AM HTO (steel jig),Greener,climate change,34,0.7610076039096907,"AM HTO (steel jig)
Greener"
AM HTO (steel jig),Greener,climate change,35,0.7893734179089144,"AM HTO (steel jig)
Greener"
AM HTO (steel jig),Greener,climate change,36,0.6886905899836274,"AM HTO (steel jig)
Greener"
AM HTO (steel jig),Greener,climate change,37,0.8407621610343237,"AM HTO (steel jig)
Greener"
AM HTO (steel jig),Greener,climate change,38,0.6469768303601299,"AM HTO (steel jig)
Greener"
AM HTO (steel jig),Greener,climate change,39,0.659090171433398,"AM HTO (steel jig)
Greener"
AM HTO (steel jig),Greener,climate change,40,0.7979095356842281,"AM HTO (steel jig)
Greener"
AM HTO (steel jig),Greener,climate change,41,0.7606033279827848,"AM HTO (steel jig)
Greener"
AM HTO (steel jig),Greener,climate change,42,0.8720335186330316,"AM HTO (steel jig)
Greener"
AM HTO (steel jig),Greener,climate change,43,0.7868180667346265,"AM HTO (steel jig)
Greener"
AM HTO (steel jig),Greener,climate change,44,0.9038591382205885,"AM HTO (steel jig)
Greener"
AM HTO (steel jig),Greener,climate change,45,0.9236043204756239,"AM HTO (steel jig)
Greener"
AM HTO (steel jig),Greener,climate change,46,0.8455719472138774,"AM HTO (steel jig)
Greener"
AM HTO (steel jig),Greener,climate change,47,0.8009125419208435,"AM HTO (steel jig)
Greener"
AM HTO (steel jig),Greener,climate change,48,0.8270340062880949,"AM HTO (steel jig)
Greener"
AM HTO (steel jig),Greener,climate change,49,0.8722328771233658,"AM HTO (steel jig)
Greener"
AM HTO (steel jig),Greener,climate change,50,0.7360459943535176,"AM HTO (steel jig)
Greener"
AM HTO (steel jig),Greener,climate change,51,0.7913021691624903,"AM HTO (steel jig)
Greener"
AM HTO (steel jig),Greener,climate change,52,0.745052968460274,"AM HTO (steel jig)
Greener"
AM HTO (steel jig),Greener,climate change,53,0.7813751198551249,"AM HTO (steel jig)
Greener"
AM HTO (steel jig),Greener,climate change,54,0.9458583527139107,"AM HTO (steel jig)
Greener"
AM HTO (steel jig),Greener,climate change,55,0.6176274168574224,"AM HTO (steel jig)
Greener"
AM HTO (steel jig),Greener,climate change,56,0.8876745413379142,"AM HTO (steel jig)
Greener"
AM HTO (steel jig),Greener,climate change,57,0.6605151067096302,"AM HTO (steel jig)
Greener"
AM HTO (steel jig),Greener,climate change,58,0.7197248146257623,"AM HTO (steel jig)
Greener"
AM HTO (steel jig),Greener,climate change,59,0.7623333552895474,"AM HTO (steel jig)
Greener"
AM HTO (steel jig),Greener,climate change,60,0.9163691435108675,"AM HTO (steel jig)
Greener"
AM HTO (steel jig),Greener,climate change,61,0.613347762399062,"AM HTO (steel jig)
Greener"
AM HTO (steel jig),Greener,climate change,62,0.8588836853113078,"AM HTO (steel jig)
Greener"
AM HTO (steel jig),Greener,climate change,63,0.9513223044011105,"AM HTO (steel jig)
Greener"
AM HTO (steel jig),Greener,climate change,64,0.7667416060539961,"AM HTO (steel jig)
Greener"
AM HTO (steel jig),Greener,climate change,65,0.8767532404675624,"AM HTO (steel jig)
Greener"
AM HTO (steel jig),Greener,climate change,66,0.8780761529000738,"AM HTO (steel jig)
Greener"
AM HTO (steel jig),Greener,climate change,67,0.6816675119598157,"AM HTO (steel jig)
Greener"
AM HTO (steel jig),Greener,climate change,68,0.7976405028774008,"AM HTO (steel jig)
Greener"
AM HTO (steel jig),Greener,climate change,69,0.8965011602571054,"AM HTO (steel jig)
Greener"
AM HTO (steel jig),Greener,climate change,70,0.8041156871987889,"AM HTO (steel jig)
Greener"
AM HTO (steel jig),Greener,climate change,71,0.8947867490778285,"AM HTO (steel jig)
Greener"
AM HTO (steel jig),Greener,climate change,72,0.8377540943241172,"AM HTO (steel jig)
Greener"
AM HTO (steel jig),Greener,climate change,73,0.6861305484843766,"AM HTO (steel jig)
Greener"
AM HTO (steel jig),Greener,climate change,74,0.7855615324673357,"AM HTO (steel jig)
Greener"
AM HTO (steel jig),Greener,climate change,75,0.7054911270790006,"AM HTO (steel jig)
Greener"
AM HTO (steel jig),Greener,climate change,76,0.7392462371243734,"AM HTO (steel jig)
Greener"
AM HTO (steel jig),Greener,climate change,77,0.7668545168434571,"AM HTO (steel jig)
Greener"
AM HTO (steel jig),Greener,climate change,78,0.8186840526367682,"AM HTO (steel jig)
Greener"
AM HTO (steel jig),Greener,climate change,79,0.8189824302451773,"AM HTO (steel jig)
Greener"
AM HTO (steel jig),Greener,climate change,80,0.8672694712643262,"AM HTO (steel jig)
Greener"
AM HTO (steel jig),Greener,climate change,81,0.985045601547444,"AM HTO (steel jig)
Greener"
AM HTO (steel jig),Greener,climate change,82,0.6975515321433996,"AM HTO (steel jig)
Greener"
AM HTO (steel jig),Greener,climate change,83,0.9588036560259546,"AM HTO (steel jig)
Greener"
AM HTO (steel jig),Greener,climate change,84,0.7742491479969835,"AM HTO (steel jig)
Greener"
AM HTO (steel jig),Greener,climate change,85,0.7076900375507414,"AM HTO (steel jig)
Greener"
AM HTO (steel jig),Greener,climate change,86,0.7381522188832041,"AM HTO (steel jig)
Greener"
AM HTO (steel jig),Greener,climate change,87,0.7931124380617187,"AM HTO (steel jig)
Greener"
AM HTO (steel jig),Greener,climate change,88,0.7648217437641993,"AM HTO (steel jig)
Greener"
AM HTO (steel jig),Greener,climate change,89,0.8290222189852753,"AM HTO (steel jig)
Greener"
AM HTO (steel jig),Greener,climate change,90,0.9526233266101435,"AM HTO (steel jig)
Greener"
AM HTO (steel jig),Greener,climate change,91,0.7261197052500471,"AM HTO (steel jig)
Greener"
AM HTO (steel jig),Greener,climate change,92,0.7215996233642082,"AM HTO (steel jig)
Greener"
AM HTO (steel jig),Greener,climate change,93,0.9262468435806253,"AM HTO (steel jig)
Greener"
AM HTO (steel jig),Greener,climate change,94,0.808043131062506,"AM HTO (steel jig)
Greener"
AM HTO (steel jig),Greener,climate change,95,0.9108466985457068,"AM HTO (steel jig)
Greener"
AM HTO (steel jig),Greener,climate change,96,0.8274908016993718,"AM HTO (steel jig)
Greener"
AM HTO (steel jig),Greener,climate change,97,0.7209824191101694,"AM HTO (steel jig)
Greener"
AM HTO (steel jig),Greener,climate change,98,0.7439342413535527,"AM HTO (steel jig)
Greener"
AM HTO (steel jig),Greener,climate change,99,0.7754611534413418,"AM HTO (steel jig)
Greener"
AM HTO (steel jig),Greener,climate change,100,0.6890350784392884,"AM HTO (steel jig)
Greener"
AM HTO (steel jig),Greener,climate change,101,0.8313364768080841,"AM HTO (steel jig)
Greener"
AM HTO (steel jig),Greener,climate change,102,0.8135654097635548,"AM HTO (steel jig)
Greener"
AM HTO (steel jig),Greener,climate change,103,0.7928766578985577,"AM HTO (steel jig)
Greener"
AM HTO (steel jig),Greener,climate change,104,0.9381130281323458,"AM HTO (steel jig)
Greener"
AM HTO (steel jig),Greener,climate change,105,0.8002777319218124,"AM HTO (steel jig)
Greener"
AM HTO (steel jig),Greener,climate change,106,0.706164861159792,"AM HTO (steel jig)
Greener"
AM HTO (steel jig),Greener,climate change,107,0.8177393542087711,"AM HTO (steel jig)
Greener"
AM HTO (steel jig),Greener,climate change,108,0.6158022478566532,"AM HTO (steel jig)
Greener"
AM HTO (steel jig),Greener,climate change,109,0.7358092431155847,"AM HTO (steel jig)
Greener"
AM HTO (steel jig),Greener,climate change,110,0.7867658191950374,"AM HTO (steel jig)
Greener"
AM HTO (steel jig),Greener,climate change,111,0.6804175390357511,"AM HTO (steel jig)
Greener"
AM HTO (steel jig),Greener,climate change,112,0.7609947628914078,"AM HTO (steel jig)
Greener"
AM HTO (steel jig),Greener,climate change,113,0.7900006206330822,"AM HTO (steel jig)
Greener"
AM HTO (steel jig),Greener,climate change,114,0.7617993432534381,"AM HTO (steel jig)
Greener"
AM HTO (steel jig),Greener,climate change,115,0.7395278406737055,"AM HTO (steel jig)
Greener"
AM HTO (steel jig),Greener,climate change,116,0.9983939087887536,"AM HTO (steel jig)
Greener"
AM HTO (steel jig),Greener,climate change,117,0.6641350767605733,"AM HTO (steel jig)
Greener"
AM HTO (steel jig),Greener,climate change,118,0.8436867445845984,"AM HTO (steel jig)
Greener"
AM HTO (steel jig),Greener,climate change,119,0.739288229706599,"AM HTO (steel jig)
Greener"
AM HTO (steel jig),Greener,climate change,120,0.9460707639504432,"AM HTO (steel jig)
Greener"
AM HTO (steel jig),Greener,climate change,121,0.6773350806661875,"AM HTO (steel jig)
Greener"
AM HTO (steel jig),Greener,climate change,122,0.7505356997070559,"AM HTO (steel jig)
Greener"
AM HTO (steel jig),Greener,climate change,123,0.7674738065252098,"AM HTO (steel jig)
Greener"
AM HTO (steel jig),Greener,climate change,124,0.7318779487593914,"AM HTO (steel jig)
Greener"
AM HTO (steel jig),Greener,climate change,125,0.7582466369774047,"AM HTO (steel jig)
Greener"
AM HTO (steel jig),Greener,climate change,126,0.6691959789896538,"AM HTO (steel jig)
Greener"
AM HTO (steel jig),Greener,climate change,127,0.7855149593328461,"AM HTO (steel jig)
Greener"
AM HTO (steel jig),Greener,climate change,128,0.8633937457727079,"AM HTO (steel jig)
Greener"
AM HTO (steel jig),Greener,climate change,129,0.7257824024740711,"AM HTO (steel jig)
Greener"
AM HTO (steel jig),Greener,climate change,130,0.6818859469234981,"AM HTO (steel jig)
Greener"
AM HTO (steel jig),Greener,climate change,131,0.7021355804024788,"AM HTO (steel jig)
Greener"
AM HTO (steel jig),Greener,climate change,132,0.6796103623014494,"AM HTO (steel jig)
Greener"
AM HTO (steel jig),Greener,climate change,133,0.9173621665168006,"AM HTO (steel jig)
Greener"
AM HTO (steel jig),Greener,climate change,134,0.7948051865174831,"AM HTO (steel jig)
Greener"
AM HTO (steel jig),Greener,climate change,135,0.7357876600202079,"AM HTO (steel jig)
Greener"
AM HTO (steel jig),Greener,climate change,136,0.8588210521480172,"AM HTO (steel jig)
Greener"
AM HTO (steel jig),Greener,climate change,137,0.6900545053165585,"AM HTO (steel jig)
Greener"
AM HTO (steel jig),Greener,climate change,138,0.6554320467067616,"AM HTO (steel jig)
Greener"
AM HTO (steel jig),Greener,climate change,139,0.6444566704208532,"AM HTO (steel jig)
Greener"
AM HTO (steel jig),Greener,climate change,140,0.6307691766729596,"AM HTO (steel jig)
Greener"
AM HTO (steel jig),Greener,climate change,141,0.6827652824092952,"AM HTO (steel jig)
Greener"
AM HTO (steel jig),Greener,climate change,142,0.8529734001663712,"AM HTO (steel jig)
Greener"
AM HTO (steel jig),Greener,climate change,143,0.7478243870957204,"AM HTO (steel jig)
Greener"
AM HTO (steel jig),Greener,climate change,144,0.841285406786652,"AM HTO (steel jig)
Greener"
AM HTO (steel jig),Greener,climate change,145,0.8168635467086739,"AM HTO (steel jig)
Greener"
AM HTO (steel jig),Greener,climate change,146,0.6761466161622072,"AM HTO (steel jig)
Greener"
AM HTO (steel jig),Greener,climate change,147,0.7437458802138899,"AM HTO (steel jig)
Greener"
AM HTO (steel jig),Greener,climate change,148,0.690850684779207,"AM HTO (steel jig)
Greener"
AM HTO (steel jig),Greener,climate change,149,0.8429602430266722,"AM HTO (steel jig)
Greener"
AM HTO (steel jig),Greener,climate change,150,0.7654904994307886,"AM HTO (steel jig)
Greener"
AM HTO (steel jig),Greener,climate change,151,0.740829117930465,"AM HTO (steel jig)
Greener"
AM HTO (steel jig),Greener,climate change,152,0.9971949818414065,"AM HTO (steel jig)
Greener"
AM HTO (steel jig),Greener,climate change,153,0.7008214202860953,"AM HTO (steel jig)
Greener"
AM HTO (steel jig),Greener,climate change,154,0.7282861000084683,"AM HTO (steel jig)
Greener"
AM HTO (steel jig),Greener,climate change,155,0.6969185890097861,"AM HTO (steel jig)
Greener"
AM HTO (steel jig),Greener,climate change,156,0.8414618506000826,"AM HTO (steel jig)
Greener"
AM HTO (steel jig),Greener,climate change,157,0.6948227762914876,"AM HTO (steel jig)
Greener"
AM HTO (steel jig),Greener,climate change,158,0.8143867141575178,"AM HTO (steel jig)
Greener"
AM HTO (steel jig),Greener,climate change,159,0.845124958219235,"AM HTO (steel jig)
Greener"
AM HTO (steel jig),Greener,climate change,160,0.7791899119686405,"AM HTO (steel jig)
Greener"
AM HTO (steel jig),Greener,climate change,161,0.7971696104240332,"AM HTO (steel jig)
Greener"
AM HTO (steel jig),Greener,climate change,162,0.739629981985627,"AM HTO (steel jig)
Greener"
AM HTO (steel jig),Greener,climate change,163,0.7485917136749975,"AM HTO (steel jig)
Greener"
AM HTO (steel jig),Greener,climate change,164,0.767567120306558,"AM HTO (steel jig)
Greener"
AM HTO (steel jig),Greener,climate change,165,0.8089504658698143,"AM HTO (steel jig)
Greener"
AM HTO (steel jig),Greener,climate change,166,0.8391160818685957,"AM HTO (steel jig)
Greener"
AM HTO (steel jig),Greener,climate change,167,0.7151778858216167,"AM HTO (steel jig)
Greener"
AM HTO (steel jig),Greener,climate change,168,0.7610806457993804,"AM HTO (steel jig)
Greener"
AM HTO (steel jig),Greener,climate change,169,0.8697042130507677,"AM HTO (steel jig)
Greener"
AM HTO (steel jig),Greener,climate change,170,0.7433739858309147,"AM HTO (steel jig)
Greener"
AM HTO (steel jig),Greener,climate change,171,0.793215027998364,"AM HTO (steel jig)
Greener"
AM HTO (steel jig),Greener,climate change,172,0.9009389111184367,"AM HTO (steel jig)
Greener"
AM HTO (steel jig),Greener,climate change,173,0.7550512823060825,"AM HTO (steel jig)
Greener"
AM HTO (steel jig),Greener,climate change,174,0.650358458590443,"AM HTO (steel jig)
Greener"
AM HTO (steel jig),Greener,climate change,175,0.888879066694264,"AM HTO (steel jig)
Greener"
AM HTO (steel jig),Greener,climate change,176,0.7835762009492931,"AM HTO (steel jig)
Greener"
AM HTO (steel jig),Greener,climate change,177,0.7616465137807401,"AM HTO (steel jig)
Greener"
AM HTO (steel jig),Greener,climate change,178,0.7156828728209744,"AM HTO (steel jig)
Greener"
AM HTO (steel jig),Greener,climate change,179,0.6232389967138499,"AM HTO (steel jig)
Greener"
AM HTO (steel jig),Greener,climate change,180,0.7858415162838601,"AM HTO (steel jig)
Greener"
AM HTO (steel jig),Greener,climate change,181,0.6730928728834192,"AM HTO (steel jig)
Greener"
AM HTO (steel jig),Greener,climate change,182,0.9288710210148435,"AM HTO (steel jig)
Greener"
AM HTO (steel jig),Greener,climate change,183,0.7342084881855372,"AM HTO (steel jig)
Greener"
AM HTO (steel jig),Greener,climate change,184,0.8327764760387071,"AM HTO (steel jig)
Greener"
AM HTO (steel jig),Greener,climate change,185,0.8281124307150577,"AM HTO (steel jig)
Greener"
AM HTO (steel jig),Greener,climate change,186,0.7837443288413241,"AM HTO (steel jig)
Greener"
AM HTO (steel jig),Greener,climate change,187,0.8919811306355844,"AM HTO (steel jig)
Greener"
AM HTO (steel jig),Greener,climate change,188,0.7517555460651283,"AM HTO (steel jig)
Greener"
AM HTO (steel jig),Greener,climate change,189,0.8807554297496896,"AM HTO (steel jig)
Greener"
AM HTO (steel jig),Greener,climate change,190,0.8436588367971424,"AM HTO (steel jig)
Greener"
AM HTO (steel jig),Greener,climate change,191,0.9429295188773954,"AM HTO (steel jig)
Greener"
AM HTO (steel jig),Greener,climate change,192,0.6605932842859368,"AM HTO (steel jig)
Greener"
AM HTO (steel jig),Greener,climate change,193,0.7655306594651153,"AM HTO (steel jig)
Greener"
AM HTO (steel jig),Greener,climate change,194,0.7077623795815469,"AM HTO (steel jig)
Greener"
AM HTO (steel jig),Greener,climate change,195,0.8077547142436575,"AM HTO (steel jig)
Greener"
AM HTO (steel jig),Greener,climate change,196,0.7259687423929542,"AM HTO (steel jig)
Greener"
AM HTO (steel jig),Greener,climate change,197,0.8150024149807779,"AM HTO (steel jig)
Greener"
AM HTO (steel jig),Greener,climate change,198,0.8292622558600921,"AM HTO (steel jig)
Greener"
AM HTO (steel jig),Greener,climate change,199,0.7264068721423297,"AM HTO (steel jig)
Greener"
AM HTO (steel jig),Greener,climate change,200,0.7604869944893964,"AM HTO (steel jig)
Greener"
AM HTO (steel jig),Greener,climate change,201,0.7331030937031372,"AM HTO (steel jig)
Greener"
AM HTO (steel jig),Greener,climate change,202,0.7737431350377372,"AM HTO (steel jig)
Greener"
AM HTO (steel jig),Greener,climate change,203,0.6719345601681853,"AM HTO (steel jig)
Greener"
AM HTO (steel jig),Greener,climate change,204,0.7097041327401996,"AM HTO (steel jig)
Greener"
AM HTO (steel jig),Greener,climate change,205,0.6919978159269904,"AM HTO (steel jig)
Greener"
AM HTO (steel jig),Greener,climate change,206,0.9017737915399616,"AM HTO (steel jig)
Greener"
AM HTO (steel jig),Greener,climate change,207,0.8053422174876659,"AM HTO (steel jig)
Greener"
AM HTO (steel jig),Greener,climate change,208,0.7176978831503587,"AM HTO (steel jig)
Greener"
AM HTO (steel jig),Greener,climate change,209,0.7966537132715745,"AM HTO (steel jig)
Greener"
AM HTO (steel jig),Greener,climate change,210,0.7767774889966864,"AM HTO (steel jig)
Greener"
AM HTO (steel jig),Greener,climate change,211,0.7507509159428416,"AM HTO (steel jig)
Greener"
AM HTO (steel jig),Greener,climate change,212,0.7971939522361612,"AM HTO (steel jig)
Greener"
AM HTO (steel jig),Greener,climate change,213,0.8255634898652012,"AM HTO (steel jig)
Greener"
AM HTO (steel jig),Greener,climate change,214,0.6162156392989931,"AM HTO (steel jig)
Greener"
AM HTO (steel jig),Greener,climate change,215,0.7722301113112691,"AM HTO (steel jig)
Greener"
AM HTO (steel jig),Greener,climate change,216,0.6726106766884317,"AM HTO (steel jig)
Greener"
AM HTO (steel jig),Greener,climate change,217,0.9367564449881326,"AM HTO (steel jig)
Greener"
AM HTO (steel jig),Greener,climate change,218,0.9486607027584685,"AM HTO (steel jig)
Greener"
AM HTO (steel jig),Greener,climate change,219,0.8634323697478266,"AM HTO (steel jig)
Greener"
AM HTO (steel jig),Greener,climate change,220,0.6260686238821883,"AM HTO (steel jig)
Greener"
AM HTO (steel jig),Greener,climate change,221,0.793855483704144,"AM HTO (steel jig)
Greener"
AM HTO (steel jig),Greener,climate change,222,0.8378235401248616,"AM HTO (steel jig)
Greener"
AM HTO (steel jig),Greener,climate change,223,0.7626177412888251,"AM HTO (steel jig)
Greener"
AM HTO (steel jig),Greener,climate change,224,0.8124006980313624,"AM HTO (steel jig)
Greener"
AM HTO (steel jig),Greener,climate change,225,0.7992456516568783,"AM HTO (steel jig)
Greener"
AM HTO (steel jig),Greener,climate change,226,0.7375001742677139,"AM HTO (steel jig)
Greener"
AM HTO (steel jig),Greener,climate change,227,0.7198580152612305,"AM HTO (steel jig)
Greener"
AM HTO (steel jig),Greener,climate change,228,0.6970148693333899,"AM HTO (steel jig)
Greener"
AM HTO (steel jig),Greener,climate change,229,0.8073723986580782,"AM HTO (steel jig)
Greener"
AM HTO (steel jig),Greener,climate change,230,0.7737633305823842,"AM HTO (steel jig)
Greener"
AM HTO (steel jig),Greener,climate change,231,0.8865890321957518,"AM HTO (steel jig)
Greener"
AM HTO (steel jig),Greener,climate change,232,0.6363864985912454,"AM HTO (steel jig)
Greener"
AM HTO (steel jig),Greener,climate change,233,0.7541491862583716,"AM HTO (steel jig)
Greener"
AM HTO (steel jig),Greener,climate change,234,0.880406089212296,"AM HTO (steel jig)
Greener"
AM HTO (steel jig),Greener,climate change,235,0.819089397163389,"AM HTO (steel jig)
Greener"
AM HTO (steel jig),Greener,climate change,236,0.7821025707020568,"AM HTO (steel jig)
Greener"
AM HTO (steel jig),Greener,climate change,237,0.7497755864345541,"AM HTO (steel jig)
Greener"
AM HTO (steel jig),Greener,climate change,238,0.8681455869346911,"AM HTO (steel jig)
Greener"
AM HTO (steel jig),Greener,climate change,239,0.7513107025622792,"AM HTO (steel jig)
Greener"
AM HTO (steel jig),Greener,climate change,240,0.6907990539925606,"AM HTO (steel jig)
Greener"
AM HTO (steel jig),Greener,climate change,241,0.8339943550773194,"AM HTO (steel jig)
Greener"
AM HTO (steel jig),Greener,climate change,242,0.8032392333717889,"AM HTO (steel jig)
Greener"
AM HTO (steel jig),Greener,climate change,243,0.9146636399532411,"AM HTO (steel jig)
Greener"
AM HTO (steel jig),Greener,climate change,244,0.8173466390165376,"AM HTO (steel jig)
Greener"
AM HTO (steel jig),Greener,climate change,245,0.8174895407819761,"AM HTO (steel jig)
Greener"
AM HTO (steel jig),Greener,climate change,246,0.701846683653292,"AM HTO (steel jig)
Greener"
AM HTO (steel jig),Greener,climate change,247,0.6364320528560344,"AM HTO (steel jig)
Greener"
AM HTO (steel jig),Greener,climate change,248,0.7471041706396027,"AM HTO (steel jig)
Greener"
AM HTO (steel jig),Greener,climate change,249,0.9454800612071802,"AM HTO (steel jig)
Greener"
AM HTO (steel jig),Greener,climate change,250,0.7986421023162888,"AM HTO (steel jig)
Greener"
AM HTO (steel jig),Greener,climate change,251,0.6985545919430814,"AM HTO (steel jig)
Greener"
AM HTO (steel jig),Greener,climate change,252,0.8140539702933095,"AM HTO (steel jig)
Greener"
AM HTO (steel jig),Greener,climate change,253,0.9564745085397603,"AM HTO (steel jig)
Greener"
AM HTO (steel jig),Greener,climate change,254,0.8445620723044602,"AM HTO (steel jig)
Greener"
AM HTO (steel jig),Greener,climate change,255,0.7958278178408086,"AM HTO (steel jig)
Greener"
AM HTO (steel jig),Greener,climate change,256,0.6832013837657738,"AM HTO (steel jig)
Greener"
AM HTO (steel jig),Greener,climate change,257,0.8193478320140596,"AM HTO (steel jig)
Greener"
AM HTO (steel jig),Greener,climate change,258,0.7573867263027341,"AM HTO (steel jig)
Greener"
AM HTO (steel jig),Greener,climate change,259,0.6827919637608468,"AM HTO (steel jig)
Greener"
AM HTO (steel jig),Greener,climate change,260,0.7694662479924596,"AM HTO (steel jig)
Greener"
AM HTO (steel jig),Greener,climate change,261,0.7869840917569755,"AM HTO (steel jig)
Greener"
AM HTO (steel jig),Greener,climate change,262,0.7749660864263209,"AM HTO (steel jig)
Greener"
AM HTO (steel jig),Greener,climate change,263,0.8647542005762785,"AM HTO (steel jig)
Greener"
AM HTO (steel jig),Greener,climate change,264,0.7655592853130856,"AM HTO (steel jig)
Greener"
AM HTO (steel jig),Greener,climate change,265,0.7544616938145899,"AM HTO (steel jig)
Greener"
AM HTO (steel jig),Greener,climate change,266,0.8374241960786061,"AM HTO (steel jig)
Greener"
AM HTO (steel jig),Greener,climate change,267,0.7734800678240278,"AM HTO (steel jig)
Greener"
AM HTO (steel jig),Greener,climate change,268,0.7610751075075973,"AM HTO (steel jig)
Greener"
AM HTO (steel jig),Greener,climate change,269,0.9040534902759418,"AM HTO (steel jig)
Greener"
AM HTO (steel jig),Greener,climate change,270,0.7843955550271206,"AM HTO (steel jig)
Greener"
AM HTO (steel jig),Greener,climate change,271,0.7277053457511276,"AM HTO (steel jig)
Greener"
AM HTO (steel jig),Greener,climate change,272,0.7590216606780282,"AM HTO (steel jig)
Greener"
AM HTO (steel jig),Greener,climate change,273,0.7595191450924221,"AM HTO (steel jig)
Greener"
AM HTO (steel jig),Greener,climate change,274,0.8295872352107778,"AM HTO (steel jig)
Greener"
AM HTO (steel jig),Greener,climate change,275,0.8775997147168314,"AM HTO (steel jig)
Greener"
AM HTO (steel jig),Greener,climate change,276,0.6441378752205487,"AM HTO (steel jig)
Greener"
AM HTO (steel jig),Greener,climate change,277,0.6652865655613409,"AM HTO (steel jig)
Greener"
AM HTO (steel jig),Greener,climate change,278,0.9507415072587545,"AM HTO (steel jig)
Greener"
AM HTO (steel jig),Greener,climate change,279,0.8174526671893367,"AM HTO (steel jig)
Greener"
AM HTO (steel jig),Greener,climate change,280,0.788103541707389,"AM HTO (steel jig)
Greener"
AM HTO (steel jig),Greener,climate change,281,0.9006725890420241,"AM HTO (steel jig)
Greener"
AM HTO (steel jig),Greener,climate change,282,0.6226786926162887,"AM HTO (steel jig)
Greener"
AM HTO (steel jig),Greener,climate change,283,0.7796702667881098,"AM HTO (steel jig)
Greener"
AM HTO (steel jig),Greener,climate change,284,0.889681598688525,"AM HTO (steel jig)
Greener"
AM HTO (steel jig),Greener,climate change,285,0.8593779298318278,"AM HTO (steel jig)
Greener"
AM HTO (steel jig),Greener,climate change,286,0.8227979585112724,"AM HTO (steel jig)
Greener"
AM HTO (steel jig),Greener,climate change,287,0.7586001245422941,"AM HTO (steel jig)
Greener"
AM HTO (steel jig),Greener,climate change,288,0.8258737297960839,"AM HTO (steel jig)
Greener"
AM HTO (steel jig),Greener,climate change,289,0.8089378885237125,"AM HTO (steel jig)
Greener"
AM HTO (steel jig),Greener,climate change,290,0.734983428284014,"AM HTO (steel jig)
Greener"
AM HTO (steel jig),Greener,climate change,291,0.7320631826314739,"AM HTO (steel jig)
Greener"
AM HTO (steel jig),Greener,climate change,292,0.8190348777431589,"AM HTO (steel jig)
Greener"
AM HTO (steel jig),Greener,climate change,293,0.8767051378909136,"AM HTO (steel jig)
Greener"
AM HTO (steel jig),Greener,climate change,294,0.9330125112985885,"AM HTO (steel jig)
Greener"
AM HTO (steel jig),Greener,climate change,295,1.0312959300020423,"AM HTO (steel jig)
Greener"
AM HTO (steel jig),Greener,climate change,296,0.6918556728533098,"AM HTO (steel jig)
Greener"
AM HTO (steel jig),Greener,climate change,297,0.7805409434385007,"AM HTO (steel jig)
Greener"
AM HTO (steel jig),Greener,climate change,298,0.7841345904596263,"AM HTO (steel jig)
Greener"
AM HTO (steel jig),Greener,climate change,299,0.6729299564855438,"AM HTO (steel jig)
Greener"
AM HTO (steel jig),Greener,climate change,300,0.9406370827363906,"AM HTO (steel jig)
Greener"
AM HTO (steel jig),Greener,climate change,301,0.7222466673145816,"AM HTO (steel jig)
Greener"
AM HTO (steel jig),Greener,climate change,302,0.8179733525344982,"AM HTO (steel jig)
Greener"
AM HTO (steel jig),Greener,climate change,303,0.7162405675715954,"AM HTO (steel jig)
Greener"
AM HTO (steel jig),Greener,climate change,304,0.8414990000000185,"AM HTO (steel jig)
Greener"
AM HTO (steel jig),Greener,climate change,305,0.804302816238053,"AM HTO (steel jig)
Greener"
AM HTO (steel jig),Greener,climate change,306,0.8236963453324909,"AM HTO (steel jig)
Greener"
AM HTO (steel jig),Greener,climate change,307,0.7598043292919728,"AM HTO (steel jig)
Greener"
AM HTO (steel jig),Greener,climate change,308,0.8496830922824652,"AM HTO (steel jig)
Greener"
AM HTO (steel jig),Greener,climate change,309,0.7217096498797335,"AM HTO (steel jig)
Greener"
AM HTO (steel jig),Greener,climate change,310,0.8359935207329643,"AM HTO (steel jig)
Greener"
AM HTO (steel jig),Greener,climate change,311,0.8374008897603281,"AM HTO (steel jig)
Greener"
AM HTO (steel jig),Greener,climate change,312,0.8101025017769828,"AM HTO (steel jig)
Greener"
AM HTO (steel jig),Greener,climate change,313,0.87698540126056,"AM HTO (steel jig)
Greener"
AM HTO (steel jig),Greener,climate change,314,0.7024096480238018,"AM HTO (steel jig)
Greener"
AM HTO (steel jig),Greener,climate change,315,0.8983518121429157,"AM HTO (steel jig)
Greener"
AM HTO (steel jig),Greener,climate change,316,0.9244015011848576,"AM HTO (steel jig)
Greener"
AM HTO (steel jig),Greener,climate change,317,0.7890156594127564,"AM HTO (steel jig)
Greener"
AM HTO (steel jig),Greener,climate change,318,0.7900074770005994,"AM HTO (steel jig)
Greener"
AM HTO (steel jig),Greener,climate change,319,0.7106678351789595,"AM HTO (steel jig)
Greener"
AM HTO (steel jig),Greener,climate change,320,0.8654241539970875,"AM HTO (steel jig)
Greener"
AM HTO (steel jig),Greener,climate change,321,0.7065205810769485,"AM HTO (steel jig)
Greener"
AM HTO (steel jig),Greener,climate change,322,0.9502830728192856,"AM HTO (steel jig)
Greener"
AM HTO (steel jig),Greener,climate change,323,0.7943073563228455,"AM HTO (steel jig)
Greener"
AM HTO (steel jig),Greener,climate change,324,0.6886599244551368,"AM HTO (steel jig)
Greener"
AM HTO (steel jig),Greener,climate change,325,0.9072438677781085,"AM HTO (steel jig)
Greener"
AM HTO (steel jig),Greener,climate change,326,0.8418137040069158,"AM HTO (steel jig)
Greener"
AM HTO (steel jig),Greener,climate change,327,0.8413182218342296,"AM HTO (steel jig)
Greener"
AM HTO (steel jig),Greener,climate change,328,0.7125007731336329,"AM HTO (steel jig)
Greener"
AM HTO (steel jig),Greener,climate change,329,0.7485903522849826,"AM HTO (steel jig)
Greener"
AM HTO (steel jig),Greener,climate change,330,0.8306001350295603,"AM HTO (steel jig)
Greener"
AM HTO (steel jig),Greener,climate change,331,0.75487324860568,"AM HTO (steel jig)
Greener"
AM HTO (steel jig),Greener,climate change,332,0.9261011452685279,"AM HTO (steel jig)
Greener"
AM HTO (steel jig),Greener,climate change,333,0.7463352336169824,"AM HTO (steel jig)
Greener"
AM HTO (steel jig),Greener,climate change,334,0.8104259833956258,"AM HTO (steel jig)
Greener"
AM HTO (steel jig),Greener,climate change,335,0.8839534025619737,"AM HTO (steel jig)
Greener"
AM HTO (steel jig),Greener,climate change,336,0.6501250061266908,"AM HTO (steel jig)
Greener"
AM HTO (steel jig),Greener,climate change,337,0.7850907960323233,"AM HTO (steel jig)
Greener"
AM HTO (steel jig),Greener,climate change,338,0.8084615554165493,"AM HTO (steel jig)
Greener"
AM HTO (steel jig),Greener,climate change,339,0.753687463763662,"AM HTO (steel jig)
Greener"
AM HTO (steel jig),Greener,climate change,340,0.7071771005602654,"AM HTO (steel jig)
Greener"
AM HTO (steel jig),Greener,climate change,341,0.6920548671922508,"AM HTO (steel jig)
Greener"
AM HTO (steel jig),Greener,climate change,342,0.8443937925960473,"AM HTO (steel jig)
Greener"
AM HTO (steel jig),Greener,climate change,343,0.739763574970326,"AM HTO (steel jig)
Greener"
AM HTO (steel jig),Greener,climate change,344,0.7841941719728109,"AM HTO (steel jig)
Greener"
AM HTO (steel jig),Greener,climate change,345,0.7499728671087974,"AM HTO (steel jig)
Greener"
AM HTO (steel jig),Greener,climate change,346,0.9366642434240002,"AM HTO (steel jig)
Greener"
AM HTO (steel jig),Greener,climate change,347,0.8841278966490581,"AM HTO (steel jig)
Greener"
AM HTO (steel jig),Greener,climate change,348,0.8420931736382876,"AM HTO (steel jig)
Greener"
AM HTO (steel jig),Greener,climate change,349,0.766578238125617,"AM HTO (steel jig)
Greener"
AM HTO (steel jig),Greener,climate change,350,0.7240614811850639,"AM HTO (steel jig)
Greener"
AM HTO (steel jig),Greener,climate change,351,0.7103292474177522,"AM HTO (steel jig)
Greener"
AM HTO (steel jig),Greener,climate change,352,0.8243474784668159,"AM HTO (steel jig)
Greener"
AM HTO (steel jig),Greener,climate change,353,0.7661131952421242,"AM HTO (steel jig)
Greener"
AM HTO (steel jig),Greener,climate change,354,0.8007051223628531,"AM HTO (steel jig)
Greener"
AM HTO (steel jig),Greener,climate change,355,0.790842151751835,"AM HTO (steel jig)
Greener"
AM HTO (steel jig),Greener,climate change,356,0.8662420480978598,"AM HTO (steel jig)
Greener"
AM HTO (steel jig),Greener,climate change,357,0.9778928529364195,"AM HTO (steel jig)
Greener"
AM HTO (steel jig),Greener,climate change,358,0.8379098667610629,"AM HTO (steel jig)
Greener"
AM HTO (steel jig),Greener,climate change,359,0.762860884940193,"AM HTO (steel jig)
Greener"
AM HTO (steel jig),Greener,climate change,360,0.7006633134300527,"AM HTO (steel jig)
Greener"
AM HTO (steel jig),Greener,climate change,361,0.8008624753796443,"AM HTO (steel jig)
Greener"
AM HTO (steel jig),Greener,climate change,362,0.7225057805670295,"AM HTO (steel jig)
Greener"
AM HTO (steel jig),Greener,climate change,363,0.7406973913146335,"AM HTO (steel jig)
Greener"
AM HTO (steel jig),Greener,climate change,364,0.7297916986494849,"AM HTO (steel jig)
Greener"
AM HTO (steel jig),Greener,climate change,365,0.7150924243015543,"AM HTO (steel jig)
Greener"
AM HTO (steel jig),Greener,climate change,366,0.6727113475296828,"AM HTO (steel jig)
Greener"
AM HTO (steel jig),Greener,climate change,367,0.7408641645435705,"AM HTO (steel jig)
Greener"
AM HTO (steel jig),Greener,climate change,368,0.7860891917780362,"AM HTO (steel jig)
Greener"
AM HTO (steel jig),Greener,climate change,369,0.8482658448138694,"AM HTO (steel jig)
Greener"
AM HTO (steel jig),Greener,climate change,370,0.8781545794274028,"AM HTO (steel jig)
Greener"
AM HTO (steel jig),Greener,climate change,371,0.6952961578271762,"AM HTO (steel jig)
Greener"
AM HTO (steel jig),Greener,climate change,372,0.7107341592263223,"AM HTO (steel jig)
Greener"
AM HTO (steel jig),Greener,climate change,373,0.8241921754436884,"AM HTO (steel jig)
Greener"
AM HTO (steel jig),Greener,climate change,374,0.7631450972123243,"AM HTO (steel jig)
Greener"
AM HTO (steel jig),Greener,climate change,375,0.9161238198941265,"AM HTO (steel jig)
Greener"
AM HTO (steel jig),Greener,climate change,376,0.9410708851469765,"AM HTO (steel jig)
Greener"
AM HTO (steel jig),Greener,climate change,377,0.6962972787268562,"AM HTO (steel jig)
Greener"
AM HTO (steel jig),Greener,climate change,378,0.7238457212977228,"AM HTO (steel jig)
Greener"
AM HTO (steel jig),Greener,climate change,379,0.7423474238627966,"AM HTO (steel jig)
Greener"
AM HTO (steel jig),Greener,climate change,380,0.8915610025363299,"AM HTO (steel jig)
Greener"
AM HTO (steel jig),Greener,climate change,381,0.9474675595348192,"AM HTO (steel jig)
Greener"
AM HTO (steel jig),Greener,climate change,382,0.7181514942329116,"AM HTO (steel jig)
Greener"
AM HTO (steel jig),Greener,climate change,383,0.6553769124007969,"AM HTO (steel jig)
Greener"
AM HTO (steel jig),Greener,climate change,384,0.9422233473555156,"AM HTO (steel jig)
Greener"
AM HTO (steel jig),Greener,climate change,385,0.7816156678564413,"AM HTO (steel jig)
Greener"
AM HTO (steel jig),Greener,climate change,386,0.7087112111344688,"AM HTO (steel jig)
Greener"
AM HTO (steel jig),Greener,climate change,387,0.7994902856225639,"AM HTO (steel jig)
Greener"
AM HTO (steel jig),Greener,climate change,388,0.7152957449913238,"AM HTO (steel jig)
Greener"
AM HTO (steel jig),Greener,climate change,389,0.6557253654804931,"AM HTO (steel jig)
Greener"
AM HTO (steel jig),Greener,climate change,390,0.6623809567396142,"AM HTO (steel jig)
Greener"
AM HTO (steel jig),Greener,climate change,391,0.8497994507726462,"AM HTO (steel jig)
Greener"
AM HTO (steel jig),Greener,climate change,392,0.6924711648764904,"AM HTO (steel jig)
Greener"
AM HTO (steel jig),Greener,climate change,393,0.8327898399208749,"AM HTO (steel jig)
Greener"
AM HTO (steel jig),Greener,climate change,394,0.7515623526807734,"AM HTO (steel jig)
Greener"
AM HTO (steel jig),Greener,climate change,395,0.8048852562705366,"AM HTO (steel jig)
Greener"
AM HTO (steel jig),Greener,climate change,396,0.8220895606734658,"AM HTO (steel jig)
Greener"
AM HTO (steel jig),Greener,climate change,397,0.7103783616691156,"AM HTO (steel jig)
Greener"
AM HTO (steel jig),Greener,climate change,398,0.8862367538733233,"AM HTO (steel jig)
Greener"
AM HTO (steel jig),Greener,climate change,399,0.7110986159242405,"AM HTO (steel jig)
Greener"
AM HTO (steel jig),Greener,climate change,400,0.7458603387265386,"AM HTO (steel jig)
Greener"
AM HTO (steel jig),Greener,climate change,401,0.7665327006373645,"AM HTO (steel jig)
Greener"
AM HTO (steel jig),Greener,climate change,402,0.7058701861916872,"AM HTO (steel jig)
Greener"
AM HTO (steel jig),Greener,climate change,403,0.8485293566432072,"AM HTO (steel jig)
Greener"
AM HTO (steel jig),Greener,climate change,404,0.7864806793738073,"AM HTO (steel jig)
Greener"
AM HTO (steel jig),Greener,climate change,405,0.9031380598235286,"AM HTO (steel jig)
Greener"
AM HTO (steel jig),Greener,climate change,406,0.8534368394962776,"AM HTO (steel jig)
Greener"
AM HTO (steel jig),Greener,climate change,407,0.759958909112566,"AM HTO (steel jig)
Greener"
AM HTO (steel jig),Greener,climate change,408,0.7763466587015764,"AM HTO (steel jig)
Greener"
AM HTO (steel jig),Greener,climate change,409,0.8118947392183407,"AM HTO (steel jig)
Greener"
AM HTO (steel jig),Greener,climate change,410,0.8207380925998671,"AM HTO (steel jig)
Greener"
AM HTO (steel jig),Greener,climate change,411,0.7710874691727376,"AM HTO (steel jig)
Greener"
AM HTO (steel jig),Greener,climate change,412,0.8191519407687706,"AM HTO (steel jig)
Greener"
AM HTO (steel jig),Greener,climate change,413,0.7589215144915828,"AM HTO (steel jig)
Greener"
AM HTO (steel jig),Greener,climate change,414,0.7933208589593889,"AM HTO (steel jig)
Greener"
AM HTO (steel jig),Greener,climate change,415,0.8019726585589461,"AM HTO (steel jig)
Greener"
AM HTO (steel jig),Greener,climate change,416,0.6634725148983419,"AM HTO (steel jig)
Greener"
AM HTO (steel jig),Greener,climate change,417,0.8408868284094014,"AM HTO (steel jig)
Greener"
AM HTO (steel jig),Greener,climate change,418,0.8132778963466666,"AM HTO (steel jig)
Greener"
AM HTO (steel jig),Greener,climate change,419,0.799706104994762,"AM HTO (steel jig)
Greener"
AM HTO (steel jig),Greener,climate change,420,0.793623416774636,"AM HTO (steel jig)
Greener"
AM HTO (steel jig),Greener,climate change,421,0.7906312726340324,"AM HTO (steel jig)
Greener"
AM HTO (steel jig),Greener,climate change,422,0.8742960180542115,"AM HTO (steel jig)
Greener"
AM HTO (steel jig),Greener,climate change,423,0.8161053001175642,"AM HTO (steel jig)
Greener"
AM HTO (steel jig),Greener,climate change,424,0.9045906888860265,"AM HTO (steel jig)
Greener"
AM HTO (steel jig),Greener,climate change,425,0.8721609110042329,"AM HTO (steel jig)
Greener"
AM HTO (steel jig),Greener,climate change,426,0.835015505410685,"AM HTO (steel jig)
Greener"
AM HTO (steel jig),Greener,climate change,427,0.8270875769483038,"AM HTO (steel jig)
Greener"
AM HTO (steel jig),Greener,climate change,428,0.9226318102753159,"AM HTO (steel jig)
Greener"
AM HTO (steel jig),Greener,climate change,429,0.7878712552457063,"AM HTO (steel jig)
Greener"
AM HTO (steel jig),Greener,climate change,430,0.8858132865011283,"AM HTO (steel jig)
Greener"
AM HTO (steel jig),Greener,climate change,431,0.7795847068558251,"AM HTO (steel jig)
Greener"
AM HTO (steel jig),Greener,climate change,432,0.721669116330794,"AM HTO (steel jig)
Greener"
AM HTO (steel jig),Greener,climate change,433,0.6537581040607161,"AM HTO (steel jig)
Greener"
AM HTO (steel jig),Greener,climate change,434,0.6360856260312249,"AM HTO (steel jig)
Greener"
AM HTO (steel jig),Greener,climate change,435,0.7681737561132677,"AM HTO (steel jig)
Greener"
AM HTO (steel jig),Greener,climate change,436,0.6934684012066349,"AM HTO (steel jig)
Greener"
AM HTO (steel jig),Greener,climate change,437,0.703413230293138,"AM HTO (steel jig)
Greener"
AM HTO (steel jig),Greener,climate change,438,0.7836191316676909,"AM HTO (steel jig)
Greener"
AM HTO (steel jig),Greener,climate change,439,0.7065678834354334,"AM HTO (steel jig)
Greener"
AM HTO (steel jig),Greener,climate change,440,0.8158684396134929,"AM HTO (steel jig)
Greener"
AM HTO (steel jig),Greener,climate change,441,0.7410327377951453,"AM HTO (steel jig)
Greener"
AM HTO (steel jig),Greener,climate change,442,0.7668228553805426,"AM HTO (steel jig)
Greener"
AM HTO (steel jig),Greener,climate change,443,0.6573722675722309,"AM HTO (steel jig)
Greener"
AM HTO (steel jig),Greener,climate change,444,0.9736376734511132,"AM HTO (steel jig)
Greener"
AM HTO (steel jig),Greener,climate change,445,0.8300851135346374,"AM HTO (steel jig)
Greener"
AM HTO (steel jig),Greener,climate change,446,0.7792853274096174,"AM HTO (steel jig)
Greener"
AM HTO (steel jig),Greener,climate change,447,0.7451038491437141,"AM HTO (steel jig)
Greener"
AM HTO (steel jig),Greener,climate change,448,0.6437968706039956,"AM HTO (steel jig)
Greener"
AM HTO (steel jig),Greener,climate change,449,0.8035297427316571,"AM HTO (steel jig)
Greener"
AM HTO (steel jig),Greener,climate change,450,0.671949930768293,"AM HTO (steel jig)
Greener"
AM HTO (steel jig),Greener,climate change,451,0.8106500496780487,"AM HTO (steel jig)
Greener"
AM HTO (steel jig),Greener,climate change,452,0.7361338945773801,"AM HTO (steel jig)
Greener"
AM HTO (steel jig),Greener,climate change,453,0.7112189333800043,"AM HTO (steel jig)
Greener"
AM HTO (steel jig),Greener,climate change,454,0.7251083643764465,"AM HTO (steel jig)
Greener"
AM HTO (steel jig),Greener,climate change,455,0.7599358365828663,"AM HTO (steel jig)
Greener"
AM HTO (steel jig),Greener,climate change,456,0.7635726767757691,"AM HTO (steel jig)
Greener"
AM HTO (steel jig),Greener,climate change,457,0.7118775810031243,"AM HTO (steel jig)
Greener"
AM HTO (steel jig),Greener,climate change,458,0.8666988473868364,"AM HTO (steel jig)
Greener"
AM HTO (steel jig),Greener,climate change,459,0.8979038365697237,"AM HTO (steel jig)
Greener"
AM HTO (steel jig),Greener,climate change,460,0.9037569856309515,"AM HTO (steel jig)
Greener"
AM HTO (steel jig),Greener,climate change,461,0.6632083710331396,"AM HTO (steel jig)
Greener"
AM HTO (steel jig),Greener,climate change,462,0.7881115607241526,"AM HTO (steel jig)
Greener"
AM HTO (steel jig),Greener,climate change,463,0.9686817205727364,"AM HTO (steel jig)
Greener"
AM HTO (steel jig),Greener,climate change,464,0.7748047714669014,"AM HTO (steel jig)
Greener"
AM HTO (steel jig),Greener,climate change,465,0.6489959985360988,"AM HTO (steel jig)
Greener"
AM HTO (steel jig),Greener,climate change,466,0.9582502871319675,"AM HTO (steel jig)
Greener"
AM HTO (steel jig),Greener,climate change,467,0.9852463347077165,"AM HTO (steel jig)
Greener"
AM HTO (steel jig),Greener,climate change,468,0.7518654707771498,"AM HTO (steel jig)
Greener"
AM HTO (steel jig),Greener,climate change,469,0.779425994025695,"AM HTO (steel jig)
Greener"
AM HTO (steel jig),Greener,climate change,470,0.827402791268913,"AM HTO (steel jig)
Greener"
AM HTO (steel jig),Greener,climate change,471,0.75000369718349,"AM HTO (steel jig)
Greener"
AM HTO (steel jig),Greener,climate change,472,0.7589038353863169,"AM HTO (steel jig)
Greener"
AM HTO (steel jig),Greener,climate change,473,0.7622316149617713,"AM HTO (steel jig)
Greener"
AM HTO (steel jig),Greener,climate change,474,0.8005129542368468,"AM HTO (steel jig)
Greener"
AM HTO (steel jig),Greener,climate change,475,0.7064969958222952,"AM HTO (steel jig)
Greener"
AM HTO (steel jig),Greener,climate change,476,0.8183585218727507,"AM HTO (steel jig)
Greener"
AM HTO (steel jig),Greener,climate change,477,0.668455091257518,"AM HTO (steel jig)
Greener"
AM HTO (steel jig),Greener,climate change,478,0.8555165539006158,"AM HTO (steel jig)
Greener"
AM HTO (steel jig),Greener,climate change,479,0.830124613243946,"AM HTO (steel jig)
Greener"
AM HTO (steel jig),Greener,climate change,480,0.8537342376224138,"AM HTO (steel jig)
Greener"
AM HTO (steel jig),Greener,climate change,481,0.8569119850308154,"AM HTO (steel jig)
Greener"
AM HTO (steel jig),Greener,climate change,482,0.7519786147812579,"AM HTO (steel jig)
Greener"
AM HTO (steel jig),Greener,climate change,483,0.8590007078061119,"AM HTO (steel jig)
Greener"
AM HTO (steel jig),Greener,climate change,484,0.7879538725184025,"AM HTO (steel jig)
Greener"
AM HTO (steel jig),Greener,climate change,485,0.7339164258210236,"AM HTO (steel jig)
Greener"
AM HTO (steel jig),Greener,climate change,486,0.6858619062113201,"AM HTO (steel jig)
Greener"
AM HTO (steel jig),Greener,climate change,487,0.745099334661163,"AM HTO (steel jig)
Greener"
AM HTO (steel jig),Greener,climate change,488,0.6932741631837911,"AM HTO (steel jig)
Greener"
AM HTO (steel jig),Greener,climate change,489,0.704203320424104,"AM HTO (steel jig)
Greener"
AM HTO (steel jig),Greener,climate change,490,0.7450480371699403,"AM HTO (steel jig)
Greener"
AM HTO (steel jig),Greener,climate change,491,0.8147815390062418,"AM HTO (steel jig)
Greener"
AM HTO (steel jig),Greener,climate change,492,0.8081916080881933,"AM HTO (steel jig)
Greener"
AM HTO (steel jig),Greener,climate change,493,0.7613663374693043,"AM HTO (steel jig)
Greener"
AM HTO (steel jig),Greener,climate change,494,0.8273645013583866,"AM HTO (steel jig)
Greener"
AM HTO (steel jig),Greener,climate change,495,0.9058686643421789,"AM HTO (steel jig)
Greener"
AM HTO (steel jig),Greener,climate change,496,0.8787885854057302,"AM HTO (steel jig)
Greener"
AM HTO (steel jig),Greener,climate change,497,0.6733680928437348,"AM HTO (steel jig)
Greener"
AM HTO (steel jig),Greener,climate change,498,0.8507431277676085,"AM HTO (steel jig)
Greener"
AM HTO (steel jig),Greener,climate change,499,0.7443877367726577,"AM HTO (steel jig)
Greener"
AM HTO (steel jig),Greener,climate change,500,0.6329271387478985,"AM HTO (steel jig)
Greener"
AM HTO (steel jig),Greener,climate change,501,0.8515336756878726,"AM HTO (steel jig)
Greener"
AM HTO (steel jig),Greener,climate change,502,0.7662182125858091,"AM HTO (steel jig)
Greener"
AM HTO (steel jig),Greener,climate change,503,0.7162358610634814,"AM HTO (steel jig)
Greener"
AM HTO (steel jig),Greener,climate change,504,0.8663399941502794,"AM HTO (steel jig)
Greener"
AM HTO (steel jig),Greener,climate change,505,0.7706117785078387,"AM HTO (steel jig)
Greener"
AM HTO (steel jig),Greener,climate change,506,0.7540839538959418,"AM HTO (steel jig)
Greener"
AM HTO (steel jig),Greener,climate change,507,0.7564759904617645,"AM HTO (steel jig)
Greener"
AM HTO (steel jig),Greener,climate change,508,0.754540005320627,"AM HTO (steel jig)
Greener"
AM HTO (steel jig),Greener,climate change,509,0.7829980764952887,"AM HTO (steel jig)
Greener"
AM HTO (steel jig),Greener,climate change,510,0.6963524320456517,"AM HTO (steel jig)
Greener"
AM HTO (steel jig),Greener,climate change,511,0.8534823345120822,"AM HTO (steel jig)
Greener"
AM HTO (steel jig),Greener,climate change,512,0.9006899677127296,"AM HTO (steel jig)
Greener"
AM HTO (steel jig),Greener,climate change,513,0.723608128443929,"AM HTO (steel jig)
Greener"
AM HTO (steel jig),Greener,climate change,514,0.8690906542495753,"AM HTO (steel jig)
Greener"
AM HTO (steel jig),Greener,climate change,515,0.8002380743822252,"AM HTO (steel jig)
Greener"
AM HTO (steel jig),Greener,climate change,516,0.8540518425781399,"AM HTO (steel jig)
Greener"
AM HTO (steel jig),Greener,climate change,517,0.7241106932785059,"AM HTO (steel jig)
Greener"
AM HTO (steel jig),Greener,climate change,518,0.7445796566199493,"AM HTO (steel jig)
Greener"
AM HTO (steel jig),Greener,climate change,519,0.7537032340878235,"AM HTO (steel jig)
Greener"
AM HTO (steel jig),Greener,climate change,520,0.7050457550311269,"AM HTO (steel jig)
Greener"
AM HTO (steel jig),Greener,climate change,521,0.8542848764898889,"AM HTO (steel jig)
Greener"
AM HTO (steel jig),Greener,climate change,522,0.7957643675572194,"AM HTO (steel jig)
Greener"
AM HTO (steel jig),Greener,climate change,523,0.7174447398750017,"AM HTO (steel jig)
Greener"
AM HTO (steel jig),Greener,climate change,524,0.754410190304023,"AM HTO (steel jig)
Greener"
AM HTO (steel jig),Greener,climate change,525,0.799488343262729,"AM HTO (steel jig)
Greener"
AM HTO (steel jig),Greener,climate change,526,0.7218516693162065,"AM HTO (steel jig)
Greener"
AM HTO (steel jig),Greener,climate change,527,0.7363269250293895,"AM HTO (steel jig)
Greener"
AM HTO (steel jig),Greener,climate change,528,0.81267417681577,"AM HTO (steel jig)
Greener"
AM HTO (steel jig),Greener,climate change,529,0.7498506748841337,"AM HTO (steel jig)
Greener"
AM HTO (steel jig),Greener,climate change,530,0.7819431714337777,"AM HTO (steel jig)
Greener"
AM HTO (steel jig),Greener,climate change,531,0.7298175708057593,"AM HTO (steel jig)
Greener"
AM HTO (steel jig),Greener,climate change,532,0.6968486989421978,"AM HTO (steel jig)
Greener"
AM HTO (steel jig),Greener,climate change,533,0.6281698645889497,"AM HTO (steel jig)
Greener"
AM HTO (steel jig),Greener,climate change,534,0.7664182916938888,"AM HTO (steel jig)
Greener"
AM HTO (steel jig),Greener,climate change,535,0.7650596685853915,"AM HTO (steel jig)
Greener"
AM HTO (steel jig),Greener,climate change,536,0.630960531656505,"AM HTO (steel jig)
Greener"
AM HTO (steel jig),Greener,climate change,537,0.8605104410214409,"AM HTO (steel jig)
Greener"
AM HTO (steel jig),Greener,climate change,538,0.8828340801313478,"AM HTO (steel jig)
Greener"
AM HTO (steel jig),Greener,climate change,539,0.8190815032239105,"AM HTO (steel jig)
Greener"
AM HTO (steel jig),Greener,climate change,540,0.8183375106790792,"AM HTO (steel jig)
Greener"
AM HTO (steel jig),Greener,climate change,541,0.7304330160484742,"AM HTO (steel jig)
Greener"
AM HTO (steel jig),Greener,climate change,542,0.9248670238762238,"AM HTO (steel jig)
Greener"
AM HTO (steel jig),Greener,climate change,543,0.7539382643733261,"AM HTO (steel jig)
Greener"
AM HTO (steel jig),Greener,climate change,544,0.7769404718636811,"AM HTO (steel jig)
Greener"
AM HTO (steel jig),Greener,climate change,545,0.8540722969811465,"AM HTO (steel jig)
Greener"
AM HTO (steel jig),Greener,climate change,546,0.640290324087978,"AM HTO (steel jig)
Greener"
AM HTO (steel jig),Greener,climate change,547,0.7406310599238648,"AM HTO (steel jig)
Greener"
AM HTO (steel jig),Greener,climate change,548,0.7815868602622454,"AM HTO (steel jig)
Greener"
AM HTO (steel jig),Greener,climate change,549,0.6978254128876691,"AM HTO (steel jig)
Greener"
AM HTO (steel jig),Greener,climate change,550,0.6806980146121314,"AM HTO (steel jig)
Greener"
AM HTO (steel jig),Greener,climate change,551,0.9665343496603824,"AM HTO (steel jig)
Greener"
AM HTO (steel jig),Greener,climate change,552,0.7512829631422423,"AM HTO (steel jig)
Greener"
AM HTO (steel jig),Greener,climate change,553,1.020221090857901,"AM HTO (steel jig)
Greener"
AM HTO (steel jig),Greener,climate change,554,0.8602961656178042,"AM HTO (steel jig)
Greener"
AM HTO (steel jig),Greener,climate change,555,0.8115043502828723,"AM HTO (steel jig)
Greener"
AM HTO (steel jig),Greener,climate change,556,0.820096694995712,"AM HTO (steel jig)
Greener"
AM HTO (steel jig),Greener,climate change,557,0.7360050701430769,"AM HTO (steel jig)
Greener"
AM HTO (steel jig),Greener,climate change,558,0.8753701409653791,"AM HTO (steel jig)
Greener"
AM HTO (steel jig),Greener,climate change,559,0.8312943994563566,"AM HTO (steel jig)
Greener"
AM HTO (steel jig),Greener,climate change,560,0.6625387419706509,"AM HTO (steel jig)
Greener"
AM HTO (steel jig),Greener,climate change,561,0.6157528067854166,"AM HTO (steel jig)
Greener"
AM HTO (steel jig),Greener,climate change,562,0.6728766368151278,"AM HTO (steel jig)
Greener"
AM HTO (steel jig),Greener,climate change,563,0.7092332118441098,"AM HTO (steel jig)
Greener"
AM HTO (steel jig),Greener,climate change,564,0.8873243599021851,"AM HTO (steel jig)
Greener"
AM HTO (steel jig),Greener,climate change,565,0.7742542306598208,"AM HTO (steel jig)
Greener"
AM HTO (steel jig),Greener,climate change,566,0.8784675056519314,"AM HTO (steel jig)
Greener"
AM HTO (steel jig),Greener,climate change,567,0.8508241406361188,"AM HTO (steel jig)
Greener"
AM HTO (steel jig),Greener,climate change,568,0.7337843125433252,"AM HTO (steel jig)
Greener"
AM HTO (steel jig),Greener,climate change,569,0.6331819599972004,"AM HTO (steel jig)
Greener"
AM HTO (steel jig),Greener,climate change,570,0.6673641981559928,"AM HTO (steel jig)
Greener"
AM HTO (steel jig),Greener,climate change,571,0.834963332342748,"AM HTO (steel jig)
Greener"
AM HTO (steel jig),Greener,climate change,572,0.7936962576301332,"AM HTO (steel jig)
Greener"
AM HTO (steel jig),Greener,climate change,573,0.7968623905550215,"AM HTO (steel jig)
Greener"
AM HTO (steel jig),Greener,climate change,574,0.8191973766619018,"AM HTO (steel jig)
Greener"
AM HTO (steel jig),Greener,climate change,575,0.6603444718351585,"AM HTO (steel jig)
Greener"
AM HTO (steel jig),Greener,climate change,576,0.7570332186764792,"AM HTO (steel jig)
Greener"
AM HTO (steel jig),Greener,climate change,577,0.8402303112428873,"AM HTO (steel jig)
Greener"
AM HTO (steel jig),Greener,climate change,578,0.8271944776774183,"AM HTO (steel jig)
Greener"
AM HTO (steel jig),Greener,climate change,579,0.7479469250424872,"AM HTO (steel jig)
Greener"
AM HTO (steel jig),Greener,climate change,580,0.7660674648328349,"AM HTO (steel jig)
Greener"
AM HTO (steel jig),Greener,climate change,581,0.7074346936921488,"AM HTO (steel jig)
Greener"
AM HTO (steel jig),Greener,climate change,582,0.7291079238704149,"AM HTO (steel jig)
Greener"
AM HTO (steel jig),Greener,climate change,583,0.9159977670968562,"AM HTO (steel jig)
Greener"
AM HTO (steel jig),Greener,climate change,584,0.786072333700585,"AM HTO (steel jig)
Greener"
AM HTO (steel jig),Greener,climate change,585,0.9509380386128332,"AM HTO (steel jig)
Greener"
AM HTO (steel jig),Greener,climate change,586,0.8780806839597658,"AM HTO (steel jig)
Greener"
AM HTO (steel jig),Greener,climate change,587,0.8306024347363644,"AM HTO (steel jig)
Greener"
AM HTO (steel jig),Greener,climate change,588,0.7083127311017878,"AM HTO (steel jig)
Greener"
AM HTO (steel jig),Greener,climate change,589,0.7498525388205262,"AM HTO (steel jig)
Greener"
AM HTO (steel jig),Greener,climate change,590,0.7842929446568386,"AM HTO (steel jig)
Greener"
AM HTO (steel jig),Greener,climate change,591,0.68825555175114,"AM HTO (steel jig)
Greener"
AM HTO (steel jig),Greener,climate change,592,0.8276619216679927,"AM HTO (steel jig)
Greener"
AM HTO (steel jig),Greener,climate change,593,0.7782146448763663,"AM HTO (steel jig)
Greener"
AM HTO (steel jig),Greener,climate change,594,0.7099757583729149,"AM HTO (steel jig)
Greener"
AM HTO (steel jig),Greener,climate change,595,0.7847346168087018,"AM HTO (steel jig)
Greener"
AM HTO (steel jig),Greener,climate change,596,0.8305610647316004,"AM HTO (steel jig)
Greener"
AM HTO (steel jig),Greener,climate change,597,0.7557627146793207,"AM HTO (steel jig)
Greener"
AM HTO (steel jig),Greener,climate change,598,0.8202914350772854,"AM HTO (steel jig)
Greener"
AM HTO (steel jig),Greener,climate change,599,0.7440369262981579,"AM HTO (steel jig)
Greener"
AM HTO (steel jig),Greener,climate change,600,0.7229767444278639,"AM HTO (steel jig)
Greener"
AM HTO (steel jig),Greener,climate change,601,0.8107812797460336,"AM HTO (steel jig)
Greener"
AM HTO (steel jig),Greener,climate change,602,0.6376095250473824,"AM HTO (steel jig)
Greener"
AM HTO (steel jig),Greener,climate change,603,0.6986849251623939,"AM HTO (steel jig)
Greener"
AM HTO (steel jig),Greener,climate change,604,0.7371576541932976,"AM HTO (steel jig)
Greener"
AM HTO (steel jig),Greener,climate change,605,0.7714733812054085,"AM HTO (steel jig)
Greener"
AM HTO (steel jig),Greener,climate change,606,0.7310589238683713,"AM HTO (steel jig)
Greener"
AM HTO (steel jig),Greener,climate change,607,0.8395690380368948,"AM HTO (steel jig)
Greener"
AM HTO (steel jig),Greener,climate change,608,0.762609074800487,"AM HTO (steel jig)
Greener"
AM HTO (steel jig),Greener,climate change,609,0.7984999775009608,"AM HTO (steel jig)
Greener"
AM HTO (steel jig),Greener,climate change,610,0.7122848728624392,"AM HTO (steel jig)
Greener"
AM HTO (steel jig),Greener,climate change,611,0.8369928850608527,"AM HTO (steel jig)
Greener"
AM HTO (steel jig),Greener,climate change,612,0.8525758775390125,"AM HTO (steel jig)
Greener"
AM HTO (steel jig),Greener,climate change,613,0.6780268697088141,"AM HTO (steel jig)
Greener"
AM HTO (steel jig),Greener,climate change,614,0.7291331430364493,"AM HTO (steel jig)
Greener"
AM HTO (steel jig),Greener,climate change,615,0.8569597046984502,"AM HTO (steel jig)
Greener"
AM HTO (steel jig),Greener,climate change,616,0.9799531086184848,"AM HTO (steel jig)
Greener"
AM HTO (steel jig),Greener,climate change,617,0.6648050398877926,"AM HTO (steel jig)
Greener"
AM HTO (steel jig),Greener,climate change,618,0.8180822897120648,"AM HTO (steel jig)
Greener"
AM HTO (steel jig),Greener,climate change,619,0.8538981929262212,"AM HTO (steel jig)
Greener"
AM HTO (steel jig),Greener,climate change,620,0.7801486816983988,"AM HTO (steel jig)
Greener"
AM HTO (steel jig),Greener,climate change,621,0.7253991726981451,"AM HTO (steel jig)
Greener"
AM HTO (steel jig),Greener,climate change,622,0.7199649632521825,"AM HTO (steel jig)
Greener"
AM HTO (steel jig),Greener,climate change,623,0.8575142909844252,"AM HTO (steel jig)
Greener"
AM HTO (steel jig),Greener,climate change,624,0.9268767709336002,"AM HTO (steel jig)
Greener"
AM HTO (steel jig),Greener,climate change,625,0.8289495969651766,"AM HTO (steel jig)
Greener"
AM HTO (steel jig),Greener,climate change,626,0.9257990485787834,"AM HTO (steel jig)
Greener"
AM HTO (steel jig),Greener,climate change,627,0.7694721164641347,"AM HTO (steel jig)
Greener"
AM HTO (steel jig),Greener,climate change,628,0.845759673172018,"AM HTO (steel jig)
Greener"
AM HTO (steel jig),Greener,climate change,629,0.7170069888407058,"AM HTO (steel jig)
Greener"
AM HTO (steel jig),Greener,climate change,630,0.871251373706195,"AM HTO (steel jig)
Greener"
AM HTO (steel jig),Greener,climate change,631,0.8679047608399946,"AM HTO (steel jig)
Greener"
AM HTO (steel jig),Greener,climate change,632,0.6524495984175306,"AM HTO (steel jig)
Greener"
AM HTO (steel jig),Greener,climate change,633,0.8992067313328248,"AM HTO (steel jig)
Greener"
AM HTO (steel jig),Greener,climate change,634,0.6550102667621646,"AM HTO (steel jig)
Greener"
AM HTO (steel jig),Greener,climate change,635,0.9258271299280191,"AM HTO (steel jig)
Greener"
AM HTO (steel jig),Greener,climate change,636,0.8486427024190424,"AM HTO (steel jig)
Greener"
AM HTO (steel jig),Greener,climate change,637,0.7539120981172458,"AM HTO (steel jig)
Greener"
AM HTO (steel jig),Greener,climate change,638,0.7571302917800367,"AM HTO (steel jig)
Greener"
AM HTO (steel jig),Greener,climate change,639,0.8138530310914023,"AM HTO (steel jig)
Greener"
AM HTO (steel jig),Greener,climate change,640,0.7234492878911903,"AM HTO (steel jig)
Greener"
AM HTO (steel jig),Greener,climate change,641,0.6933113274675697,"AM HTO (steel jig)
Greener"
AM HTO (steel jig),Greener,climate change,642,0.7178851075278395,"AM HTO (steel jig)
Greener"
AM HTO (steel jig),Greener,climate change,643,0.8867608889450975,"AM HTO (steel jig)
Greener"
AM HTO (steel jig),Greener,climate change,644,0.7861425979706503,"AM HTO (steel jig)
Greener"
AM HTO (steel jig),Greener,climate change,645,0.8507202963385275,"AM HTO (steel jig)
Greener"
AM HTO (steel jig),Greener,climate change,646,0.7456057660603264,"AM HTO (steel jig)
Greener"
AM HTO (steel jig),Greener,climate change,647,0.8033546126300035,"AM HTO (steel jig)
Greener"
AM HTO (steel jig),Greener,climate change,648,0.6998935942875626,"AM HTO (steel jig)
Greener"
AM HTO (steel jig),Greener,climate change,649,0.9998923003372935,"AM HTO (steel jig)
Greener"
AM HTO (steel jig),Greener,climate change,650,0.7950099055415276,"AM HTO (steel jig)
Greener"
AM HTO (steel jig),Greener,climate change,651,0.8284704941118238,"AM HTO (steel jig)
Greener"
AM HTO (steel jig),Greener,climate change,652,0.8577845636170157,"AM HTO (steel jig)
Greener"
AM HTO (steel jig),Greener,climate change,653,0.6816037880904963,"AM HTO (steel jig)
Greener"
AM HTO (steel jig),Greener,climate change,654,0.6833633571208844,"AM HTO (steel jig)
Greener"
AM HTO (steel jig),Greener,climate change,655,0.7660042531368586,"AM HTO (steel jig)
Greener"
AM HTO (steel jig),Greener,climate change,656,0.7194636565556791,"AM HTO (steel jig)
Greener"
AM HTO (steel jig),Greener,climate change,657,0.908732662515085,"AM HTO (steel jig)
Greener"
AM HTO (steel jig),Greener,climate change,658,0.7809835246237978,"AM HTO (steel jig)
Greener"
AM HTO (steel jig),Greener,climate change,659,0.7281161376509163,"AM HTO (steel jig)
Greener"
AM HTO (steel jig),Greener,climate change,660,0.7555711098927257,"AM HTO (steel jig)
Greener"
AM HTO (steel jig),Greener,climate change,661,0.9179609684938482,"AM HTO (steel jig)
Greener"
AM HTO (steel jig),Greener,climate change,662,0.7055682164998138,"AM HTO (steel jig)
Greener"
AM HTO (steel jig),Greener,climate change,663,0.9100452990406682,"AM HTO (steel jig)
Greener"
AM HTO (steel jig),Greener,climate change,664,0.856075374267725,"AM HTO (steel jig)
Greener"
AM HTO (steel jig),Greener,climate change,665,0.7118143818381407,"AM HTO (steel jig)
Greener"
AM HTO (steel jig),Greener,climate change,666,0.8762716715795007,"AM HTO (steel jig)
Greener"
AM HTO (steel jig),Greener,climate change,667,0.7481900690177211,"AM HTO (steel jig)
Greener"
AM HTO (steel jig),Greener,climate change,668,0.8667138871739807,"AM HTO (steel jig)
Greener"
AM HTO (steel jig),Greener,climate change,669,0.8541692796084001,"AM HTO (steel jig)
Greener"
AM HTO (steel jig),Greener,climate change,670,0.7049365828806065,"AM HTO (steel jig)
Greener"
AM HTO (steel jig),Greener,climate change,671,0.7228593212608423,"AM HTO (steel jig)
Greener"
AM HTO (steel jig),Greener,climate change,672,0.7378241155552614,"AM HTO (steel jig)
Greener"
AM HTO (steel jig),Greener,climate change,673,0.7885771653413346,"AM HTO (steel jig)
Greener"
AM HTO (steel jig),Greener,climate change,674,0.8393061227901059,"AM HTO (steel jig)
Greener"
AM HTO (steel jig),Greener,climate change,675,0.7320066705868511,"AM HTO (steel jig)
Greener"
AM HTO (steel jig),Greener,climate change,676,0.7837260140561858,"AM HTO (steel jig)
Greener"
AM HTO (steel jig),Greener,climate change,677,0.7757512113171254,"AM HTO (steel jig)
Greener"
AM HTO (steel jig),Greener,climate change,678,0.8352462888334955,"AM HTO (steel jig)
Greener"
AM HTO (steel jig),Greener,climate change,679,0.7859039288173568,"AM HTO (steel jig)
Greener"
AM HTO (steel jig),Greener,climate change,680,0.7409596148792342,"AM HTO (steel jig)
Greener"
AM HTO (steel jig),Greener,climate change,681,0.8689445602082015,"AM HTO (steel jig)
Greener"
AM HTO (steel jig),Greener,climate change,682,0.702338307261457,"AM HTO (steel jig)
Greener"
AM HTO (steel jig),Greener,climate change,683,0.8099889974230854,"AM HTO (steel jig)
Greener"
AM HTO (steel jig),Greener,climate change,684,0.8361529261519511,"AM HTO (steel jig)
Greener"
AM HTO (steel jig),Greener,climate change,685,0.7688342283600786,"AM HTO (steel jig)
Greener"
AM HTO (steel jig),Greener,climate change,686,0.7890097109415296,"AM HTO (steel jig)
Greener"
AM HTO (steel jig),Greener,climate change,687,0.9107833513880534,"AM HTO (steel jig)
Greener"
AM HTO (steel jig),Greener,climate change,688,0.8423260422929896,"AM HTO (steel jig)
Greener"
AM HTO (steel jig),Greener,climate change,689,0.9022296027692727,"AM HTO (steel jig)
Greener"
AM HTO (steel jig),Greener,climate change,690,0.8304691839373043,"AM HTO (steel jig)
Greener"
AM HTO (steel jig),Greener,climate change,691,0.7606054821298105,"AM HTO (steel jig)
Greener"
AM HTO (steel jig),Greener,climate change,692,0.7189088947264322,"AM HTO (steel jig)
Greener"
AM HTO (steel jig),Greener,climate change,693,0.8177282819164533,"AM HTO (steel jig)
Greener"
AM HTO (steel jig),Greener,climate change,694,0.7221735834587479,"AM HTO (steel jig)
Greener"
AM HTO (steel jig),Greener,climate change,695,0.8073070041126852,"AM HTO (steel jig)
Greener"
AM HTO (steel jig),Greener,climate change,696,0.6786843220127167,"AM HTO (steel jig)
Greener"
AM HTO (steel jig),Greener,climate change,697,0.8017366132444627,"AM HTO (steel jig)
Greener"
AM HTO (steel jig),Greener,climate change,698,0.6942228242314,"AM HTO (steel jig)
Greener"
AM HTO (steel jig),Greener,climate change,699,0.7773458312098878,"AM HTO (steel jig)
Greener"
AM HTO (steel jig),Greener,climate change,700,0.7960080820360103,"AM HTO (steel jig)
Greener"
AM HTO (steel jig),Greener,climate change,701,0.7492316089544839,"AM HTO (steel jig)
Greener"
AM HTO (steel jig),Greener,climate change,702,0.7575170697793895,"AM HTO (steel jig)
Greener"
AM HTO (steel jig),Greener,climate change,703,0.7251343979727352,"AM HTO (steel jig)
Greener"
AM HTO (steel jig),Greener,climate change,704,0.7481444235285991,"AM HTO (steel jig)
Greener"
AM HTO (steel jig),Greener,climate change,705,0.74445502450631,"AM HTO (steel jig)
Greener"
AM HTO (steel jig),Greener,climate change,706,0.8407189171610424,"AM HTO (steel jig)
Greener"
AM HTO (steel jig),Greener,climate change,707,0.6785434445250846,"AM HTO (steel jig)
Greener"
AM HTO (steel jig),Greener,climate change,708,0.7645366750286715,"AM HTO (steel jig)
Greener"
AM HTO (steel jig),Greener,climate change,709,0.771226889074275,"AM HTO (steel jig)
Greener"
AM HTO (steel jig),Greener,climate change,710,0.6604190812209021,"AM HTO (steel jig)
Greener"
AM HTO (steel jig),Greener,climate change,711,0.8735863651669107,"AM HTO (steel jig)
Greener"
AM HTO (steel jig),Greener,climate change,712,0.8111529749632579,"AM HTO (steel jig)
Greener"
AM HTO (steel jig),Greener,climate change,713,0.7248142410437488,"AM HTO (steel jig)
Greener"
AM HTO (steel jig),Greener,climate change,714,0.7761913765196643,"AM HTO (steel jig)
Greener"
AM HTO (steel jig),Greener,climate change,715,0.7690716060127715,"AM HTO (steel jig)
Greener"
AM HTO (steel jig),Greener,climate change,716,0.6603011009012768,"AM HTO (steel jig)
Greener"
AM HTO (steel jig),Greener,climate change,717,0.8785337253547543,"AM HTO (steel jig)
Greener"
AM HTO (steel jig),Greener,climate change,718,0.8328116109601891,"AM HTO (steel jig)
Greener"
AM HTO (steel jig),Greener,climate change,719,0.8286140186100599,"AM HTO (steel jig)
Greener"
AM HTO (steel jig),Greener,climate change,720,0.7181431711164119,"AM HTO (steel jig)
Greener"
AM HTO (steel jig),Greener,climate change,721,0.763188130032161,"AM HTO (steel jig)
Greener"
AM HTO (steel jig),Greener,climate change,722,0.9085497281445352,"AM HTO (steel jig)
Greener"
AM HTO (steel jig),Greener,climate change,723,0.7061945601529648,"AM HTO (steel jig)
Greener"
AM HTO (steel jig),Greener,climate change,724,0.7856030033330708,"AM HTO (steel jig)
Greener"
AM HTO (steel jig),Greener,climate change,725,0.7537016400172661,"AM HTO (steel jig)
Greener"
AM HTO (steel jig),Greener,climate change,726,0.7376714563640053,"AM HTO (steel jig)
Greener"
AM HTO (steel jig),Greener,climate change,727,0.7388598245750618,"AM HTO (steel jig)
Greener"
AM HTO (steel jig),Greener,climate change,728,0.7537624343552918,"AM HTO (steel jig)
Greener"
AM HTO (steel jig),Greener,climate change,729,0.856480102700906,"AM HTO (steel jig)
Greener"
AM HTO (steel jig),Greener,climate change,730,0.8804146664166314,"AM HTO (steel jig)
Greener"
AM HTO (steel jig),Greener,climate change,731,0.8899150964253342,"AM HTO (steel jig)
Greener"
AM HTO (steel jig),Greener,climate change,732,0.7411332349679479,"AM HTO (steel jig)
Greener"
AM HTO (steel jig),Greener,climate change,733,0.8282655326413219,"AM HTO (steel jig)
Greener"
AM HTO (steel jig),Greener,climate change,734,0.6895578334981197,"AM HTO (steel jig)
Greener"
AM HTO (steel jig),Greener,climate change,735,0.8335028032300082,"AM HTO (steel jig)
Greener"
AM HTO (steel jig),Greener,climate change,736,0.7769658680614873,"AM HTO (steel jig)
Greener"
AM HTO (steel jig),Greener,climate change,737,0.7361782671717149,"AM HTO (steel jig)
Greener"
AM HTO (steel jig),Greener,climate change,738,0.7546104171946665,"AM HTO (steel jig)
Greener"
AM HTO (steel jig),Greener,climate change,739,0.6308421402231494,"AM HTO (steel jig)
Greener"
AM HTO (steel jig),Greener,climate change,740,0.6807584458577353,"AM HTO (steel jig)
Greener"
AM HTO (steel jig),Greener,climate change,741,0.7229244301933576,"AM HTO (steel jig)
Greener"
AM HTO (steel jig),Greener,climate change,742,0.77851776517629,"AM HTO (steel jig)
Greener"
AM HTO (steel jig),Greener,climate change,743,0.8454975295021603,"AM HTO (steel jig)
Greener"
AM HTO (steel jig),Greener,climate change,744,0.769253754557095,"AM HTO (steel jig)
Greener"
AM HTO (steel jig),Greener,climate change,745,0.8559868524536456,"AM HTO (steel jig)
Greener"
AM HTO (steel jig),Greener,climate change,746,0.6688565272598902,"AM HTO (steel jig)
Greener"
AM HTO (steel jig),Greener,climate change,747,0.6905156590363577,"AM HTO (steel jig)
Greener"
AM HTO (steel jig),Greener,climate change,748,0.7805516472461876,"AM HTO (steel jig)
Greener"
AM HTO (steel jig),Greener,climate change,749,0.704057448574427,"AM HTO (steel jig)
Greener"
AM HTO (steel jig),Greener,climate change,750,0.5990182445868372,"AM HTO (steel jig)
Greener"
AM HTO (steel jig),Greener,climate change,751,0.6739888222103108,"AM HTO (steel jig)
Greener"
AM HTO (steel jig),Greener,climate change,752,0.7569659552364487,"AM HTO (steel jig)
Greener"
AM HTO (steel jig),Greener,climate change,753,0.7106097609784384,"AM HTO (steel jig)
Greener"
AM HTO (steel jig),Greener,climate change,754,0.8621797238011326,"AM HTO (steel jig)
Greener"
AM HTO (steel jig),Greener,climate change,755,0.8443701798375154,"AM HTO (steel jig)
Greener"
AM HTO (steel jig),Greener,climate change,756,0.7043768919742586,"AM HTO (steel jig)
Greener"
AM HTO (steel jig),Greener,climate change,757,0.8364329043931176,"AM HTO (steel jig)
Greener"
AM HTO (steel jig),Greener,climate change,758,0.8744328666068539,"AM HTO (steel jig)
Greener"
AM HTO (steel jig),Greener,climate change,759,0.698002954401311,"AM HTO (steel jig)
Greener"
AM HTO (steel jig),Greener,climate change,760,0.8253110087786489,"AM HTO (steel jig)
Greener"
AM HTO (steel jig),Greener,climate change,761,0.7732470975216641,"AM HTO (steel jig)
Greener"
AM HTO (steel jig),Greener,climate change,762,0.6795142690849951,"AM HTO (steel jig)
Greener"
AM HTO (steel jig),Greener,climate change,763,0.9276351601173268,"AM HTO (steel jig)
Greener"
AM HTO (steel jig),Greener,climate change,764,0.7309860109891007,"AM HTO (steel jig)
Greener"
AM HTO (steel jig),Greener,climate change,765,0.7571363498599536,"AM HTO (steel jig)
Greener"
AM HTO (steel jig),Greener,climate change,766,0.7341970185466534,"AM HTO (steel jig)
Greener"
AM HTO (steel jig),Greener,climate change,767,0.8933199339265747,"AM HTO (steel jig)
Greener"
AM HTO (steel jig),Greener,climate change,768,0.8281777867095408,"AM HTO (steel jig)
Greener"
AM HTO (steel jig),Greener,climate change,769,0.7601819022947103,"AM HTO (steel jig)
Greener"
AM HTO (steel jig),Greener,climate change,770,0.7307807379209481,"AM HTO (steel jig)
Greener"
AM HTO (steel jig),Greener,climate change,771,0.7298494321771748,"AM HTO (steel jig)
Greener"
AM HTO (steel jig),Greener,climate change,772,0.7700305287234965,"AM HTO (steel jig)
Greener"
AM HTO (steel jig),Greener,climate change,773,0.7746244230432595,"AM HTO (steel jig)
Greener"
AM HTO (steel jig),Greener,climate change,774,0.7087249655812004,"AM HTO (steel jig)
Greener"
AM HTO (steel jig),Greener,climate change,775,0.7143460388208578,"AM HTO (steel jig)
Greener"
AM HTO (steel jig),Greener,climate change,776,0.7733315335746226,"AM HTO (steel jig)
Greener"
AM HTO (steel jig),Greener,climate change,777,0.8592380724286175,"AM HTO (steel jig)
Greener"
AM HTO (steel jig),Greener,climate change,778,0.8150325632395994,"AM HTO (steel jig)
Greener"
AM HTO (steel jig),Greener,climate change,779,0.8372785328470077,"AM HTO (steel jig)
Greener"
AM HTO (steel jig),Greener,climate change,780,0.7533930623322912,"AM HTO (steel jig)
Greener"
AM HTO (steel jig),Greener,climate change,781,0.7663566678921075,"AM HTO (steel jig)
Greener"
AM HTO (steel jig),Greener,climate change,782,0.7424923462488162,"AM HTO (steel jig)
Greener"
AM HTO (steel jig),Greener,climate change,783,0.8090857332710639,"AM HTO (steel jig)
Greener"
AM HTO (steel jig),Greener,climate change,784,0.8093234465841125,"AM HTO (steel jig)
Greener"
AM HTO (steel jig),Greener,climate change,785,0.7927645611022859,"AM HTO (steel jig)
Greener"
AM HTO (steel jig),Greener,climate change,786,0.8525829836054657,"AM HTO (steel jig)
Greener"
AM HTO (steel jig),Greener,climate change,787,0.8639136917483573,"AM HTO (steel jig)
Greener"
AM HTO (steel jig),Greener,climate change,788,0.618747290712253,"AM HTO (steel jig)
Greener"
AM HTO (steel jig),Greener,climate change,789,0.8037529538610841,"AM HTO (steel jig)
Greener"
AM HTO (steel jig),Greener,climate change,790,0.6365533958611717,"AM HTO (steel jig)
Greener"
AM HTO (steel jig),Greener,climate change,791,0.8269289154025183,"AM HTO (steel jig)
Greener"
AM HTO (steel jig),Greener,climate change,792,0.8510611681763913,"AM HTO (steel jig)
Greener"
AM HTO (steel jig),Greener,climate change,793,0.7102572144006706,"AM HTO (steel jig)
Greener"
AM HTO (steel jig),Greener,climate change,794,0.8226511513361595,"AM HTO (steel jig)
Greener"
AM HTO (steel jig),Greener,climate change,795,0.9385120464768557,"AM HTO (steel jig)
Greener"
AM HTO (steel jig),Greener,climate change,796,0.6915685799780217,"AM HTO (steel jig)
Greener"
AM HTO (steel jig),Greener,climate change,797,0.8312800213040367,"AM HTO (steel jig)
Greener"
AM HTO (steel jig),Greener,climate change,798,0.7660826089843455,"AM HTO (steel jig)
Greener"
AM HTO (steel jig),Greener,climate change,799,0.87603054476664,"AM HTO (steel jig)
Greener"
AM HTO (steel jig),Greener,climate change,800,0.8157883998956318,"AM HTO (steel jig)
Greener"
AM HTO (steel jig),Greener,climate change,801,0.8803739709183688,"AM HTO (steel jig)
Greener"
AM HTO (steel jig),Greener,climate change,802,0.7889279833211941,"AM HTO (steel jig)
Greener"
AM HTO (steel jig),Greener,climate change,803,0.7076478098332312,"AM HTO (steel jig)
Greener"
AM HTO (steel jig),Greener,climate change,804,0.8541641640542301,"AM HTO (steel jig)
Greener"
AM HTO (steel jig),Greener,climate change,805,0.8160925989972432,"AM HTO (steel jig)
Greener"
AM HTO (steel jig),Greener,climate change,806,0.7054728607134635,"AM HTO (steel jig)
Greener"
AM HTO (steel jig),Greener,climate change,807,0.9631320537308461,"AM HTO (steel jig)
Greener"
AM HTO (steel jig),Greener,climate change,808,0.8663992229738495,"AM HTO (steel jig)
Greener"
AM HTO (steel jig),Greener,climate change,809,0.7268400075879209,"AM HTO (steel jig)
Greener"
AM HTO (steel jig),Greener,climate change,810,0.946039562567837,"AM HTO (steel jig)
Greener"
AM HTO (steel jig),Greener,climate change,811,0.7929593797940142,"AM HTO (steel jig)
Greener"
AM HTO (steel jig),Greener,climate change,812,0.625457079607115,"AM HTO (steel jig)
Greener"
AM HTO (steel jig),Greener,climate change,813,0.9660244974579971,"AM HTO (steel jig)
Greener"
AM HTO (steel jig),Greener,climate change,814,0.7932965717891315,"AM HTO (steel jig)
Greener"
AM HTO (steel jig),Greener,climate change,815,0.8299308465452173,"AM HTO (steel jig)
Greener"
AM HTO (steel jig),Greener,climate change,816,0.7176554625974583,"AM HTO (steel jig)
Greener"
AM HTO (steel jig),Greener,climate change,817,0.7348965684735839,"AM HTO (steel jig)
Greener"
AM HTO (steel jig),Greener,climate change,818,0.9485211139652019,"AM HTO (steel jig)
Greener"
AM HTO (steel jig),Greener,climate change,819,0.9232516896168326,"AM HTO (steel jig)
Greener"
AM HTO (steel jig),Greener,climate change,820,0.7763366097673814,"AM HTO (steel jig)
Greener"
AM HTO (steel jig),Greener,climate change,821,0.8397864094792806,"AM HTO (steel jig)
Greener"
AM HTO (steel jig),Greener,climate change,822,0.7052102098251071,"AM HTO (steel jig)
Greener"
AM HTO (steel jig),Greener,climate change,823,0.8205600443102044,"AM HTO (steel jig)
Greener"
AM HTO (steel jig),Greener,climate change,824,0.7964172909245303,"AM HTO (steel jig)
Greener"
AM HTO (steel jig),Greener,climate change,825,0.8010409052387903,"AM HTO (steel jig)
Greener"
AM HTO (steel jig),Greener,climate change,826,0.6868667629878701,"AM HTO (steel jig)
Greener"
AM HTO (steel jig),Greener,climate change,827,0.8746924578060978,"AM HTO (steel jig)
Greener"
AM HTO (steel jig),Greener,climate change,828,0.7460801481513714,"AM HTO (steel jig)
Greener"
AM HTO (steel jig),Greener,climate change,829,0.7996594571053885,"AM HTO (steel jig)
Greener"
AM HTO (steel jig),Greener,climate change,830,0.7625486887610441,"AM HTO (steel jig)
Greener"
AM HTO (steel jig),Greener,climate change,831,0.9426037416946934,"AM HTO (steel jig)
Greener"
AM HTO (steel jig),Greener,climate change,832,0.7732898111181579,"AM HTO (steel jig)
Greener"
AM HTO (steel jig),Greener,climate change,833,0.969121149448451,"AM HTO (steel jig)
Greener"
AM HTO (steel jig),Greener,climate change,834,0.8368020473665556,"AM HTO (steel jig)
Greener"
AM HTO (steel jig),Greener,climate change,835,0.93594022040321,"AM HTO (steel jig)
Greener"
AM HTO (steel jig),Greener,climate change,836,0.9235572410992153,"AM HTO (steel jig)
Greener"
AM HTO (steel jig),Greener,climate change,837,0.8641187635039816,"AM HTO (steel jig)
Greener"
AM HTO (steel jig),Greener,climate change,838,0.818155233738269,"AM HTO (steel jig)
Greener"
AM HTO (steel jig),Greener,climate change,839,0.7625739431835742,"AM HTO (steel jig)
Greener"
AM HTO (steel jig),Greener,climate change,840,0.6440058651234805,"AM HTO (steel jig)
Greener"
AM HTO (steel jig),Greener,climate change,841,0.7702141735976271,"AM HTO (steel jig)
Greener"
AM HTO (steel jig),Greener,climate change,842,0.8820976832846834,"AM HTO (steel jig)
Greener"
AM HTO (steel jig),Greener,climate change,843,0.8709920192107656,"AM HTO (steel jig)
Greener"
AM HTO (steel jig),Greener,climate change,844,0.7834367721811778,"AM HTO (steel jig)
Greener"
AM HTO (steel jig),Greener,climate change,845,0.6376345318501151,"AM HTO (steel jig)
Greener"
AM HTO (steel jig),Greener,climate change,846,0.7219231994106736,"AM HTO (steel jig)
Greener"
AM HTO (steel jig),Greener,climate change,847,0.887360604802443,"AM HTO (steel jig)
Greener"
AM HTO (steel jig),Greener,climate change,848,0.787252010112926,"AM HTO (steel jig)
Greener"
AM HTO (steel jig),Greener,climate change,849,0.8068786606505003,"AM HTO (steel jig)
Greener"
AM HTO (steel jig),Greener,climate change,850,0.6709079616895658,"AM HTO (steel jig)
Greener"
AM HTO (steel jig),Greener,climate change,851,0.7720999195003558,"AM HTO (steel jig)
Greener"
AM HTO (steel jig),Greener,climate change,852,0.895638676602512,"AM HTO (steel jig)
Greener"
AM HTO (steel jig),Greener,climate change,853,0.8879014806040311,"AM HTO (steel jig)
Greener"
AM HTO (steel jig),Greener,climate change,854,0.6867517177795388,"AM HTO (steel jig)
Greener"
AM HTO (steel jig),Greener,climate change,855,0.6718427916355033,"AM HTO (steel jig)
Greener"
AM HTO (steel jig),Greener,climate change,856,0.9531608700807421,"AM HTO (steel jig)
Greener"
AM HTO (steel jig),Greener,climate change,857,0.6973493531579692,"AM HTO (steel jig)
Greener"
AM HTO (steel jig),Greener,climate change,858,0.9116069435781121,"AM HTO (steel jig)
Greener"
AM HTO (steel jig),Greener,climate change,859,0.8014376864208884,"AM HTO (steel jig)
Greener"
AM HTO (steel jig),Greener,climate change,860,0.7116690114522929,"AM HTO (steel jig)
Greener"
AM HTO (steel jig),Greener,climate change,861,0.9656178654229565,"AM HTO (steel jig)
Greener"
AM HTO (steel jig),Greener,climate change,862,0.7143311565530185,"AM HTO (steel jig)
Greener"
AM HTO (steel jig),Greener,climate change,863,0.7461302489353658,"AM HTO (steel jig)
Greener"
AM HTO (steel jig),Greener,climate change,864,0.7265471659906497,"AM HTO (steel jig)
Greener"
AM HTO (steel jig),Greener,climate change,865,0.5679095721522776,"AM HTO (steel jig)
Greener"
AM HTO (steel jig),Greener,climate change,866,0.7224667990680329,"AM HTO (steel jig)
Greener"
AM HTO (steel jig),Greener,climate change,867,0.8851697491394804,"AM HTO (steel jig)
Greener"
AM HTO (steel jig),Greener,climate change,868,0.6343093997031856,"AM HTO (steel jig)
Greener"
AM HTO (steel jig),Greener,climate change,869,0.9461681235371341,"AM HTO (steel jig)
Greener"
AM HTO (steel jig),Greener,climate change,870,0.7614301405236552,"AM HTO (steel jig)
Greener"
AM HTO (steel jig),Greener,climate change,871,0.8280747892954734,"AM HTO (steel jig)
Greener"
AM HTO (steel jig),Greener,climate change,872,0.693134661605284,"AM HTO (steel jig)
Greener"
AM HTO (steel jig),Greener,climate change,873,0.7199329514103798,"AM HTO (steel jig)
Greener"
AM HTO (steel jig),Greener,climate change,874,0.9148352040285296,"AM HTO (steel jig)
Greener"
AM HTO (steel jig),Greener,climate change,875,0.8131016048454763,"AM HTO (steel jig)
Greener"
AM HTO (steel jig),Greener,climate change,876,0.7412165618382233,"AM HTO (steel jig)
Greener"
AM HTO (steel jig),Greener,climate change,877,0.9246937089072876,"AM HTO (steel jig)
Greener"
AM HTO (steel jig),Greener,climate change,878,0.6876074276620032,"AM HTO (steel jig)
Greener"
AM HTO (steel jig),Greener,climate change,879,0.7672352290967193,"AM HTO (steel jig)
Greener"
AM HTO (steel jig),Greener,climate change,880,0.8606850225345297,"AM HTO (steel jig)
Greener"
AM HTO (steel jig),Greener,climate change,881,0.7988057462885503,"AM HTO (steel jig)
Greener"
AM HTO (steel jig),Greener,climate change,882,0.7051252223835679,"AM HTO (steel jig)
Greener"
AM HTO (steel jig),Greener,climate change,883,0.7690141224058527,"AM HTO (steel jig)
Greener"
AM HTO (steel jig),Greener,climate change,884,0.8611000084759453,"AM HTO (steel jig)
Greener"
AM HTO (steel jig),Greener,climate change,885,0.8981157890796805,"AM HTO (steel jig)
Greener"
AM HTO (steel jig),Greener,climate change,886,0.7955422250157925,"AM HTO (steel jig)
Greener"
AM HTO (steel jig),Greener,climate change,887,0.7848247446169817,"AM HTO (steel jig)
Greener"
AM HTO (steel jig),Greener,climate change,888,0.7575472200639907,"AM HTO (steel jig)
Greener"
AM HTO (steel jig),Greener,climate change,889,0.7681954146641592,"AM HTO (steel jig)
Greener"
AM HTO (steel jig),Greener,climate change,890,0.8722642702874416,"AM HTO (steel jig)
Greener"
AM HTO (steel jig),Greener,climate change,891,0.8507013159716962,"AM HTO (steel jig)
Greener"
AM HTO (steel jig),Greener,climate change,892,0.8278528719526298,"AM HTO (steel jig)
Greener"
AM HTO (steel jig),Greener,climate change,893,1.0106395096020755,"AM HTO (steel jig)
Greener"
AM HTO (steel jig),Greener,climate change,894,0.8079607135515247,"AM HTO (steel jig)
Greener"
AM HTO (steel jig),Greener,climate change,895,0.6602301555066258,"AM HTO (steel jig)
Greener"
AM HTO (steel jig),Greener,climate change,896,0.675147110459195,"AM HTO (steel jig)
Greener"
AM HTO (steel jig),Greener,climate change,897,0.7768377866821933,"AM HTO (steel jig)
Greener"
AM HTO (steel jig),Greener,climate change,898,0.7346777457349873,"AM HTO (steel jig)
Greener"
AM HTO (steel jig),Greener,climate change,899,0.6879316112083296,"AM HTO (steel jig)
Greener"
AM HTO (steel jig),Greener,climate change,900,0.6639220070340083,"AM HTO (steel jig)
Greener"
AM HTO (steel jig),Greener,climate change,901,0.7416018807678609,"AM HTO (steel jig)
Greener"
AM HTO (steel jig),Greener,climate change,902,0.8636817522544497,"AM HTO (steel jig)
Greener"
AM HTO (steel jig),Greener,climate change,903,0.8508620450597487,"AM HTO (steel jig)
Greener"
AM HTO (steel jig),Greener,climate change,904,0.9152513331071266,"AM HTO (steel jig)
Greener"
AM HTO (steel jig),Greener,climate change,905,0.7388067638655196,"AM HTO (steel jig)
Greener"
AM HTO (steel jig),Greener,climate change,906,0.7853781562443406,"AM HTO (steel jig)
Greener"
AM HTO (steel jig),Greener,climate change,907,0.7229604048187264,"AM HTO (steel jig)
Greener"
AM HTO (steel jig),Greener,climate change,908,0.6818582039070396,"AM HTO (steel jig)
Greener"
AM HTO (steel jig),Greener,climate change,909,0.8326532963704021,"AM HTO (steel jig)
Greener"
AM HTO (steel jig),Greener,climate change,910,0.7072476820319561,"AM HTO (steel jig)
Greener"
AM HTO (steel jig),Greener,climate change,911,0.9042384575241592,"AM HTO (steel jig)
Greener"
AM HTO (steel jig),Greener,climate change,912,0.8071361597843549,"AM HTO (steel jig)
Greener"
AM HTO (steel jig),Greener,climate change,913,0.7934713461535837,"AM HTO (steel jig)
Greener"
AM HTO (steel jig),Greener,climate change,914,0.6305460762957863,"AM HTO (steel jig)
Greener"
AM HTO (steel jig),Greener,climate change,915,0.9392312895844548,"AM HTO (steel jig)
Greener"
AM HTO (steel jig),Greener,climate change,916,0.9242555506221788,"AM HTO (steel jig)
Greener"
AM HTO (steel jig),Greener,climate change,917,0.7387862746162744,"AM HTO (steel jig)
Greener"
AM HTO (steel jig),Greener,climate change,918,0.8250704649815018,"AM HTO (steel jig)
Greener"
AM HTO (steel jig),Greener,climate change,919,0.8465550317165005,"AM HTO (steel jig)
Greener"
AM HTO (steel jig),Greener,climate change,920,0.7479696149074395,"AM HTO (steel jig)
Greener"
AM HTO (steel jig),Greener,climate change,921,0.8365897155307302,"AM HTO (steel jig)
Greener"
AM HTO (steel jig),Greener,climate change,922,0.6655026060074927,"AM HTO (steel jig)
Greener"
AM HTO (steel jig),Greener,climate change,923,0.8230022135783186,"AM HTO (steel jig)
Greener"
AM HTO (steel jig),Greener,climate change,924,0.7973862650760959,"AM HTO (steel jig)
Greener"
AM HTO (steel jig),Greener,climate change,925,0.821857506625614,"AM HTO (steel jig)
Greener"
AM HTO (steel jig),Greener,climate change,926,0.7530110038942112,"AM HTO (steel jig)
Greener"
AM HTO (steel jig),Greener,climate change,927,0.7029318334009095,"AM HTO (steel jig)
Greener"
AM HTO (steel jig),Greener,climate change,928,0.7828550947189815,"AM HTO (steel jig)
Greener"
AM HTO (steel jig),Greener,climate change,929,0.8291737273132611,"AM HTO (steel jig)
Greener"
AM HTO (steel jig),Greener,climate change,930,0.6885396755369021,"AM HTO (steel jig)
Greener"
AM HTO (steel jig),Greener,climate change,931,0.7813253870234855,"AM HTO (steel jig)
Greener"
AM HTO (steel jig),Greener,climate change,932,0.8041199498289424,"AM HTO (steel jig)
Greener"
AM HTO (steel jig),Greener,climate change,933,0.7458350925405086,"AM HTO (steel jig)
Greener"
AM HTO (steel jig),Greener,climate change,934,0.7700751993985702,"AM HTO (steel jig)
Greener"
AM HTO (steel jig),Greener,climate change,935,0.7273163599547978,"AM HTO (steel jig)
Greener"
AM HTO (steel jig),Greener,climate change,936,0.7964286282479766,"AM HTO (steel jig)
Greener"
AM HTO (steel jig),Greener,climate change,937,0.7876806762909063,"AM HTO (steel jig)
Greener"
AM HTO (steel jig),Greener,climate change,938,0.8149754003680221,"AM HTO (steel jig)
Greener"
AM HTO (steel jig),Greener,climate change,939,0.741106384446344,"AM HTO (steel jig)
Greener"
AM HTO (steel jig),Greener,climate change,940,0.7429355202668793,"AM HTO (steel jig)
Greener"
AM HTO (steel jig),Greener,climate change,941,0.650836054264959,"AM HTO (steel jig)
Greener"
AM HTO (steel jig),Greener,climate change,942,0.897489336978663,"AM HTO (steel jig)
Greener"
AM HTO (steel jig),Greener,climate change,943,0.7043415819537915,"AM HTO (steel jig)
Greener"
AM HTO (steel jig),Greener,climate change,944,0.8028928252531448,"AM HTO (steel jig)
Greener"
AM HTO (steel jig),Greener,climate change,945,0.8397011365090079,"AM HTO (steel jig)
Greener"
AM HTO (steel jig),Greener,climate change,946,0.6149576812733395,"AM HTO (steel jig)
Greener"
AM HTO (steel jig),Greener,climate change,947,0.837306529995662,"AM HTO (steel jig)
Greener"
AM HTO (steel jig),Greener,climate change,948,0.649178176165334,"AM HTO (steel jig)
Greener"
AM HTO (steel jig),Greener,climate change,949,0.8537825107896754,"AM HTO (steel jig)
Greener"
AM HTO (steel jig),Greener,climate change,950,0.835870707167267,"AM HTO (steel jig)
Greener"
AM HTO (steel jig),Greener,climate change,951,0.6974367059160342,"AM HTO (steel jig)
Greener"
AM HTO (steel jig),Greener,climate change,952,0.7741992901562991,"AM HTO (steel jig)
Greener"
AM HTO (steel jig),Greener,climate change,953,0.8716424850412713,"AM HTO (steel jig)
Greener"
AM HTO (steel jig),Greener,climate change,954,0.813576281407159,"AM HTO (steel jig)
Greener"
AM HTO (steel jig),Greener,climate change,955,0.7505655299185843,"AM HTO (steel jig)
Greener"
AM HTO (steel jig),Greener,climate change,956,0.8396312965179967,"AM HTO (steel jig)
Greener"
AM HTO (steel jig),Greener,climate change,957,0.7754980002999176,"AM HTO (steel jig)
Greener"
AM HTO (steel jig),Greener,climate change,958,0.8692582767902891,"AM HTO (steel jig)
Greener"
AM HTO (steel jig),Greener,climate change,959,0.7812346694392804,"AM HTO (steel jig)
Greener"
AM HTO (steel jig),Greener,climate change,960,0.7321249609656825,"AM HTO (steel jig)
Greener"
AM HTO (steel jig),Greener,climate change,961,0.8107707558545972,"AM HTO (steel jig)
Greener"
AM HTO (steel jig),Greener,climate change,962,0.7544524493617981,"AM HTO (steel jig)
Greener"
AM HTO (steel jig),Greener,climate change,963,0.751870865319496,"AM HTO (steel jig)
Greener"
AM HTO (steel jig),Greener,climate change,964,0.8217414800229974,"AM HTO (steel jig)
Greener"
AM HTO (steel jig),Greener,climate change,965,0.8125357214528194,"AM HTO (steel jig)
Greener"
AM HTO (steel jig),Greener,climate change,966,0.736952265757086,"AM HTO (steel jig)
Greener"
AM HTO (steel jig),Greener,climate change,967,0.7152632056525661,"AM HTO (steel jig)
Greener"
AM HTO (steel jig),Greener,climate change,968,0.7763163266521951,"AM HTO (steel jig)
Greener"
AM HTO (steel jig),Greener,climate change,969,0.8245032902824811,"AM HTO (steel jig)
Greener"
AM HTO (steel jig),Greener,climate change,970,0.8446341458208668,"AM HTO (steel jig)
Greener"
AM HTO (steel jig),Greener,climate change,971,0.8713862820093018,"AM HTO (steel jig)
Greener"
AM HTO (steel jig),Greener,climate change,972,0.8230297708529615,"AM HTO (steel jig)
Greener"
AM HTO (steel jig),Greener,climate change,973,0.7625004011942661,"AM HTO (steel jig)
Greener"
AM HTO (steel jig),Greener,climate change,974,0.7776745428601295,"AM HTO (steel jig)
Greener"
AM HTO (steel jig),Greener,climate change,975,0.7450609351409863,"AM HTO (steel jig)
Greener"
AM HTO (steel jig),Greener,climate change,976,0.7560320097405381,"AM HTO (steel jig)
Greener"
AM HTO (steel jig),Greener,climate change,977,0.6666070238826994,"AM HTO (steel jig)
Greener"
AM HTO (steel jig),Greener,climate change,978,0.8499528347747946,"AM HTO (steel jig)
Greener"
AM HTO (steel jig),Greener,climate change,979,0.7965661130333083,"AM HTO (steel jig)
Greener"
AM HTO (steel jig),Greener,climate change,980,0.8835248011964638,"AM HTO (steel jig)
Greener"
AM HTO (steel jig),Greener,climate change,981,0.7815625709142787,"AM HTO (steel jig)
Greener"
AM HTO (steel jig),Greener,climate change,982,0.683209986223734,"AM HTO (steel jig)
Greener"
AM HTO (steel jig),Greener,climate change,983,0.9694961817624963,"AM HTO (steel jig)
Greener"
AM HTO (steel jig),Greener,climate change,984,0.947512590710086,"AM HTO (steel jig)
Greener"
AM HTO (steel jig),Greener,climate change,985,0.6996740627733453,"AM HTO (steel jig)
Greener"
AM HTO (steel jig),Greener,climate change,986,0.9307912541975217,"AM HTO (steel jig)
Greener"
AM HTO (steel jig),Greener,climate change,987,0.7539443094653444,"AM HTO (steel jig)
Greener"
AM HTO (steel jig),Greener,climate change,988,0.8785360949042011,"AM HTO (steel jig)
Greener"
AM HTO (steel jig),Greener,climate change,989,0.7141306822558032,"AM HTO (steel jig)
Greener"
AM HTO (steel jig),Greener,climate change,990,0.8423948285283653,"AM HTO (steel jig)
Greener"
AM HTO (steel jig),Greener,climate change,991,0.710412268658124,"AM HTO (steel jig)
Greener"
AM HTO (steel jig),Greener,climate change,992,0.7612202082643561,"AM HTO (steel jig)
Greener"
AM HTO (steel jig),Greener,climate change,993,0.7144332018463196,"AM HTO (steel jig)
Greener"
AM HTO (steel jig),Greener,climate change,994,0.7709049075061729,"AM HTO (steel jig)
Greener"
AM HTO (steel jig),Greener,climate change,995,0.708678884876016,"AM HTO (steel jig)
Greener"
AM HTO (steel jig),Greener,climate change,996,0.8591605909549164,"AM HTO (steel jig)
Greener"
AM HTO (steel jig),Greener,climate change,997,0.7976401457190406,"AM HTO (steel jig)
Greener"
AM HTO (steel jig),Greener,climate change,998,0.7794602076745506,"AM HTO (steel jig)
Greener"
AM HTO (steel jig),Greener,climate change,999,0.727602763730026,"AM HTO (steel jig)
Greener"
