scenario,energy_scenario,mean,median,minimum,maximum,25th Percentile,75th Percentile,IQR,hdi_90_lower,hdi_90_upper
AM HTO,Current,1.229615612994156,1.2165930597773724,0.9478700773430055,1.747043741165295,1.1399159066290723,1.3096032909215383,0.169687384292466,1.0309500497106303,1.4163348341425908
AM HTO,Greener,0.9601121797696083,0.9534109002195615,0.6839045296071723,1.5834041054097785,0.881092736927652,1.0302587557179659,0.14916601879031388,0.7892100309819099,1.1282625069980807
AM HTO (steel jig),Current,1.0947522981192022,1.0834525300376674,0.8458561233005577,1.6032721592234622,1.0114229015348082,1.1687227016344335,0.1572998000996253,0.917424564085634,1.2743467847769054
AM HTO (steel jig),Greener,0.759093848082149,0.7491712534913578,0.5381809224790883,1.3043818283845006,0.6935411654715036,0.8197173226481178,0.12617615717661423,0.6170002853040847,0.8941361035842578
CM HTO,Current,1.0,1.0,1.0,1.0,1.0,1.0,0.0,1.0,1.0
UKR,Current,3.5313680460114387,3.5026570823194145,2.744739986135832,4.606993501587086,3.2734592906891242,3.769835357976641,0.4963760672875166,3.042795369017584,4.046183234543985
